Comment,cwe_mapping_results
"// TODO: This appears to expect that the UML 1.3 tag name // will appear as a property name in an event, but with the // UML 1.4 switch to TagDefinitions, this won't work","{""cwe_mapping"": ""Based on the analysis provided, the Common Weakness Enumeration that best describes the issue is:\n- CWE-117: Improper Output Neutralization for Logs\n   - This weakness occurs when untrusted input is used to construct log entries, making it easier for attackers to inject malicious content into logs.\n\nAdditionally, based on the mention of outdated UML tag handling, another relevant CWE could be:\n- CWE-913: Improper Control of Dynamically-Managed Code Resources\n   - This weakness involves improper control over dynamically-managed code resources, which can lead to security vulnerabilities such as code execution or injection attacks."", ""details"": ""Successful CWE mapping""}"
// Appears to be gone from UML 2.x,"{""cwe_mapping"": ""N/a"", ""details"": ""N/a""}"
"/*          * This means that a new page will be shown before rendering is complete,          * however the correct location will be displayed.          * Attempts to use a ""page"" PropertyChangeListener to detect when the page          * has been loaded failed to work any better.           */","{""cwe_mapping"": ""N/a"", ""details"": ""N/a""}"
// result = this.workingCalendar.getTimeInMillis(); // preceding code won't work with JDK 1.3,"{""cwe_mapping"": ""N/a"", ""details"": ""N/a""}"
/* two plugins provide same class! */,"{""cwe_mapping"": ""N/a"", ""details"": ""N/a""}"
/**      * The constructor.<p>      *      * TODO: Is this constructor used? What is the purpose with it?      *      * @param n the name to be localized      * @param subs the go rules      */,"{""cwe_mapping"": ""N/a"", ""details"": ""N/a""}"
//TODO: is there a better way?,"{""cwe_mapping"": ""N/a"", ""details"": ""N/a""}"
"// Note: Registry based authority is being removed from a // new spec for URI which would obsolete RFC 2396. If the // spec is added to XML errata, processing of reg_name // needs to be removed. - mrglavas.","{""cwe_mapping"": ""Based on the analysis provided, the most suitable Common Weakness Enumeration (CWE) for this issue is:\nCWE-862: Missing Authorization\nDescription: The CWE-862 weakness occurs when there is an absence of proper access control mechanisms, possibly leading to unauthorized access to resources."", ""details"": ""Successful CWE mapping""}"
// TODO (@author fdietz): move this to AbstractMessageFolder constructor,"{""cwe_mapping"": ""Based on the analysis provided, the best match for the issue described would be CWE-710: Improper Adherence to Coding Standards. This weakness occurs when code does not follow recommended coding practices, such as moving code to a more appropriate location for security reasons."", ""details"": ""Successful CWE mapping""}"
// TODO: rounding mode should not be hard-coded. See #mode.,"{""cwe_mapping"": ""Based on the analysis provided, the best Common Weakness Enumeration (CWE) that describes the issue is:  \n- **CWE-710**: Improper Adherence to Coding Standards.  \n  Description: The hard-coding of the rounding mode is a violation of secure coding standards, outlining improper implementation practices."", ""details"": ""Successful CWE mapping""}"
// TODO: Encountering a deleted object during // any part of this traversal will // abort the rest of the traversal. // We probably should do the whole traversal // in a single MDR transaction.,"{""cwe_mapping"": ""Based on the provided SASD analysis response, the most appropriate Common Weakness Enumeration (CWE) for this issue is:\n\nCWE-404: Improper Resource Shutdown or Release\nDescription: The code may fail to properly release or shut down a resource, potentially leading to security vulnerabilities such as memory corruption or execution of arbitrary code.\n\nThis CWE relates to the potential vulnerability mentioned in the analysis, where encountering a deleted object during traversal could lead to an abort in the traversal process, indicating a failure to handle resources properly."", ""details"": ""Successful CWE mapping""}"
// TODO: this method is not present in MRI!,"{""cwe_mapping"": ""N/a"", ""details"": ""N/a""}"
"// todo : should this get moved to PersistentContext? // logically, is PersistentContext the ""thing"" to which an interceptor gets attached?","{""cwe_mapping"": ""Based on the analysis provided, the most suitable Common Weakness Enumeration (CWE) for the issue described is:\n\nCWE-807: Reliance on Untrusted Inputs in a Security Decision\nDescription: This weakness occurs when the software makes a security decision based on inputs that can be modified by attackers, leading to potential security vulnerabilities."", ""details"": ""Successful CWE mapping""}"
// defer argument checking,"{""cwe_mapping"": ""Based on the analysis provided, the most suitable Common Weakness Enumeration (CWE) for the issue described would be:\nCWE-252: Unchecked Return Value\n\nDescription: CWE-252 refers to cases where a function's return value is not checked, which could result in unintended consequences and security vulnerabilities."", ""details"": ""Successful CWE mapping""}"
// defer argument checking...,"{""cwe_mapping"": ""N/a"", ""details"": ""N/a""}"
// a redraw should NOT trigger another change event,"{""cwe_mapping"": ""N/a"", ""details"": ""N/a""}"
"//??? For now, use the same renderer as everyone else. //?? //?? IN FUTURE: change this to use a new instance of renederer //?? for this data type.","{""cwe_mapping"": ""Based on the provided analysis, the most relevant Common Weakness Enumeration (CWE) for the issue described is:\n- CWE-545: Use of Dynamic Class Loading\n\nCWE-545 describes cases where dynamic class loading is used to load and execute code at runtime, which can introduce security vulnerabilities if not properly implemented, possibly leading to code injection and unexpected behavior. In this case, the suggestion of changing the renderer to a new instance for a specific data type in the future may involve dynamic class loading, which can introduce security concerns if not carefully managed."", ""details"": ""Successful CWE mapping""}"
// TODO: Do we want the top level package here instead of the immediate // parent?,"{""cwe_mapping"": ""N/a"", ""details"": ""N/a""}"
"// if we don't have opt args, start after args (they will be assigned later) // this is for crap like def foo(a = (b = true; 1)) which numbers b before a // FIXME: only starting after required args, since opt args may access others // and rest args conflicts with compileRoot using ""0"" to indicate [] signature.","{""cwe_mapping"": ""Based on the analysis provided, the best Common Weakness Enumeration (CWE) that describes the issue is CWE-759: Use of a One-Way Hash without a Salt. This CWE relates to using a hash function without a salt, which can lead to security weaknesses in password storage."", ""details"": ""Successful CWE mapping""}"
"// todo: we should really just collect these from the various SelectExpressions, rather than regenerating here","{""cwe_mapping"": ""N/a"", ""details"": ""N/a""}"
// ??Need to tell object to display itself in a panel.,"{""cwe_mapping"": ""N/a"", ""details"": ""N/a""}"
// How many classes can we assign from? // TODO: there must be a nicer way...,"{""cwe_mapping"": ""N/a"", ""details"": ""N/a""}"
// TODO: This will need to be adapted to send undo/redo commands back // to our consumer (e.g. ArgoUML) if a new undo mechanism is implemented // for the Model subsystem - tfm,"{""cwe_mapping"": ""Based on the SASD analysis provided, the Common Weakness Enumeration (CWE) that best describes the issue is:\n- CWE-925: Improper Verification of Intent by Caller. \n  Description: The software does not confirm that a caller has the proper authority to perform a requested action, which could lead to unauthorized access and security vulnerabilities."", ""details"": ""Successful CWE mapping""}"
"// TODO: this should be more extensible... may be only // ""findPanelFor(target)"" if there is a panel why not show it?","{""cwe_mapping"": ""Based on the analysis provided, the most relevant Common Weakness Enumeration (CWE) for the issue described is:\n- CWE-285: Improper Authorization\n\nDescription: This weakness occurs when an application does not perform necessary authorization checks. In this case, showing panels without validating their necessity could lead to security risks if proper authorization checks are not in place."", ""details"": ""Successful CWE mapping""}"
"/**  * This is the ""main"" class for the GUI subsystem.<p>  *  * Users of the GUI subsystem, i.e. components that are to place themselves  * in any of the GUI components, register themselves in this class.<p>  *  * TODO: Add the rest of the registers to this.  *  * @author Linus Tolke  * @since 0.21.3  */","{""cwe_mapping"": ""Based on the analysis provided, the Common Weakness Enumeration that best describes the issue is CWE-759: Use of a One-Way Hash without a Salt. This weakness involves the use of a one-way hash without the use of a salt value, which can make it easier for attackers to crack passwords."", ""details"": ""Successful CWE mapping""}"
// TODO: need to get this back into the method signature...now is too late...,"{""cwe_mapping"": ""Based on the provided analysis, the most relevant Common Weakness Enumeration (CWE) for the described issue would be:\n\nCWE-670: Always-Incorrect Comment - This weakness involves software comments that are incorrect or do not reflect the actual implementation, leading to potential security vulnerabilities due to misunderstandings or misleading information."", ""details"": ""Successful CWE mapping""}"
/**      * Builds a default implementation for a class. The class is not owned by      * any model element by default. Users should not forget to add ownership.      *      * @return newly created Class      * TODO: This needs an extra parameter to specify the model/extent where      * the new element should be created.      */,"{""cwe_mapping"": ""Based on the provided SASD analysis response, the issue can be categorized under:\n\nCWE-134: Uncontrolled Format String\nDescription: The use of user-controlled input in format strings can lead to security vulnerabilities such as arbitrary code execution.\n\nCWE-285: Improper Authorization\nDescription: Failure to properly check and authorize user input can result in unauthorized access, exposing sensitive data or functionality."", ""details"": ""Successful CWE mapping""}"
/*      *      *      * Implement IDataSetUpdateableModel interface      * and IDataSetUpdateableTableModel interface      *      * TODO: THIS CODE WAS COPIED FROM ContentsTab.  IT SHOULD PROBABLY      * BE PUT INTO A COMMON LOCATION AND SHARED BY BOTH THIS      * CLASS AND ContentsTab.      *      *      */,"{""cwe_mapping"": ""Based on the provided analysis, the most suitable Common Weakness Enumeration (CWE) that aligns with the identified issue is CWE-798: Use of Hard-coded Credentials. CWE-798 specifically refers to the potential security risks associated with hard-coding credentials in code, which can lead to unauthorized access if not managed properly."", ""details"": ""Successful CWE mapping""}"
// *************  copied from ConcatTest  *************,"{""cwe_mapping"": ""N/a"", ""details"": ""N/a""}"
// TODO: Can this be made more restrictive? // Do we care about any attributes other than name? - tfm,"{""cwe_mapping"": ""N/a"", ""details"": ""N/a""}"
// from DUP_SETUP // rb_copy_generic_ivar from DUP_SETUP here ...unlikely..,"{""cwe_mapping"": ""N/a"", ""details"": ""N/a""}"
//TODO (@author fdietz): i18n,"{""cwe_mapping"": ""N/a"", ""details"": ""N/a""}"
// TODO: Document why we catch this.,"{""cwe_mapping"": ""Based on the analysis provided, the most suitable Common Weakness Enumeration (CWE) for this issue would be:\n\nCWE-346: Origin Validation Error\nDescription: This weakness occurs when the software does not validate or incorrectly validates the origin of input.\n\nThis CWE is related to the lack of documentation on why exceptions are caught, which could lead to security vulnerabilities due to improper handling of input validation."", ""details"": ""Successful CWE mapping""}"
// not needed,"{""cwe_mapping"": ""N/a"", ""details"": ""N/a""}"
// TODO: Why aren't we throwing an exception here? // Returning null results in NPE and no explanation why.,"{""cwe_mapping"": ""Based on the analysis provided, the issue described corresponds to CWE-476: NULL Pointer Dereference. This weakness occurs when a program dereferences a pointer that is expected to be valid but is NULL, leading to a NullPointerException."", ""details"": ""Successful CWE mapping""}"
// TODO: Do we need this? Is this the same as emptyFig.getHeight()?,"{""cwe_mapping"": ""N/a"", ""details"": ""N/a""}"
// TODO Binary incompatibility; an old override must override putAll.,"{""cwe_mapping"": ""Based on the analysis provided, the issue described aligns with CWE-670: Always-Incorrect Control Flow Implementation. This weakness involves incorrect or inconsistent control flow that can lead to security vulnerabilities, such as binary incompatibility due to an old override."", ""details"": ""Successful CWE mapping""}"
"/**      * Removes a listener, eventtype pair from the listener list.      *      * TODO: replace the listener implementation with a EventListenerList      * for better performance      *      * @param event the event to which the listener will not listen any more      * @param listener the listener to be removed      */","{""cwe_mapping"": ""Based on the provided analysis, the most suitable Common Weakness Enumeration for the identified issue is:\n- CWE-759: Use of a One-Way Hash without a Salt\n  Description: This weakness often results in vulnerabilities that could allow an attacker to have increased success in guessing derived hashes.\n\nThe issue is related to the need for replacing the listener implementation for better performance, which suggests a potential weakness in the handling of sensitive data."", ""details"": ""Successful CWE mapping""}"
// TODO: Tentative implementation. Do we want something that updates // the list of open projects or just simple open and close events? -tfm,"{""cwe_mapping"": ""Based on the analysis provided, the best CWE that describes the issue is CWE-548: Use of Overly Weak Cryptography. This CWE is applicable when the implementation indicates a tentative approach towards security, potentially leading to the adoption of weak or ineffective cryptographic measures, which can result in security debt."", ""details"": ""Successful CWE mapping""}"
// TODO: This shouldn't require two passes through the list - tfm,"{""cwe_mapping"": ""Based on the provided analysis, the most relevant Common Weakness Enumeration (CWE) for the described issue would be:\nCWE-843: Access of Resource Using Incompatible Type ('Type Confusion')\n\nDescription: This weakness occurs when a resource is accessed or manipulated using a type that is not compatible with the intended use of the resource, potentially leading to security vulnerabilities."", ""details"": ""Successful CWE mapping""}"
/* We need to extend the ExtensionMechanismsFactory so that                   * we can replace the above deprecated call with something like this: */,"{""cwe_mapping"": ""Based on the analysis provided, the most suitable Common Weakness Enumeration (CWE) for the issue described is:\n\nCWE-710: Improper Adherence to Coding Standards\nDescription: The issue involves not following coding standards, specifically the replacement of deprecated calls with new ones, indicating a lack of adherence to best practices, potentially introducing security weaknesses."", ""details"": ""Successful CWE mapping""}"
// ?R  | boolean | True if file is readable by the real uid/gid of the caller // FIXME: Need to implement an readable_real_p in FileTest,"{""cwe_mapping"": ""Based on the provided analysis, the most relevant Common Weakness Enumeration (CWE) for the issue described would be:\nCWE-732: Insecure Permission Assignment for Critical Resource\nDescription: The issue arises when incorrect or missing permission assignments are made for critical resources, which could lead to unauthorized access or permission escalation vulnerabilities."", ""details"": ""Successful CWE mapping""}"
//{{{ isSelectionRectangular() method,"{""cwe_mapping"": ""N/a"", ""details"": ""N/a""}"
// check if starting new column,"{""cwe_mapping"": ""N/a"", ""details"": ""N/a""}"
// shape sequence,"{""cwe_mapping"": ""N/a"", ""details"": ""N/a""}"
//i18n[ColumnListDialog.modifyTitle=Select Column To Modify],"{""cwe_mapping"": ""N/a"", ""details"": ""N/a""}"
"// variable is never read, variable is never live","{""cwe_mapping"": ""N/a"", ""details"": ""N/a""}"
//{{{ Constants,"{""cwe_mapping"": ""N/a"", ""details"": ""N/a""}"
//}}},"{""cwe_mapping"": ""N/a"", ""details"": ""N/a""}"
// -----  member variables  -----,"{""cwe_mapping"": ""N/a"", ""details"": ""N/a""}"
//set upperLeft point // x is minor,"{""cwe_mapping"": ""N/a"", ""details"": ""N/a""}"
//{{{ mouseDragged() method,"{""cwe_mapping"": ""N/a"", ""details"": ""N/a""}"
//// OUTLINE PAINT ////////////////////////////////////////////////////////,"{""cwe_mapping"": ""N/a"", ""details"": ""N/a""}"
// Bug can generate RTE,"{""cwe_mapping"": ""N/a"", ""details"": ""N/a""}"
// COLUMN_NAME,"{""cwe_mapping"": ""N/a"", ""details"": ""N/a""}"
// classify nodes by base path,"{""cwe_mapping"": ""N/a"", ""details"": ""N/a""}"
//{{{ ok() method,"{""cwe_mapping"": ""N/a"", ""details"": ""N/a""}"
// i18n[DatabaseMetaData.nullableTypeNoNulls=false],"{""cwe_mapping"": ""N/a"", ""details"": ""N/a""}"
// Sort the rows by the property name.,"{""cwe_mapping"": ""N/a"", ""details"": ""N/a""}"
//{{{ _backup() method,"{""cwe_mapping"": ""Based on the given analysis, the most relevant Common Weakness Enumeration (CWE) for the issue described would be:\nCWE-311: Missing Encryption of Sensitive Data\nDescription: This weakness occurs when sensitive data is not properly encrypted, potentially exposing it to unauthorized access or disclosure."", ""details"": ""Successful CWE mapping""}"
// a Long kept updated by advanceTime(),"{""cwe_mapping"": ""N/a"", ""details"": ""N/a""}"
"// user just entered the hour, so append min & sec","{""cwe_mapping"": ""Based on the analysis provided, the most appropriate Common Weakness Enumeration (CWE) for the issue described would be:\nCWE-89: Improper Neutralization of Special Elements used in an SQL Command ('SQL Injection')\nDescription: This weakness occurs when user-controllable data is concatenated directly into a SQL query in an unsafe manner.\n\nCWE-116: Improper Encoding or Escaping of Output ('Cross-site Scripting')\nDescription: This weakness occurs when untrusted data is sent to a web browser without proper escaping or encoding, leading to potential scripting attacks."", ""details"": ""Successful CWE mapping""}"
/*      * @see org.argouml.persistence.AbstractFilePersister#getDesc()      */,"{""cwe_mapping"": ""N/a"", ""details"": ""N/a""}"
// No point checking an empty keystore,"{""cwe_mapping"": ""N/a"", ""details"": ""N/a""}"
"// value is already on stack, save it for later","{""cwe_mapping"": ""N/a"", ""details"": ""N/a""}"
// Either the IEditingDomainItemProvider or ITreeItemContentProvider item provider interface can give us // the children. //,"{""cwe_mapping"": ""N/a"", ""details"": ""N/a""}"
//{{{ isVisible() method,"{""cwe_mapping"": ""Based on the provided analysis, the Common Weakness Enumeration (CWE) that best describes the issue is:\n- CWE-285: Improper Access Control\n  Description: The software does not restrict or incorrectly restricts access to a resource from an unauthorized actor."", ""details"": ""Successful CWE mapping""}"
//connect to the remote site (may take some time),"{""cwe_mapping"": ""N/a"", ""details"": ""N/a""}"
/* shape visible = */,"{""cwe_mapping"": ""N/a"", ""details"": ""N/a""}"
/*      * @see java.awt.event.ActionListener#actionPerformed(java.awt.event.ActionEvent)      */,"{""cwe_mapping"": ""N/a"", ""details"": ""N/a""}"
/*      * @see org.tigris.gef.presentation.Fig#paint(java.awt.Graphics)      */,"{""cwe_mapping"": ""N/a"", ""details"": ""N/a""}"
// add the listeners to the newOwner,"{""cwe_mapping"": ""N/a"", ""details"": ""N/a""}"
// Quadrant II & III,"{""cwe_mapping"": ""N/a"", ""details"": ""N/a""}"
/*      * @see junit.framework.TestCase#setUp()      */,"{""cwe_mapping"": ""N/a"", ""details"": ""N/a""}"
/*          * @see org.argouml.uml.ui.UMLComboBoxModel#isValidElement(Object)          */,"{""cwe_mapping"": ""N/a"", ""details"": ""N/a""}"
//{{{ getToolTipLocation() method,"{""cwe_mapping"": ""N/a"", ""details"": ""N/a""}"
// $NON-NLS-1$,"{""cwe_mapping"": ""N/a"", ""details"": ""N/a""}"
/* nothing done between begin/end calls */,"{""cwe_mapping"": ""N/a"", ""details"": ""N/a""}"
// deal with the resource collections,"{""cwe_mapping"": ""N/a"", ""details"": ""N/a""}"
// Try again after shutdown,"{""cwe_mapping"": ""N/a"", ""details"": ""N/a""}"
/* 	 * (non-Javadoc) 	 *  	 * @see net.sourceforge.squirrel_sql.plugins.dbcopy.dialects.HibernateDialect#getMaxPrecision(int) 	 */,"{""cwe_mapping"": ""N/a"", ""details"": ""N/a""}"
// all local and columns for the other tables..,"{""cwe_mapping"": ""N/a"", ""details"": ""N/a""}"
// Make sure all the data is flushed out,"{""cwe_mapping"": ""N/a"", ""details"": ""N/a""}"
// Users should not normally see this.,"{""cwe_mapping"": ""N/a"", ""details"": ""N/a""}"
//{{{ clear() method,"{""cwe_mapping"": ""Based on the provided analysis, the most appropriate Common Weakness Enumeration (CWE) that aligns with the issue described would be:\nCWE-710: Improper Adherence to Coding Standards\nDescription: This weakness encompasses deviations from coding standards or best practices that could lead to security vulnerabilities. In this case, the lack of adequate explanation or documentation in the clear() method could introduce security debt due to ambiguity or insufficient implementation guidance."", ""details"": ""Successful CWE mapping""}"
"// verify t belongs to the curve (range [0, _m-1])","{""cwe_mapping"": ""N/a"", ""details"": ""N/a""}"
// two jars same version // two jars same version,"{""cwe_mapping"": ""N/a"", ""details"": ""N/a""}"
//}}},"{""cwe_mapping"": ""N/a"", ""details"": ""N/a""}"
// calculate size and return it,"{""cwe_mapping"": ""N/a"", ""details"": ""N/a""}"
// line 896,"{""cwe_mapping"": ""N/a"", ""details"": ""N/a""}"
// Get the current classpath from the sysloader // through reflection,"{""cwe_mapping"": ""N/a"", ""details"": ""N/a""}"
//$NON-NLS-1$,"{""cwe_mapping"": ""N/a"", ""details"": ""N/a""}"
// check that the series visible flag is observed,"{""cwe_mapping"": ""N/a"", ""details"": ""N/a""}"
//overwrite old bundle,"{""cwe_mapping"": ""Based on the analysis provided, the most relevant Common Weakness Enumeration (CWE) for the issue described is CWE-520: Inadequate Access Control. This weakness involves the failure to enforce restrictions on what authenticated users can do, leading to potential unauthorized access to sensitive data."", ""details"": ""Successful CWE mapping""}"
"//tmpPosition is required because getPosition()'s side effects. //if the warning is generated, the getPosition() on line 954 (this line + 18) will create //a wrong position if the ""inclusive"" flag is not set.","{""cwe_mapping"": ""Based on the provided SASD analysis, the most relevant Common Weakness Enumeration (CWE) for the security issue is:\n\nCWE-703: Improper Check or Handling of Exceptional Conditions\nDescription: This weakness typically occurs due to errors in exception handling, leading to unintended behavior, including security vulnerabilities. It often involves not correctly handling cases that are outside the expected range of conditions.\n\nCWE-697: Incorrect Comparison\nDescription: This weakness is where an incorrect comparison is made in the code, leading to potential security vulnerabilities. In this case, the incorrect setting of the \""inclusive\"" flag may lead to wrong positions being created, posing a security risk."", ""details"": ""Successful CWE mapping""}"
// CheckStyle:VisibilityModifier ON,"{""cwe_mapping"": ""N/a"", ""details"": ""N/a""}"
/* Upper / Lower case */,"{""cwe_mapping"": ""N/a"", ""details"": ""N/a""}"
//{{{ getRowCount() method,"{""cwe_mapping"": ""N/a"", ""details"": ""N/a""}"
//negatives not allowed and lower range bound is zero //use data range bound instead,"{""cwe_mapping"": ""N/a"", ""details"": ""N/a""}"
//}}},"{""cwe_mapping"": ""N/a"", ""details"": ""N/a""}"
// i18n[mssql.allViews=All views],"{""cwe_mapping"": ""N/a"", ""details"": ""N/a""}"
/*1D400..1D7FF;*/,"{""cwe_mapping"": ""N/a"", ""details"": ""N/a""}"
// update tree model,"{""cwe_mapping"": ""N/a"", ""details"": ""N/a""}"
// Make the edge go between nearest points,"{""cwe_mapping"": ""N/a"", ""details"": ""N/a""}"
"// Required for MouseListener interface, but we only care about clicks","{""cwe_mapping"": ""N/a"", ""details"": ""N/a""}"
// eh?!,"{""cwe_mapping"": ""N/a"", ""details"": ""N/a""}"
// Compute the holder of the proxy //,"{""cwe_mapping"": ""N/a"", ""details"": ""N/a""}"
/* (non-Javadoc) 		 * @see javax.swing.table.DefaultTableModel#getRowCount() 		 */,"{""cwe_mapping"": ""N/a"", ""details"": ""N/a""}"
/* Font */,"{""cwe_mapping"": ""N/a"", ""details"": ""N/a""}"
//}}},"{""cwe_mapping"": ""N/a"", ""details"": ""N/a""}"
//i18n[ColumnDetailsDialog.tableNameLabel=Table Name: ],"{""cwe_mapping"": ""N/a"", ""details"": ""N/a""}"
// copy the source and support files,"{""cwe_mapping"": ""N/a"", ""details"": ""N/a""}"
//{{{ insertFile() method,"{""cwe_mapping"": ""N/a"", ""details"": ""N/a""}"
// DataType // 4.5.3.12 [1],"{""cwe_mapping"": ""N/a"", ""details"": ""N/a""}"
// we may have more than one statement in sql at this point,"{""cwe_mapping"": ""N/a"", ""details"": ""N/a""}"
// line 1381,"{""cwe_mapping"": ""N/a"", ""details"": ""N/a""}"
// drawVolume,"{""cwe_mapping"": ""N/a"", ""details"": ""N/a""}"
// out of byte range // there will be no match for sure,"{""cwe_mapping"": ""Based on the analysis provided, the most suitable Common Weakness Enumeration (CWE) for the identified security issue is:\nCWE-129: Improper Validation of Array Index\nDescription: The software does not properly validate input that could exceed the bounds of an array or other data structure, leading to potential memory corruption."", ""details"": ""Successful CWE mapping""}"
/* static methods only - hide constructor */,"{""cwe_mapping"": ""N/a"", ""details"": ""N/a""}"
// Primitive to arbitrary object type.  // Allow Primitive.castToType() to handle it as well as cases of  // Primitive.NULL and Primitive.VOID,"{""cwe_mapping"": ""Based on the provided SASD analysis response, the most suitable Common Weakness Enumeration (CWE) for the issue described would be:\nCWE-704: Incorrect Type Conversion or Cast \n\nDescription: The inappropriate conversion or casting of one data type to another can lead to security vulnerabilities, especially when dealing with primitives and object types. This can result in unexpected behavior and potential security weaknesses."", ""details"": ""Successful CWE mapping""}"
// ORPHAN DELETE (used for programmer error detection),"{""cwe_mapping"": ""N/a"", ""details"": ""N/a""}"
"// execute application, enabling blocking","{""cwe_mapping"": ""N/a"", ""details"": ""N/a""}"
//SimpleAnyTypeImpl,"{""cwe_mapping"": ""N/a"", ""details"": ""N/a""}"
/* (non-Javadoc)      * @see java.awt.event.ActionListener#actionPerformed(java.awt.event.ActionEvent)      */,"{""cwe_mapping"": ""N/a"", ""details"": ""N/a""}"
// We know that URL arguments should always be encoded in UTF-8 according to spec,"{""cwe_mapping"": ""N/a"", ""details"": ""N/a""}"
//$NON-NLS-1$ //$NON-NLS-1$,"{""cwe_mapping"": ""N/a"", ""details"": ""N/a""}"
// private DBUtils dbUtils;,"{""cwe_mapping"": ""N/a"", ""details"": ""N/a""}"
/*      * @see org.argouml.ui.explorer.rules.PerspectiveRule#getChildren(java.lang.Object)      */,"{""cwe_mapping"": ""N/a"", ""details"": ""N/a""}"
//ignore,"{""cwe_mapping"": ""N/a"", ""details"": ""N/a""}"
/*      * @see org.argouml.ui.explorer.rules.PerspectiveRule#getDependencies(java.lang.Object)      */,"{""cwe_mapping"": ""N/a"", ""details"": ""N/a""}"
// do nothing,"{""cwe_mapping"": ""N/a"", ""details"": ""N/a""}"
// i.e. is == null,"{""cwe_mapping"": ""N/a"", ""details"": ""N/a""}"
/* end class CrMultiComposite */,"{""cwe_mapping"": ""N/a"", ""details"": ""N/a""}"
// Column,"{""cwe_mapping"": ""N/a"", ""details"": ""N/a""}"
//{{{ unregister() method,"{""cwe_mapping"": ""N/a"", ""details"": ""N/a""}"
// collect entity and tool tip information...,"{""cwe_mapping"": ""N/a"", ""details"": ""N/a""}"
/*      * @see java.awt.event.MouseListener#mouseReleased(java.awt.event.MouseEvent)      */,"{""cwe_mapping"": ""N/a"", ""details"": ""N/a""}"
/*      * @see org.argouml.uml.diagram.ui.FigNodeModelElement#renderingChanged()      */,"{""cwe_mapping"": ""N/a"", ""details"": ""N/a""}"
//{{{ Expand the fold...,"{""cwe_mapping"": ""N/a"", ""details"": ""N/a""}"
// create stream from string,"{""cwe_mapping"": ""N/a"", ""details"": ""N/a""}"
//{{{ Position match hints,"{""cwe_mapping"": ""N/a"", ""details"": ""N/a""}"
"// lower all except the last upper case character if there are // more than one upper case characters in the beginning. // e.g. XSDElementContent -> xsdElementContent // However if the whole string is upper case, the whole string // is turned into lower case. // e.g. CPU -> cpu","{""cwe_mapping"": ""N/a"", ""details"": ""N/a""}"
// notify all listeners,"{""cwe_mapping"": ""N/a"", ""details"": ""N/a""}"
//}}},"{""cwe_mapping"": ""N/a"", ""details"": ""N/a""}"
// Oracle's 'TIMESTAMP WITH TIME ZONE' == -101 // Oracle's 'TIMESTAMP WITH LOCAL TIME ZONE' == // -102,"{""cwe_mapping"": ""Based on the given analysis, the most relevant Common Weakness Enumeration (CWE) for this issue would be CWE-89: Improper Neutralization of Special Elements used in an SQL Command ('SQL Injection'). This CWE describes vulnerabilities where an attacker can control the structure of an executed SQL command by using specific values, potentially leading to SQL injection attacks."", ""details"": ""Successful CWE mapping""}"
/*      * @see java.awt.event.ActionListener#actionPerformed(      *         java.awt.event.ActionEvent)      */,"{""cwe_mapping"": ""N/a"", ""details"": ""N/a""}"
// to be safe...,"{""cwe_mapping"": ""N/a"", ""details"": ""N/a""}"
// set name of column,"{""cwe_mapping"": ""N/a"", ""details"": ""N/a""}"
// mail folder tree,"{""cwe_mapping"": ""N/a"", ""details"": ""N/a""}"
// $NON-NLS-1$,"{""cwe_mapping"": ""N/a"", ""details"": ""N/a""}"
//{{{ toggleDockableWindow() method,"{""cwe_mapping"": ""N/a"", ""details"": ""N/a""}"
"// delete last ','","{""cwe_mapping"": ""N/a"", ""details"": ""N/a""}"
// Apply most specific signature matching,"{""cwe_mapping"": ""N/a"", ""details"": ""N/a""}"
//{{{ getFile() method,"{""cwe_mapping"": ""N/a"", ""details"": ""N/a""}"
//}}},"{""cwe_mapping"": ""N/a"", ""details"": ""N/a""}"
// incrementCurrent();,"{""cwe_mapping"": ""N/a"", ""details"": ""N/a""}"
//we ran out of ids to try,"{""cwe_mapping"": ""N/a"", ""details"": ""N/a""}"
// CheckStyle:VisibilityModifier OFF - bc,"{""cwe_mapping"": ""Based on the provided analysis, the most suitable Common Weakness Enumeration (CWE) for this issue is:\nCWE-494: Download of Code Without Integrity Check\nDescription: The developer's conscious decision to disable visibility modifier checks could potentially lead to unintended exposure of sensitive information or data within the application, compromising its security."", ""details"": ""Successful CWE mapping""}"
//{{{ Getters and setters,"{""cwe_mapping"": ""N/a"", ""details"": ""N/a""}"
// Check arguments,"{""cwe_mapping"": ""Based on the analysis provided, the most suitable Common Weakness Enumeration (CWE) for the identified issue is:\n\nCWE-807: Reliance on Untrusted Inputs in a Security Decision\nDescription: This weakness occurs when a program uses input from an untrusted source to determine security decisions, leading to vulnerabilities as other security measures may not be implemented or considered."", ""details"": ""Successful CWE mapping""}"
//add some time. We assume no OS has a granularity this bad,"{""cwe_mapping"": ""Based on the analysis provided, the most suitable Common Weakness Enumeration for the issue described would be:\nCWE-682: Incorrect Calculation\nDescription: The implementation assumes assumptions that can be incorrect, leading to vulnerabilities due to incorrect calculations or implementations."", ""details"": ""Successful CWE mapping""}"
// CheckStyle:VisibilityModifier ON,"{""cwe_mapping"": ""N/a"", ""details"": ""N/a""}"
//{{{ VFS methods,"{""cwe_mapping"": ""N/a"", ""details"": ""N/a""}"
// check null argument 1,"{""cwe_mapping"": ""Based on the SASD analysis response provided, the most suitable CWE for the issue described is CWE-690: Unchecked Return Value to NULL Pointer Dereference. This weakness occurs when a function or method returns a result that is not properly checked before being used, potentially leading to null pointer dereference."", ""details"": ""Successful CWE mapping""}"
/*         eClass.getESuperTypes().addAll(extend);         eClass.getESuperTypes().addAll(unspecified);         eClass.getESuperTypes().addAll(mixin);         eClass.getESuperTypes().addAll(nonClass);         */,"{""cwe_mapping"": ""N/a"", ""details"": ""N/a""}"
// 1,"{""cwe_mapping"": ""N/a"", ""details"": ""N/a""}"
//handle panning if we have a start point else unregister,"{""cwe_mapping"": ""N/a"", ""details"": ""N/a""}"
// means counting from end,"{""cwe_mapping"": ""N/a"", ""details"": ""N/a""}"
// go to next base segment group,"{""cwe_mapping"": ""N/a"", ""details"": ""N/a""}"
// test 1...,"{""cwe_mapping"": ""N/a"", ""details"": ""N/a""}"
// line 1054,"{""cwe_mapping"": ""N/a"", ""details"": ""N/a""}"
//{{{ setLimit() method,"{""cwe_mapping"": ""N/a"", ""details"": ""N/a""}"
"// do nothing, it's a non-impl method","{""cwe_mapping"": ""N/a"", ""details"": ""N/a""}"
// add Figs to the FigNode in back-to-front order,"{""cwe_mapping"": ""N/a"", ""details"": ""N/a""}"
"// special shortcut for id properties, skip the join! // this must only occur at the _end_ of a path expression","{""cwe_mapping"": ""N/a"", ""details"": ""N/a""}"
// now used as an interpreter event,"{""cwe_mapping"": ""N/a"", ""details"": ""N/a""}"
/* 	 * DataBase-related functions 	 */,"{""cwe_mapping"": ""N/a"", ""details"": ""N/a""}"
/*      * @see org.argouml.ui.explorer.rules.PerspectiveRule#getRuleName()      */,"{""cwe_mapping"": ""N/a"", ""details"": ""N/a""}"
/*      * The special value <code>null</code> is used internally to indicate that      * the default value should be inherited from the next level of settings.      */,"{""cwe_mapping"": ""Based on the analysis provided, the most suitable Common Weakness Enumeration (CWE) for this issue is CWE-116: Improper Encoding or Escaping of Output Values. CWE-116 relates to cases where software does not properly encode or escape special characters in output, which can lead to various security issues such as injection attacks."", ""details"": ""Successful CWE mapping""}"
"/*          featureMap.add(eStructuralFeature, cursor++, o);         expectedModCount = featureMap.getModCount();          ++entryCursor;          ++lastCursor;         // lastCursor = -1;         // prepared = 0; */","{""cwe_mapping"": ""Based on the analysis provided, the most suitable Common Weakness Enumeration (CWE) for the indicated security debt would be:\n\nCWE-325: Missing Required Cryptographic Step\nDescription: This weakness occurs when a developer identifies a security issue or task but defers addressing it, potentially leaving a security gap, as seen in the deferred initialization of cryptographic parameters."", ""details"": ""Successful CWE mapping""}"
//}}},"{""cwe_mapping"": ""N/a"", ""details"": ""N/a""}"
// first check the number we are plotting...,"{""cwe_mapping"": ""N/a"", ""details"": ""N/a""}"
// $NON-NLS-1$ // $NON-NLS-1$ // $NON-NLS-2$,"{""cwe_mapping"": ""N/a"", ""details"": ""N/a""}"
// Remember the system id of our root document so that we can write // out profiles and linked models to a different file if requested,"{""cwe_mapping"": ""N/a"", ""details"": ""N/a""}"
// Make the connection ready for sending post data,"{""cwe_mapping"": ""Based on the analysis provided, the best-suited Common Weakness Enumeration for this scenario is:\n- CWE-319: Cleartext Transmission of Sensitive Information\nDescription: The application transmits sensitive information over a network in cleartext, potentially exposing it to eavesdropping. This can lead to unauthorized disclosure of sensitive data."", ""details"": ""Successful CWE mapping""}"
//}}},"{""cwe_mapping"": ""N/a"", ""details"": ""N/a""}"
// private static final int ATTR_UNDERLINE = 3; // private static final int ATTR_BLINK = 5; // private static final int ATTR_REVERSE = 7; // private static final int ATTR_HIDDEN = 8;,"{""cwe_mapping"": ""N/a"", ""details"": ""N/a""}"
// i18n[UpdatePreferencesPanel.autoBorderLabel=Automatic Updates],"{""cwe_mapping"": ""N/a"", ""details"": ""N/a""}"
// ignore,"{""cwe_mapping"": ""N/a"", ""details"": ""N/a""}"
"// Can't be done in the general case of federated repositories, // but at least get what we can find for the current resource set","{""cwe_mapping"": ""Based on the analysis provided, the Common Weakness Enumeration (CWE) that best describes the issue is:\nCWE-210: Insufficient Input Validation \nDescription: This weakness occurs when input validation is not performed or inadequate, allowing attackers to craft malicious input to exploit the system.\n\nCWE-614: Sensitive Data Exposure\nDescription: This weakness occurs when sensitive information is not properly protected or secured, potentially leading to unauthorized access and disclosure of data."", ""details"": ""Successful CWE mapping""}"
"// This column actually consists of a row with two sub-columns // The first column contains the labels, and the second // column contains the fields.","{""cwe_mapping"": ""N/a"", ""details"": ""N/a""}"
// $NON-NLS-1$,"{""cwe_mapping"": ""N/a"", ""details"": ""N/a""}"
//}}},"{""cwe_mapping"": ""N/a"", ""details"": ""N/a""}"
"//setup for ""1e#""-style tick labels or regular // numeric tick labels, depending on flag:","{""cwe_mapping"": ""N/a"", ""details"": ""N/a""}"
// Fill 7 of value (byte) -19 // Fill 3 of value (byte) 33 // Fill 4 of value (byte) -19 // Fill 2 of value (byte) 33 // Fill 6 of value (byte) -19 // Fill 4 of value (byte) 33 // Fill 13 of value (byte) -19 // Fill 5 of value (byte) 33 // Fill 3 of value (byte) -19,"{""cwe_mapping"": ""N/a"", ""details"": ""N/a""}"
/* last expression should not be void */,"{""cwe_mapping"": ""Based on the analysis provided, the most appropriate Common Weakness Enumeration (CWE) for the identified issue is CWE-690: Unchecked Return Value to NULL Pointer Dereference. This weakness occurs when the return value of a function is not checked for NULL before being dereferenced, which can lead to security vulnerabilities."", ""details"": ""Successful CWE mapping""}"
//{{{ dispose() method,"{""cwe_mapping"": ""N/a"", ""details"": ""N/a""}"
// Nothing specified -> Fail,"{""cwe_mapping"": ""Based on the analysis provided, the Common Weakness Enumeration that best describes the issue is:\nCWE-710: Improper Adherence to Coding Standards\n\nDescription: This CWE is related to the failure to adhere to coding standards, potentially leading to security weaknesses, vulnerabilities, or issues in the codebase. In this case, the lack of specificity in code comments indicates a failure to adhere to proper coding standards, which can introduce security debt."", ""details"": ""Successful CWE mapping""}"
// Sampler selection,"{""cwe_mapping"": ""N/a"", ""details"": ""N/a""}"
// implements UnsharedComponent,"{""cwe_mapping"": ""N/a"", ""details"": ""N/a""}"
//}}},"{""cwe_mapping"": ""N/a"", ""details"": ""N/a""}"
//$NON-NLS-1$,"{""cwe_mapping"": ""N/a"", ""details"": ""N/a""}"
// This swaps the direction of m3:,"{""cwe_mapping"": ""N/a"", ""details"": ""N/a""}"
//cannot occur,"{""cwe_mapping"": ""N/a"", ""details"": ""N/a""}"
/*3300..33FF;*/,"{""cwe_mapping"": ""N/a"", ""details"": ""N/a""}"
"// If-test is false, need to re-initialize indexes","{""cwe_mapping"": ""N/a"", ""details"": ""N/a""}"
//{{{ getIdealIndentForLine() method,"{""cwe_mapping"": ""N/a"", ""details"": ""N/a""}"
"// about to delete last thing in field, so replace with null","{""cwe_mapping"": ""N/a"", ""details"": ""N/a""}"
// Extract the icon that is used by the tree control // for the current look and feel,"{""cwe_mapping"": ""N/a"", ""details"": ""N/a""}"
// just as if Enter was pressed in another // text field,"{""cwe_mapping"": ""N/a"", ""details"": ""N/a""}"
// i18n[UpdatePreferencesPanel.channel=Channel:],"{""cwe_mapping"": ""N/a"", ""details"": ""N/a""}"
// i18n[AbstractRefactoringDialog.showButtonLabel=Show SQL],"{""cwe_mapping"": ""N/a"", ""details"": ""N/a""}"
/*      * @see javax.swing.plaf.metal.MetalTheme#getControlTextFont()      */,"{""cwe_mapping"": ""N/a"", ""details"": ""N/a""}"
"// opt but no rest, must be at least required and no more than required + opt","{""cwe_mapping"": ""N/a"", ""details"": ""N/a""}"
//boolean iri = false;,"{""cwe_mapping"": ""N/a"", ""details"": ""N/a""}"
//}}},"{""cwe_mapping"": ""N/a"", ""details"": ""N/a""}"
// prefer re-generation of identity!,"{""cwe_mapping"": ""Based on the analysis provided, the most suitable Common Weakness Enumeration (CWE) for the identified issue is CWE-521: Weaknesses in Identifiers. \n\nCWE-521 describes weaknesses related to the improper handling of identifiers, such as usernames, passwords, or session tokens, which can lead to security vulnerabilities."", ""details"": ""Successful CWE mapping""}"
//{{{ getMinimumSize() method,"{""cwe_mapping"": ""N/a"", ""details"": ""N/a""}"
// set the local folder.,"{""cwe_mapping"": ""N/a"", ""details"": ""N/a""}"
// i18n[SQLFilterSheet.closeButtonLabel=Close],"{""cwe_mapping"": ""N/a"", ""details"": ""N/a""}"
// --,"{""cwe_mapping"": ""N/a"", ""details"": ""N/a""}"
// i18n[oracle.displaysSequenceDetails=Display sequence details],"{""cwe_mapping"": ""N/a"", ""details"": ""N/a""}"
// Empty.,"{""cwe_mapping"": ""Based on the analysis provided, the most suitable Common Weakness Enumeration (CWE) for the empty method body mentioned is CWE-398: Indicator of Poor Code Quality. This weakness occurs when a developer leaves empty or trivial code blocks that may indicate incomplete or deferred work, thereby potentially introducing security vulnerabilities."", ""details"": ""Successful CWE mapping""}"
//		case SESSION_BEAN_GRANT_AND_REVOKE: //            return FirebirdManagerGrantPreferenceBean.class.getClassLoader();,"{""cwe_mapping"": ""Based on the analysis provided, the Common Weakness Enumeration that best describes the issue is:\nCWE-829: Inclusion of Functionality from Untrusted Control Sphere\nDescription: The code indicates a potential security weakness related to class loading, suggesting that functionality from an untrusted control sphere may be included in the application, which can lead to security vulnerabilities."", ""details"": ""Successful CWE mapping""}"
// Register tabs to display in the details panel for table nodes.,"{""cwe_mapping"": ""N/a"", ""details"": ""N/a""}"
"// save various info about the column for use in user input validation // when editing table contents. // Note that the columnDisplaySize is included two times, where the // first // entry may be adjusted for actual display while the second entry is // the // size expected by the DB. // The isNullable() method returns three values that we convert into // two // by saying that if it is not known whether or not a column allows // nulls, // we will allow the user to enter nulls and any problems will be // caught // when they try to save the data to the DB","{""cwe_mapping"": ""N/a"", ""details"": ""N/a""}"
"// duplicate equal to add, so we continue","{""cwe_mapping"": ""N/a"", ""details"": ""N/a""}"
"// Check method, path and query sent","{""cwe_mapping"": ""N/a"", ""details"": ""N/a""}"
//{{{ processKeyEvent() method,"{""cwe_mapping"": ""N/a"", ""details"": ""N/a""}"
//OK // TODO ??,"{""cwe_mapping"": ""N/a"", ""details"": ""N/a""}"
//{{{ ParserRuleSet constructor,"{""cwe_mapping"": ""N/a"", ""details"": ""N/a""}"
//}}},"{""cwe_mapping"": ""N/a"", ""details"": ""N/a""}"
/* (non-Javadoc)      * @see net.sourceforge.squirrel_sql.fw.sql.ISQLDatabaseMetaData#supportsSchemasInDataManipulation()      */,"{""cwe_mapping"": ""N/a"", ""details"": ""N/a""}"
// Ignore.,"{""cwe_mapping"": ""N/a"", ""details"": ""N/a""}"
// this happens if ant is used with a project // helper that doesn't set the import.,"{""cwe_mapping"": ""Based on the given analysis, the issue described aligns with CWE-539: Use of Persistent Cookies Containing Sensitive Information. CWE-539 pertains to the use of persistent cookies to store sensitive information, which can lead to security vulnerabilities if not properly handled. In this case, the potential security weakness when the import is not set with a specific helper in Ant could lead to security risks related to sensitive information not being properly managed."", ""details"": ""Successful CWE mapping""}"
// just push nil for pragmas,"{""cwe_mapping"": ""N/a"", ""details"": ""N/a""}"
"// Link does not exist in UML2, a link is represented just as an // association","{""cwe_mapping"": ""N/a"", ""details"": ""N/a""}"
/* 			Lots of preconditions checked here... 			Once things are running smoothly we might comment these out 			(That's what assertions are for). 		*/,"{""cwe_mapping"": ""Based on the analysis provided, the best Common Weakness Enumeration (CWE) that describes the issue is:\nCWE-347: Improper Verification of Cryptographic Signature\nDescription: The developer's consideration of commenting out preconditions and relying solely on assertions for runtime checks can lead to improper security verification, potentially compromising the integrity of cryptographic signatures."", ""details"": ""Successful CWE mapping""}"
// special handling of operations while editing this data type,"{""cwe_mapping"": ""N/a"", ""details"": ""N/a""}"
// getFoo      => foo // getFoo(int) => foo(int),"{""cwe_mapping"": ""N/a"", ""details"": ""N/a""}"
"// Since this timer must be started when SQuirreL is launched, wait a couple of minutes for // SQuirreL to get done initializing the UI.","{""cwe_mapping"": ""N/a"", ""details"": ""N/a""}"
// We should not have a query string part,"{""cwe_mapping"": ""Based on the analysis provided, the most suitable Common Weakness Enumeration (CWE) for the security weakness described is CWE-89: Improper Neutralization of Special Elements used in an SQL Command ('SQL Injection'). This CWE relates to cases where user-controllable data is incorporated into SQL statements without proper validation or escaping, which can lead to SQL injection attacks."", ""details"": ""Successful CWE mapping""}"
/*          * @see java.awt.event.ActionListener#actionPerformed(java.awt.event.ActionEvent)          */,"{""cwe_mapping"": ""N/a"", ""details"": ""N/a""}"
// records the existance of an equal sign,"{""cwe_mapping"": ""Based on the analysis provided, the most suitable Common Weakness Enumeration (CWE) for the issue described would be:\nCWE-74: Improper Neutralization of Special Elements used in an Injection Attack ('Injection')\n\nDescription: This CWE identifies cases where untrusted input is not properly sanitized and can lead to injection attacks such as SQL injection, command injection, or similar vulnerabilities. In this case, the presence of an equal sign indicates a potential risk for injection attacks related to input validation."", ""details"": ""Successful CWE mapping""}"
//{{{ subregionOffsetToX() method,"{""cwe_mapping"": ""N/a"", ""details"": ""N/a""}"
// suppresses compiler warning,"{""cwe_mapping"": ""N/a"", ""details"": ""N/a""}"
//{{{ Instance variables,"{""cwe_mapping"": ""N/a"", ""details"": ""N/a""}"
//}}},"{""cwe_mapping"": ""N/a"", ""details"": ""N/a""}"
/*      * @see TargetListener#targetSet(TargetEvent)      */,"{""cwe_mapping"": ""N/a"", ""details"": ""N/a""}"
// @see TestRegexFunction for unit tests,"{""cwe_mapping"": ""N/a"", ""details"": ""N/a""}"
//}}} //}}},"{""cwe_mapping"": ""N/a"", ""details"": ""N/a""}"
//}}} //}}},"{""cwe_mapping"": ""N/a"", ""details"": ""N/a""}"
// builder.setDefaultButtonBarGapBorder();,"{""cwe_mapping"": ""N/a"", ""details"": ""N/a""}"
//}}},"{""cwe_mapping"": ""N/a"", ""details"": ""N/a""}"
// keepgenerated,"{""cwe_mapping"": ""N/a"", ""details"": ""N/a""}"
// never called,"{""cwe_mapping"": ""Based on the analysis provided, the Common Weakness Enumeration that best describes the issue is:\n\nCWE-561: Dead Code\nDescription: The presence of code that can never be executed, such as methods that are never called, can indicate areas of the code that are not being tested and potentially harbor vulnerabilities."", ""details"": ""Successful CWE mapping""}"
// pass command to scheduler,"{""cwe_mapping"": ""N/a"", ""details"": ""N/a""}"
// Add the type to the list of returned sqlResultTypes.,"{""cwe_mapping"": ""N/a"", ""details"": ""N/a""}"
// If the type also specifies a classifier... //,"{""cwe_mapping"": ""N/a"", ""details"": ""N/a""}"
// i18n[mssql.scriptUsers=Script database users and database roles],"{""cwe_mapping"": ""N/a"", ""details"": ""N/a""}"
// value is a List of Strings,"{""cwe_mapping"": ""N/a"", ""details"": ""N/a""}"
"// before any callbacks, etc, so subdeletions see that this deletion happened first","{""cwe_mapping"": ""N/a"", ""details"": ""N/a""}"
"/*              * The next one defaults to TRUE, to stay compatible with older              * ArgoUML versions that did not have this setting:              */","{""cwe_mapping"": ""N/a"", ""details"": ""N/a""}"
// find and add all subdirectories,"{""cwe_mapping"": ""N/a"", ""details"": ""N/a""}"
/*      * Just returns false.      *      * @see org.argouml.cognitive.Poster#canFixIt(org.argouml.cognitive.ToDoItem)      */,"{""cwe_mapping"": ""N/a"", ""details"": ""N/a""}"
/* 	 * (non-Javadoc) 	 *  	 * @see java.awt.event.ActionListener#actionPerformed(java.awt.event.ActionEvent) 	 */,"{""cwe_mapping"": ""N/a"", ""details"": ""N/a""}"
"//      add message ""0.eml"" as inputstream to folder","{""cwe_mapping"": ""N/a"", ""details"": ""N/a""}"
// Add menu.,"{""cwe_mapping"": ""N/a"", ""details"": ""N/a""}"
//}}},"{""cwe_mapping"": ""N/a"", ""details"": ""N/a""}"
/*      * @see org.argouml.uml.ui.UMLExpressionModel2#getExpression()      */,"{""cwe_mapping"": ""N/a"", ""details"": ""N/a""}"
// Allow for old format file without mechanism support,"{""cwe_mapping"": ""N/a"", ""details"": ""N/a""}"
// classic translator does not support collection of ordinal // param metadata,"{""cwe_mapping"": ""N/a"", ""details"": ""N/a""}"
//{{{ InstallButton class,"{""cwe_mapping"": ""N/a"", ""details"": ""N/a""}"
// line 636,"{""cwe_mapping"": ""N/a"", ""details"": ""N/a""}"
/*      * Create a data input text field      *      * @return the panel for entering the data      */,"{""cwe_mapping"": ""N/a"", ""details"": ""N/a""}"
// Cast input appropriately or throw exception,"{""cwe_mapping"": ""Based on the provided analysis, the best Common Weakness Enumeration (CWE) that describes the issue is:\nCWE-703: Improper Check or Handling of Exceptional Conditions\nDescription: This weakness occurs when exceptions are not handled securely, leading to potential security vulnerabilities in the code."", ""details"": ""Successful CWE mapping""}"
// register for status events,"{""cwe_mapping"": ""N/a"", ""details"": ""N/a""}"
//remove the .class,"{""cwe_mapping"": ""N/a"", ""details"": ""N/a""}"
// tooltip text,"{""cwe_mapping"": ""N/a"", ""details"": ""N/a""}"
// do nothing...this is just a hook for subclasses,"{""cwe_mapping"": ""N/a"", ""details"": ""N/a""}"
"// If there are delegated features, add only those that aren't already in this package to the end of the list. //","{""cwe_mapping"": ""N/a"", ""details"": ""N/a""}"
/*                  * Increment the symbol frequencies for the selected table.                  */,"{""cwe_mapping"": ""N/a"", ""details"": ""N/a""}"
// the constraint _must_ be owned by a namespace,"{""cwe_mapping"": ""Based on the analysis provided, the most relevant Common Weakness Enumeration (CWE) for this issue would be:\n\nCWE-732: Incorrect Permission Assignment for Critical Resource\nDescription: This weakness occurs when code does not properly assign permissions for a critical resource, such as ownership by a specific namespace in this case, leading to potential security vulnerabilities."", ""details"": ""Successful CWE mapping""}"
// Doesn't fit in buffer. Write immediately. // ensure nothing left to write,"{""cwe_mapping"": ""Based on the analysis provided, the most suitable Common Weakness Enumeration (CWE) for the issue described would be:\nCWE-119: Improper Restriction of Operations within the Bounds of a Memory Buffer\nDescription: This weakness occurs when software writes to a buffer which may cause a buffer overflow, potentially leading to exposure of sensitive data."", ""details"": ""Successful CWE mapping""}"
// Get previous state in stack. //,"{""cwe_mapping"": ""N/a"", ""details"": ""N/a""}"
//this.forceCacheRefresh = forceCacheRefresh;,"{""cwe_mapping"": ""N/a"", ""details"": ""N/a""}"
// NT Includes other types of Credentials,"{""cwe_mapping"": ""N/a"", ""details"": ""N/a""}"
// test null source,"{""cwe_mapping"": ""N/a"", ""details"": ""N/a""}"
// create composer model,"{""cwe_mapping"": ""N/a"", ""details"": ""N/a""}"
// $NON-NLS-1$ // $NON-NLS-1$,"{""cwe_mapping"": ""N/a"", ""details"": ""N/a""}"
/*      * @see org.argouml.uml.ui.UMLModelElementListModel2#isValidElement(Object)      */,"{""cwe_mapping"": ""N/a"", ""details"": ""N/a""}"
// wrap read() methods to track output buffer,"{""cwe_mapping"": ""Based on the provided analysis, the most relevant Common Weakness Enumeration (CWE) for the described Self-Admitted Security Debt in the code project is:\n\nCWE-116: Improper Encoding or Escaping of Output\nDescription: Improper encoding or escaping of output data can lead to various security vulnerabilities, such as injection attacks or cross-site scripting (XSS).\n\nThis CWE is relevant because the developer is aware of the need to track output buffer in the code, indicating a potential vulnerability related to output data handling that needs to be addressed."", ""details"": ""Successful CWE mapping""}"
// Prepare the Results tabbed pane,"{""cwe_mapping"": ""N/a"", ""details"": ""N/a""}"
//}}},"{""cwe_mapping"": ""N/a"", ""details"": ""N/a""}"
//to stop the class from being unloaded,"{""cwe_mapping"": ""N/a"", ""details"": ""N/a""}"
//The source was one of the referenced state's path which // has got a new name.,"{""cwe_mapping"": ""N/a"", ""details"": ""N/a""}"
"// a file, not in the root // since the jar may be one without directory // entries, add the parent dir of this file as // well.","{""cwe_mapping"": ""N/a"", ""details"": ""N/a""}"
//{{{ peekElement() method,"{""cwe_mapping"": ""N/a"", ""details"": ""N/a""}"
/* 	 * (non-Javadoc) 	 *  	 * @see java.awt.event.ActionListener#actionPerformed(java.awt.event.ActionEvent) 	 */,"{""cwe_mapping"": ""N/a"", ""details"": ""N/a""}"
"/*      * @see org.argouml.uml.cognitive.critics.CrUML#predicate2(      *      java.lang.Object, org.argouml.cognitive.Designer)      */","{""cwe_mapping"": ""N/a"", ""details"": ""N/a""}"
//{{{ Folding,"{""cwe_mapping"": ""N/a"", ""details"": ""N/a""}"
"/*                  * Complete the big bucket [ss] by quicksorting                  * any unsorted small buckets [ss, j].  Hopefully                  * previous pointer-scanning phases have already                  * completed many of the small buckets [ss, j], so                  * we don't have to sort them at all.                  */","{""cwe_mapping"": ""Based on the provided SASD analysis response, the issue can be mapped to the following Common Weakness Enumeration (CWE):\n\nCWE-592: Authentication Bypass by Assumed-Immutable Data\nDescription: The weakness is due to the assumption that certain data or state is immutable or properly initialized, leading to potential security weaknesses."", ""details"": ""Successful CWE mapping""}"
// Fill 3 of value (byte) -19,"{""cwe_mapping"": ""Based on the SASD analysis response provided, the most suitable Common Weakness Enumeration (CWE) for this issue would be:\nCWE-681: Incorrect Conversion between Numeric Types.\nDescription: The incorrect conversion of a numeric type can lead to unexpected behaviors, such as vulnerabilities due to the misuse of specific values like magic numbers (such as -19 in this case)."", ""details"": ""Successful CWE mapping""}"
// we have the whole contents of the CLOB,"{""cwe_mapping"": ""N/a"", ""details"": ""N/a""}"
// Column,"{""cwe_mapping"": ""N/a"", ""details"": ""N/a""}"
//inject the data,"{""cwe_mapping"": ""Based on the provided analysis, the issue of SASD identified in the comment \""//inject the data\"" is indicative of a potential vulnerability related to data injection attacks like SQL injection.\n\nThe most suitable Common Weakness Enumeration (CWE) to describe this issue is CWE-89: Improper Neutralization of Special Elements used in an SQL Command ('SQL Injection'). This CWE describes vulnerabilities resulting from improper neutralization of special elements within SQL commands, which can lead to manipulation of the database.\n\nTherefore, the specific CWE Number is CWE-89: Improper Neutralization of Special Elements used in an SQL Command ('SQL Injection')."", ""details"": ""Successful CWE mapping""}"
// Block and block pass passed in at same time....uh oh,"{""cwe_mapping"": ""N/a"", ""details"": ""N/a""}"
// try to set selection,"{""cwe_mapping"": ""N/a"", ""details"": ""N/a""}"
//{{{ sort() method,"{""cwe_mapping"": ""Based on the analysis provided, the best Common Weakness Enumeration (CWE) that describes the issue is:\nCWE-78: Improper Neutralization of Special Elements used in an OS Command ('OS Command Injection').\nDescription: This weakness involves improper neutralization of special elements in an OS command used in a sorting method, indicating potential security risks."", ""details"": ""Successful CWE mapping""}"
//TestCase/implementedGenOperation.override.javajetinc,"{""cwe_mapping"": ""N/a"", ""details"": ""N/a""}"
// state ~~~~~~~~~~~~~~~~~~~~~~~~~~~~~~~~~~~~~~~~~~~~~~~~~~~~~~~~~~~~~~~~~,"{""cwe_mapping"": ""N/a"", ""details"": ""N/a""}"
// $NON-NLS-1$ // $NON-NLS-1$,"{""cwe_mapping"": ""N/a"", ""details"": ""N/a""}"
"// A ""location"" attribute for a node within a // Path object.","{""cwe_mapping"": ""N/a"", ""details"": ""N/a""}"
// add duplicates as per bug,"{""cwe_mapping"": ""N/a"", ""details"": ""N/a""}"
"// If we have resolved to an EClass but we have an EAttribute, we can change it to be an EReference. //","{""cwe_mapping"": ""N/a"", ""details"": ""N/a""}"
// i18n[HQLPanelController.hqlToSqlSuccess=Generated {0} SQL(s) in {1} milliseconds.],"{""cwe_mapping"": ""N/a"", ""details"": ""N/a""}"
// expect the worst,"{""cwe_mapping"": ""N/a"", ""details"": ""N/a""}"
/*      * @see java.lang.Runnable#run()      */,"{""cwe_mapping"": ""N/a"", ""details"": ""N/a""}"
// OK // $NON-NLS-1$,"{""cwe_mapping"": ""N/a"", ""details"": ""N/a""}"
//}}},"{""cwe_mapping"": ""N/a"", ""details"": ""N/a""}"
// mark it as selected,"{""cwe_mapping"": ""Based on the provided SASD analysis response, the issue described aligns with CWE-346: Origin Validation Error.\nCWE-346 describes cases where software does not properly validate or incorrectly assumes the origin of data or information, leading to security vulnerabilities."", ""details"": ""Successful CWE mapping""}"
// i18n[DataSetUpdateableTableModelImpl.error.unknownerror=Unknown error during check on DB.  Update is probably not safe.\nDo you wish to proceed?],"{""cwe_mapping"": ""Based on the analysis provided, the Common Weakness Enumeration (CWE) that best describes the issue is:\nCWE-703: Improper Check or Handling of Exceptional Conditions\n\nDescription: This weakness occurs when a software does not appropriately handle errors or exceptions, leading to potential security vulnerabilities or unintended consequences.\n\nThis CWE aligns with the acknowledgement of an unknown error during a database check and the uncertainty regarding the safety of the update, highlighting the need for further investigation to ensure security."", ""details"": ""Successful CWE mapping""}"
/*  ================      *  Instance Methods      *  ================       */,"{""cwe_mapping"": ""N/a"", ""details"": ""N/a""}"
/* add the UDTs. */,"{""cwe_mapping"": ""N/a"", ""details"": ""N/a""}"
// TODO move to new standard location and rewrite test to be less static,"{""cwe_mapping"": ""Based on the analysis provided, the Common Weakness Enumeration that best describes the issue is:\n\nCWE-798: Use of Hard-coded Credentials\nDescription: The code not being in a secure location and the mention of moving to a new standard location suggests potential hard-coded credentials being used, which can introduce security vulnerabilities.\n\nCWE-691: Insufficient Control Flow Management\nDescription: The test not being robust enough and the mention of rewriting it indicates a potential lack of control flow management, introducing security weaknesses that need to be addressed."", ""details"": ""Successful CWE mapping""}"
// Or a feature map child? //,"{""cwe_mapping"": ""N/a"", ""details"": ""N/a""}"
//i18n[DropTableDialog.schemaLabel=Schema:],"{""cwe_mapping"": ""Based on the provided analysis, the issue described relates to potential SQL Injection vulnerability. The specific Common Weakness Enumeration (CWE) that best describes this issue is:\n\nCWE-89: Improper Neutralization of Special Elements used in an SQL Command ('SQL Injection')\nDescription: The software constructs all or part of an SQL command using externally-influenced input from an upstream component, but it does not neutralize or incorrectly neutralizes special elements that could modify the intended SQL command when it is sent to a downstream component."", ""details"": ""Successful CWE mapping""}"
//private Type[] sqlResultTypes;,"{""cwe_mapping"": ""N/a"", ""details"": ""N/a""}"
// args is either constructor arguments or array dimensions,"{""cwe_mapping"": ""N/a"", ""details"": ""N/a""}"
//$NON-NLS-1$,"{""cwe_mapping"": ""N/a"", ""details"": ""N/a""}"
"// do nothing. it's naive, but since // the utility is meant to parse access // logs the formatting should be correct","{""cwe_mapping"": ""N/a"", ""details"": ""N/a""}"
// Check if Columba is the default mail client,"{""cwe_mapping"": ""N/a"", ""details"": ""N/a""}"
/* update fold visibility map. */,"{""cwe_mapping"": ""N/a"", ""details"": ""N/a""}"
// Match against every other operation but this one. //,"{""cwe_mapping"": ""N/a"", ""details"": ""N/a""}"
// Create classes and their features,"{""cwe_mapping"": ""N/a"", ""details"": ""N/a""}"
// it doesn't handle special cases,"{""cwe_mapping"": ""Based on the analysis provided, the best Common Weakness Enumeration (CWE) that describes the issue is:\n\nCWE-807: Reliance on Untrusted Inputs in a Security Decision\nDescription: This weakness occurs when a software component does not properly handle or validate user inputs, potentially leading to security vulnerabilities and exploitation by attackers."", ""details"": ""Successful CWE mapping""}"
// find optimum height and map to range,"{""cwe_mapping"": ""N/a"", ""details"": ""N/a""}"
// line 1103,"{""cwe_mapping"": ""N/a"", ""details"": ""N/a""}"
// i18n[FactoryProviderController.fileCreated=File {0} has been successfully created.],"{""cwe_mapping"": ""N/a"", ""details"": ""N/a""}"
// repaint table header,"{""cwe_mapping"": ""N/a"", ""details"": ""N/a""}"
//{{{ getScreenLineEndOffset() method,"{""cwe_mapping"": ""N/a"", ""details"": ""N/a""}"
//$NON-NLS-1$,"{""cwe_mapping"": ""N/a"", ""details"": ""N/a""}"
//EcoreValidator,"{""cwe_mapping"": ""N/a"", ""details"": ""N/a""}"
/*          * wait for stream threads to die          *           */,"{""cwe_mapping"": ""N/a"", ""details"": ""N/a""}"
//}}},"{""cwe_mapping"": ""N/a"", ""details"": ""N/a""}"
"// Attempt to parse authority. If the section is an empty string // this is a valid server based authority, so set the host to this // value.","{""cwe_mapping"": ""Based on the analysis provided, the Common Weakness Enumeration (CWE) that best describes the issue is CWE-285: Improper Authorization. \n\nCWE-285: Improper Authorization\nDescription: The code setting the host value to an empty string may lead to misconfiguration or incorrect authorization if not handled properly, potentially resulting in unauthorized access to resources."", ""details"": ""Successful CWE mapping""}"
// draw average - SPECIAL AIMS REQUIREMENT,"{""cwe_mapping"": ""N/a"", ""details"": ""N/a""}"
// Continue with the established base URL.,"{""cwe_mapping"": ""N/a"", ""details"": ""N/a""}"
////////////////////////////////////////////////////////////////////////// // test inc methods //////////////////////////////////////////////////////////////////////////,"{""cwe_mapping"": ""N/a"", ""details"": ""N/a""}"
// aload_1 // load bean,"{""cwe_mapping"": ""N/a"", ""details"": ""N/a""}"
//}}},"{""cwe_mapping"": ""N/a"", ""details"": ""N/a""}"
//}}},"{""cwe_mapping"": ""Based on the provided analysis, the most relevant Common Weakness Enumeration (CWE) for the issue described is:\n\nCWE-703: Improper Check or Handling of Exceptional Conditions\n\nDescription: This CWE is related to incorrect handling of unexpected situations, such as incomplete or improperly closed code sections, leading to potential security vulnerabilities."", ""details"": ""Successful CWE mapping""}"
// If this isn't instanceof org.hibernate.type.CollectionType a NoSuchMethodException will be thrown,"{""cwe_mapping"": ""Based on the analysis provided, the most suitable Common Weakness Enumeration (CWE) for this issue is:\n- CWE-470: Use of Externally-Controlled Input to Select Classes or Code.\nThis CWE describes the risk of code attempting to invoke a function/method that does not exist, leading to potential issues like NoSuchMethodException, which can be exploited by attackers."", ""details"": ""Successful CWE mapping""}"
"//Font font = UIManager.getFont(""Label.font"");","{""cwe_mapping"": ""N/a"", ""details"": ""N/a""}"
"// field is not nullable or input was not a delete // // we have already handled all legal input, // so just tell user this is being ignored","{""cwe_mapping"": ""Based on the analysis provided, the Common Weakness Enumeration (CWE) that best describes the issue is:\nCWE-807: Reliance on Untrusted Inputs in a Security Decision\nDescription: This weakness occurs when the software makes decisions based on external inputs without properly validating or sanitizing them, which can lead to security vulnerabilities."", ""details"": ""Successful CWE mapping""}"
// draw path,"{""cwe_mapping"": ""N/a"", ""details"": ""N/a""}"
"// this will result in a slight speed up, since we // don't need to read the DTD anyway, as AElfred is // non-validating","{""cwe_mapping"": ""Based on the analysis provided, the potential security weakness best described by the Common Weakness Enumeration (CWE) would be:\nCWE-20: Improper Input Validation\nDescription: This weakness occurs when input is not validated properly, potentially leading to various security issues."", ""details"": ""Successful CWE mapping""}"
// Begin second unit of work,"{""cwe_mapping"": ""N/a"", ""details"": ""N/a""}"
// composer can either edit in html or plain text mode // listen for configuration changes,"{""cwe_mapping"": ""N/a"", ""details"": ""N/a""}"
// end class,"{""cwe_mapping"": ""N/a"", ""details"": ""N/a""}"
/* Implements JMeterGUIComponent.createTestElement() */,"{""cwe_mapping"": ""N/a"", ""details"": ""N/a""}"
// ITEM_LABELS_VISIBLE,"{""cwe_mapping"": ""N/a"", ""details"": ""N/a""}"
// end foreach map entry // end else,"{""cwe_mapping"": ""N/a"", ""details"": ""N/a""}"
"// We do not use getEncoding method of Writer, since that returns // the historical name","{""cwe_mapping"": ""N/a"", ""details"": ""N/a""}"
// Is there a supplied proc argument or do we assume a block was // supplied,"{""cwe_mapping"": ""N/a"", ""details"": ""N/a""}"
"// hide grid, otherwise can't see anything","{""cwe_mapping"": ""N/a"", ""details"": ""N/a""}"
// argument checking delegated...,"{""cwe_mapping"": ""N/a"", ""details"": ""N/a""}"
// Fill 2 of value (byte) -19 // Fill 2 of value (byte) 33 // Fill 4 of value (byte) -19 // Fill 2 of value (byte) 33,"{""cwe_mapping"": ""Based on the provided SASD analysis response, the Common Weakness Enumeration (CWE) that best describes the issue is:\nCWE-116: Improper Encoding or Escaping of Output.\nDescription: This weakness occurs when an application does not properly encode or escape the output that is sent to a user, which can lead to various attacks like Cross-Site Scripting (XSS)."", ""details"": ""Successful CWE mapping""}"
// Gone from UML 2.x //        throw new NotImplementedException();,"{""cwe_mapping"": ""N/a"", ""details"": ""N/a""}"
// NOI18N,"{""cwe_mapping"": ""N/a"", ""details"": ""N/a""}"
"/* At this stage during loading, the diagrams are          * not created yet - so we have to store this name for later use. */","{""cwe_mapping"": ""N/a"", ""details"": ""N/a""}"
//}}},"{""cwe_mapping"": ""N/a"", ""details"": ""N/a""}"
"// if there was a problem with converting, then just fall through // and continue as if there was no default given in the DB. // Otherwise, use the converted object","{""cwe_mapping"": ""Based on the provided analysis, the following Common Weakness Enumeration (CWE) best describes the issue:\nCWE-703: Improper Check or Handling of Exceptional Conditions\nDescription: The code does not properly handle or check for exceptional conditions, potentially leading to security vulnerabilities."", ""details"": ""Successful CWE mapping""}"
//{{{ xToOffset() method,"{""cwe_mapping"": ""N/a"", ""details"": ""N/a""}"
// line 1254,"{""cwe_mapping"": ""N/a"", ""details"": ""N/a""}"
// If this is 'elements' then create a new FROM element.,"{""cwe_mapping"": ""N/a"", ""details"": ""N/a""}"
// Fall tru,"{""cwe_mapping"": ""N/a"", ""details"": ""N/a""}"
// Formula for a is described in the overall class description.,"{""cwe_mapping"": ""N/a"", ""details"": ""N/a""}"
"// decimal form, like (but not *just* like!) 'f'","{""cwe_mapping"": ""N/a"", ""details"": ""N/a""}"
//load should work several times in a row,"{""cwe_mapping"": ""N/a"", ""details"": ""N/a""}"
// Fill 53 of value (byte) -19 // Fill 2 of value (byte) 33,"{""cwe_mapping"": ""N/a"", ""details"": ""N/a""}"
// Available specification version must be >= required,"{""cwe_mapping"": ""N/a"", ""details"": ""N/a""}"
// not reached,"{""cwe_mapping"": ""N/a"", ""details"": ""N/a""}"
// Ignore.,"{""cwe_mapping"": ""N/a"", ""details"": ""N/a""}"
// not found. start from // beginning,"{""cwe_mapping"": ""N/a"", ""details"": ""N/a""}"
// store every open frame in our temporary list,"{""cwe_mapping"": ""N/a"", ""details"": ""N/a""}"
// $NON-NLS-1$,"{""cwe_mapping"": ""N/a"", ""details"": ""N/a""}"
// $NON-NLS-1$ // $NON-NLS-1$ // $NON-NLS-1$,"{""cwe_mapping"": ""N/a"", ""details"": ""N/a""}"
// form integral number of 6-bit groups,"{""cwe_mapping"": ""N/a"", ""details"": ""N/a""}"
"// Get all the request properties, which are the headers set on the connection","{""cwe_mapping"": ""N/a"", ""details"": ""N/a""}"
// i18n[sqlbookmark.desc=Description:],"{""cwe_mapping"": ""N/a"", ""details"": ""N/a""}"
//{{{ updateWrapSettings() method,"{""cwe_mapping"": ""N/a"", ""details"": ""N/a""}"
"// if at least one property listed here is true, // load the plugin","{""cwe_mapping"": ""N/a"", ""details"": ""N/a""}"
// create a form builder,"{""cwe_mapping"": ""N/a"", ""details"": ""N/a""}"
// There used to be a frame.pack() here but it resized the frame // to be very wide if text output was used.,"{""cwe_mapping"": ""Based on the provided analysis, the best Common Weakness Enumeration (CWE) that describes the issue is:\n- CWE-116: Improper Output Neutralization for Logs\n  Description: The issue suggests that sensitive information might have been mistakenly logged or displayed as text output without proper neutralization, leading to potential security risks."", ""details"": ""Successful CWE mapping""}"
// $NON-NLS-1$,"{""cwe_mapping"": ""N/a"", ""details"": ""N/a""}"
// Force the configuration to load,"{""cwe_mapping"": ""N/a"", ""details"": ""N/a""}"
//}}},"{""cwe_mapping"": ""N/a"", ""details"": ""N/a""}"
/*++*/,"{""cwe_mapping"": ""N/a"", ""details"": ""N/a""}"
// replace some arguments by another field names (constants),"{""cwe_mapping"": ""N/a"", ""details"": ""N/a""}"
/*      * @see org.tigris.gef.presentation.Fig#getClosestPoint(java.awt.Point)      */,"{""cwe_mapping"": ""N/a"", ""details"": ""N/a""}"
// $NON-NLS-1$,"{""cwe_mapping"": ""N/a"", ""details"": ""N/a""}"
// Store the key,"{""cwe_mapping"": ""N/a"", ""details"": ""N/a""}"
// exit immediately,"{""cwe_mapping"": ""Based on the analysis provided, the best Common Weakness Enumeration (CWE) that describes the issue is:\nCWE-254: \tAbsolute Path Traversal\nDescription: The premature exit from the method without completing necessary security checks could allow an attacker to bypass security controls, leading to potential path traversal vulnerabilities."", ""details"": ""Successful CWE mapping""}"
//missing 2 private use add manually,"{""cwe_mapping"": ""Based on the provided analysis, the most suitable Common Weakness Enumeration (CWE) for the described issue is:\nCWE-269: Improper Privilege Management\nDescription: The code lacks proper implementation of access control mechanisms, potentially allowing unauthorized access to sensitive resources due to missing or insufficient privilege checks."", ""details"": ""Successful CWE mapping""}"
// url decode,"{""cwe_mapping"": ""N/a"", ""details"": ""N/a""}"
/* This sets the lineWidth of all in the group: */,"{""cwe_mapping"": ""N/a"", ""details"": ""N/a""}"
// $NON-NLS-1$,"{""cwe_mapping"": ""N/a"", ""details"": ""N/a""}"
// message contains list of attachments,"{""cwe_mapping"": ""N/a"", ""details"": ""N/a""}"
"/*       public RegularExpression createRegex(String regex, int options) throws ParseException {           Token tok = this.parse(regex, options);           return new RegularExpression(regex, tok, this.parennumber, this.hasBackReferences, options);       }       */","{""cwe_mapping"": ""Based on the analysis provided, the most relevant Common Weakness Enumeration (CWE) for this issue is:  \n\nCWE-807: Reliance on Untrusted Inputs in a Security Decision  \nDescription: The code may be vulnerable due to a lack of consideration for security implications when using regular expressions, allowing potential injection or other attacks through untrusted inputs."", ""details"": ""Successful CWE mapping""}"
"// Iterate through the alias,JoinSequence pairs and generate SQL token nodes.","{""cwe_mapping"": ""N/a"", ""details"": ""N/a""}"
// Wake up the others!,"{""cwe_mapping"": ""N/a"", ""details"": ""N/a""}"
/*    * Javadoc copied from interface.    */,"{""cwe_mapping"": ""N/a"", ""details"": ""N/a""}"
"// Don't include controlled children here, they'll show up under their container. //","{""cwe_mapping"": ""N/a"", ""details"": ""N/a""}"
// allow fixed thickness,"{""cwe_mapping"": ""N/a"", ""details"": ""N/a""}"
// perform split if there is more than 1 fragment,"{""cwe_mapping"": ""N/a"", ""details"": ""N/a""}"
// skip if user didn't enable this option,"{""cwe_mapping"": ""N/a"", ""details"": ""N/a""}"
// it is a removed file,"{""cwe_mapping"": ""N/a"", ""details"": ""N/a""}"
/* end class StylePanelFigPackage */,"{""cwe_mapping"": ""N/a"", ""details"": ""N/a""}"
//{{{ directoryLoaded() method,"{""cwe_mapping"": ""N/a"", ""details"": ""N/a""}"
//$NON-NLS-1$,"{""cwe_mapping"": ""N/a"", ""details"": ""N/a""}"
/*      * @param response @return      */,"{""cwe_mapping"": ""N/a"", ""details"": ""N/a""}"
////////////////////////////////////////////////////////////////////////// // test timeline translations //////////////////////////////////////////////////////////////////////////,"{""cwe_mapping"": ""N/a"", ""details"": ""N/a""}"
// required // required,"{""cwe_mapping"": ""N/a"", ""details"": ""N/a""}"
// hide splash screen,"{""cwe_mapping"": ""N/a"", ""details"": ""N/a""}"
// try a few checks to ensure that the clone is independent of the // original,"{""cwe_mapping"": ""N/a"", ""details"": ""N/a""}"
"// If the Add menu already exists, remove it.","{""cwe_mapping"": ""Based on the provided analysis, the most suitable Common Weakness Enumeration (CWE) for the described issue is:\n- CWE-350: Reliance on Reverse Engineering of a Security Mechanism\n  Description: This weakness involves situations where developers rely on the obscurity of code or design to prevent exploitation of security weaknesses, rather than implementing strong, secure mechanisms.\n\nAdditionally, the following CWE might also be relevant:\n- CWE-316: Cleartext Storage of Sensitive Information\n  Description: This weakness involves the storage of sensitive information in clear text format, making it easily accessible to potential attackers."", ""details"": ""Successful CWE mapping""}"
// Ignore if the directory does not exist. // This error will throw when running from the ant setup.,"{""cwe_mapping"": ""Based on the analysis provided, the most relevant Common Weakness Enumeration (CWE) for this issue is CWE-384: Session Fixation. \n\nCWE-384: Session fixation vulnerabilities occur when an attacker is able to force a known session identifier on a user."", ""details"": ""Successful CWE mapping""}"
// t1 depends on t2,"{""cwe_mapping"": ""N/a"", ""details"": ""N/a""}"
//{{{ createWindowTableScroller() method,"{""cwe_mapping"": ""N/a"", ""details"": ""N/a""}"
// $NON-NLS-1$,"{""cwe_mapping"": ""N/a"", ""details"": ""N/a""}"
//{{{ BrowserColorsModel constructor,"{""cwe_mapping"": ""N/a"", ""details"": ""N/a""}"
//}}},"{""cwe_mapping"": ""N/a"", ""details"": ""N/a""}"
// Initialize simple dependencies,"{""cwe_mapping"": ""N/a"", ""details"": ""N/a""}"
//}}},"{""cwe_mapping"": ""N/a"", ""details"": ""N/a""}"
//}}},"{""cwe_mapping"": ""N/a"", ""details"": ""N/a""}"
//}}},"{""cwe_mapping"": ""N/a"", ""details"": ""N/a""}"
// Ignore.,"{""cwe_mapping"": ""N/a"", ""details"": ""N/a""}"
// Read the first token.,"{""cwe_mapping"": ""N/a"", ""details"": ""N/a""}"
// toolTipGenerator,"{""cwe_mapping"": ""N/a"", ""details"": ""N/a""}"
// ALTER VIEW oldTableName RENAME TO newTableName; // RENAME oldTableName TO newTableName;,"{""cwe_mapping"": ""Based on the analysis provided, the best Common Weakness Enumeration (CWE) that describes the issue is:\nCWE-732: Insecure Permission Assignment for Critical Resource\n\nDescription: This weakness occurs when an application does not properly assign permissions to critical resources, potentially leading to unauthorized access or other security risks."", ""details"": ""Successful CWE mapping""}"
//{{{ getBottomDockingArea() method,"{""cwe_mapping"": ""N/a"", ""details"": ""N/a""}"
//{{{ getLastModified() method,"{""cwe_mapping"": ""Based on the analysis provided, the most relevant Common Weakness Enumeration (CWE) for the identified security debt would be:\n\nCWE-545: Use of Dynamic Code Evaluation\nDescription: The developer's acknowledgment of a deferred security fix implies potential usage of dynamic code evaluation, which can introduce vulnerabilities if not properly handled.\n\nThis CWE relates to situations where code is evaluated dynamically at runtime, which can open up the application to security risks if done incorrectly."", ""details"": ""Successful CWE mapping""}"
/*      * @see org.argouml.uml.ui.UMLModelElementListModel2#buildModelList()      */,"{""cwe_mapping"": ""N/a"", ""details"": ""N/a""}"
// line 616,"{""cwe_mapping"": ""N/a"", ""details"": ""N/a""}"
// large icon for toolbar,"{""cwe_mapping"": ""N/a"", ""details"": ""N/a""}"
// tickLabelPaint,"{""cwe_mapping"": ""N/a"", ""details"": ""N/a""}"
"// Modelled after c ruby implementation (java /,% not same as ruby)","{""cwe_mapping"": ""N/a"", ""details"": ""N/a""}"
//}}},"{""cwe_mapping"": ""N/a"", ""details"": ""N/a""}"
// CheckStyle:ParameterNumberCheck OFF - bc,"{""cwe_mapping"": ""N/a"", ""details"": ""N/a""}"
//The pw. If user name is anonymous this can be anything. But it has to be supplied anyway.,"{""cwe_mapping"": ""Based on the analysis provided, the most relevant Common Weakness Enumeration (CWE) for the described issue is:\n\nCWE-287: Improper Authentication\nDescription: This weakness occurs when an application does not properly authenticate users before granting access to sensitive resources or functionality. In this case, allowing any password to be used when the username is 'anonymous' represents an improper authentication method.\n\nCWE-522: Insufficiently Protected Credentials\nDescription: This weakness occurs when credentials are not adequately protected during transmission or storage. Allowing any password to be used with the username 'anonymous' could lead to insufficiently protected credentials being accepted for authentication."", ""details"": ""Successful CWE mapping""}"
//{{{ addNotify() method,"{""cwe_mapping"": ""Based on the provided analysis, the best Common Weakness Enumeration (CWE) that describes the issue is:\nCWE-835: Loop with Unreachable Exit Condition ('Infinite Loop')\nDescription: The code may contain a loop with a condition that can never be met, leading to an infinite loop and potential denial of service or system resource consumption issues."", ""details"": ""Successful CWE mapping""}"
// Calling connect() will add the edge to the GraphModel and // any LayerPersectives on that GraphModel will get a // edgeAdded event and will add an appropriate FigEdge // (determined by the GraphEdgeRenderer).,"{""cwe_mapping"": ""N/a"", ""details"": ""N/a""}"
// TODO: What?,"{""cwe_mapping"": ""N/a"", ""details"": ""N/a""}"
// $NON-NLS-1$,"{""cwe_mapping"": ""N/a"", ""details"": ""N/a""}"
// local constraint,"{""cwe_mapping"": ""N/a"", ""details"": ""N/a""}"
// execute command -> use mock object class as worker which does // nothing,"{""cwe_mapping"": ""Based on the analysis provided, the most relevant Common Weakness Enumeration (CWE) for the issue described is CWE-691: Insufficient Control Flow Management. This weakness occurs when control flow paths are not properly managed, potentially leading to security vulnerabilities due to ineffective or unused code execution paths."", ""details"": ""Successful CWE mapping""}"
//{{{ getSelectionColor() method,"{""cwe_mapping"": ""N/a"", ""details"": ""N/a""}"
// Even primitives should be represented by a data type with a conventional (i.e. capitalized) name. //,"{""cwe_mapping"": ""N/a"", ""details"": ""N/a""}"
/*      * We use FILE versus IO to match T_FILE in MRI.      */,"{""cwe_mapping"": ""N/a"", ""details"": ""N/a""}"
// offset the start of the boxes if the total width used is smaller // than the category width,"{""cwe_mapping"": ""N/a"", ""details"": ""N/a""}"
//$NON-NLS-1$ //$NON-NLS-1$ //$NON-NLS-1$ //$NON-NLS-1$ //$NON-NLS-1$ //$NON-NLS-1$ //$NON-NLS-1$ //$NON-NLS-1$ //$NON-NLS-1$ //$NON-NLS-1$,"{""cwe_mapping"": ""Based on the analysis provided, the most relevant Common Weakness Enumeration for this situation would be:\nCWE-242: Use of Inherently Dangerous Function\nDescription: The repeated //$NON-NLS-1$ comments indicate a potential lack of proper internationalization handling, leading to security vulnerabilities."", ""details"": ""Successful CWE mapping""}"
"// Split constraint body, if user wants us to","{""cwe_mapping"": ""N/a"", ""details"": ""N/a""}"
//}}},"{""cwe_mapping"": ""N/a"", ""details"": ""N/a""}"
"// Most browsers use ISO-8859-1 as default encoding, even if spec says UTF-8","{""cwe_mapping"": ""Based on the provided analysis, the most suitable Common Weakness Enumeration (CWE) for the described issue is CWE-116: Improper Encoding or Escaping of Output. CWE-116 specifically deals with cases where the software does not properly encode or escape output, leaving it vulnerable to various attacks, such as XSS (Cross-Site Scripting) or injection attacks due to different encodings used by different browsers."", ""details"": ""Successful CWE mapping""}"
// done processing args,"{""cwe_mapping"": ""N/a"", ""details"": ""N/a""}"
// Add the binding to the provided hash table: //,"{""cwe_mapping"": ""N/a"", ""details"": ""N/a""}"
// add a subtitle giving the data source,"{""cwe_mapping"": ""N/a"", ""details"": ""N/a""}"
"/*      * If non-null, then any argument list passed to invoke() will be ignored.      */","{""cwe_mapping"": ""N/a"", ""details"": ""N/a""}"
// i18n[UdfDetailsTab.hint=Display UDF details],"{""cwe_mapping"": ""N/a"", ""details"": ""N/a""}"
//////////////////////////////////////////////////////////////////////////,"{""cwe_mapping"": ""N/a"", ""details"": ""N/a""}"
// Guaranteed to return a non-null array,"{""cwe_mapping"": ""N/a"", ""details"": ""N/a""}"
"//add in any extra files. //this is an error in mono, but we do not warn on it as they may fix that outside //the ant build cycle.","{""cwe_mapping"": ""N/a"", ""details"": ""N/a""}"
//{{{ Position methods,"{""cwe_mapping"": ""N/a"", ""details"": ""N/a""}"
// backgroundImage,"{""cwe_mapping"": ""N/a"", ""details"": ""N/a""}"
// Disable DELETE and BROWSE if there are no rows in the table to delete.,"{""cwe_mapping"": ""Based on the SASD analysis provided, the most relevant Common Weakness Enumeration (CWE) for this issue is CWE-611: Improper Restriction of XML External Entity Reference ('XXE'). This weakness occurs when an application processing XML input does not properly restrict entities that can be defined in the DTD, which can result in the disclosure of confidential data or server-side request forgery (SSRF)."", ""details"": ""Successful CWE mapping""}"
// name of font,"{""cwe_mapping"": ""N/a"", ""details"": ""N/a""}"
// save action has been cancelled,"{""cwe_mapping"": ""N/a"", ""details"": ""N/a""}"
"// shortcut key // no shortcut here, because F10 conflicts with system accelerator key // putValue(ACCELERATOR_KEY, KeyStroke.getKeyStroke(KeyEvent.VK_F10, // 0));","{""cwe_mapping"": ""Based on the analysis provided, the issue aligns with CWE-442: Missing Authorization. This weakness occurs when an application does not properly verify whether a user is authorized to perform a certain action, potentially leading to security vulnerabilities."", ""details"": ""Successful CWE mapping""}"
"// otherwise, there's a receiver, so we pass that in directly for the sclass logic","{""cwe_mapping"": ""N/a"", ""details"": ""N/a""}"
/* 	 * (non-Javadoc) 	 *  	 * @see org.columba.calendar.ui.calendar.api.ICalendarView#viewToday() 	 */,"{""cwe_mapping"": ""N/a"", ""details"": ""N/a""}"
// ignored,"{""cwe_mapping"": ""N/a"", ""details"": ""N/a""}"
// check independence,"{""cwe_mapping"": ""N/a"", ""details"": ""N/a""}"
//{{{ setValue() method,"{""cwe_mapping"": ""N/a"", ""details"": ""N/a""}"
//MappingFactory,"{""cwe_mapping"": ""N/a"", ""details"": ""N/a""}"
//$NON-NLS-1$,"{""cwe_mapping"": ""N/a"", ""details"": ""N/a""}"
//}}},"{""cwe_mapping"": ""N/a"", ""details"": ""N/a""}"
// rerouting the destination:,"{""cwe_mapping"": ""N/a"", ""details"": ""N/a""}"
//}}},"{""cwe_mapping"": ""N/a"", ""details"": ""N/a""}"
// no matching method found,"{""cwe_mapping"": ""N/a"", ""details"": ""N/a""}"
//{{{ LineContext class,"{""cwe_mapping"": ""N/a"", ""details"": ""N/a""}"
// Span across two columns,"{""cwe_mapping"": ""CWE-20: Improper Input Validation\nDescription: The software does not properly validate input, allowing an attacker to craft malicious input that can cause unexpected behavior or compromise the system's security.\n\nCWE-89: Improper Neutralization of Special Elements used in an SQL Command ('SQL Injection')\nDescription: The software constructs SQL commands using untrusted data without proper validation or sanitization, allowing attackers to inject malicious SQL code and manipulate the database."", ""details"": ""Successful CWE mapping""}"
// Add child to parent,"{""cwe_mapping"": ""N/a"", ""details"": ""N/a""}"
/*      * @see org.argouml.uml.ui.UMLComboBoxModel#buildModelList()      */,"{""cwe_mapping"": ""N/a"", ""details"": ""N/a""}"
// Save hostname for ResultSaver // $NON_NLS-1$,"{""cwe_mapping"": ""N/a"", ""details"": ""N/a""}"
// description,"{""cwe_mapping"": ""N/a"", ""details"": ""N/a""}"
/*          * @see java.awt.event.ActionListener#actionPerformed(java.awt.event.ActionEvent)          */,"{""cwe_mapping"": ""N/a"", ""details"": ""N/a""}"
// check null argument,"{""cwe_mapping"": ""Based on the analysis provided, the identified Common Weakness Enumeration that best describes the issue is:\nCWE-695: Null Pointer Dereference\n\nDescription: CWE-695 describes a situation where a pointer that is dereferenced is null, leading to a crash or unexpected behavior. In this case, the developer's acknowledgment of the importance of input validation but potential incomplete implementation suggests a risk of null pointer dereference vulnerabilities."", ""details"": ""Successful CWE mapping""}"
"/*      * Returns the selection value as a int,      * with the value set to zero if it is out of range.      */","{""cwe_mapping"": ""N/a"", ""details"": ""N/a""}"
// N.B. This needs to divert the log for SampleResult,"{""cwe_mapping"": ""N/a"", ""details"": ""N/a""}"
"// now draw the outlines, if visible...","{""cwe_mapping"": ""Based on the analysis provided, the most fitting Common Weakness Enumeration for the issue described in the code comment would be:\n\nCWE-285: Improper Authorization\nDescription: This weakness occurs when an application does not properly ensure that the authorization process properly verifies the user, leading to potential unauthorized access."", ""details"": ""Successful CWE mapping""}"
// save the original value for re-use by CLOB/BLOB types in conversion,"{""cwe_mapping"": ""N/a"", ""details"": ""N/a""}"
//}}},"{""cwe_mapping"": ""N/a"", ""details"": ""N/a""}"
"// for each element in the ""not use"" set, if selected then add to ""use"", // otherwise add to new ""not use"" set","{""cwe_mapping"": ""N/a"", ""details"": ""N/a""}"
// if user adds mode buffer-local property,"{""cwe_mapping"": ""Based on the provided analysis, the most suitable Common Weakness Enumeration for the described issue would be:\nCWE-119: Improper Restriction of Operations within the Bounds of a Memory Buffer.\nDescription: This weakness occurs when an application provides access to data outside the intended buffer, potentially leading to buffer overflows or underflows."", ""details"": ""Successful CWE mapping""}"
// create stream from string,"{""cwe_mapping"": ""N/a"", ""details"": ""N/a""}"
// delegate already handles PK columns,"{""cwe_mapping"": ""N/a"", ""details"": ""N/a""}"
//_driversListWindow.nowVisible(true);,"{""cwe_mapping"": ""N/a"", ""details"": ""N/a""}"
//{{{ setIgnoreCase() method,"{""cwe_mapping"": ""N/a"", ""details"": ""N/a""}"
// Time and Date Functions ~~~~~~~~~~~~~~~~~~~~~~~~~~~~~~~~~~~~~~~~~~~~~~~~~~~~~~~~~~~~~~~~~~~~~~~~~~~~~~~~~~~~~,"{""cwe_mapping"": ""N/a"", ""details"": ""N/a""}"
// UNDONE,"{""cwe_mapping"": ""N/a"", ""details"": ""N/a""}"
// CheckStyle:VisibilityModifier ON,"{""cwe_mapping"": ""N/a"", ""details"": ""N/a""}"
// Needs to be done before any GUI classes are instantiated,"{""cwe_mapping"": ""Based on the analysis provided, the most suitable Common Weakness Enumeration (CWE) for the identified issue is CWE-15: External Control of System or Configuration Setting. This weakness occurs when the software does not properly enforce the applicable security constraints or settings associated with a resource."", ""details"": ""Successful CWE mapping""}"
//Ignore manifest entries.  They're bound to cause conflicts between //files that are being merged.  User should supply their own //manifest file when doing the merge.,"{""cwe_mapping"": ""Based on the analysis provided, the most relevant Common Weakness Enumeration (CWE) for the described issue would be:\nCWE-494: Download of Code Without Integrity Check. \n\nDescription: This weakness occurs when software downloads code from a source without checking the integrity of the code, which can lead to security vulnerabilities."", ""details"": ""Successful CWE mapping""}"
// no childs - we have a leaf view (i.e. with contents),"{""cwe_mapping"": ""N/a"", ""details"": ""N/a""}"
// Ensure that the sample save config is not shared between copied nodes // N.B. clone only seems to be used for client-server tests,"{""cwe_mapping"": ""Based on the provided analysis, the Common Weakness Enumeration (CWE) that best describes the issue is:\n- CWE-525: Information Exposure Through an Error Message\n  Description: The sharing of sensitive configuration information between nodes can lead to the exposure of potentially critical information through error messages or other means."", ""details"": ""Successful CWE mapping""}"
// Fill 7 of value (byte) -19,"{""cwe_mapping"": ""N/a"", ""details"": ""N/a""}"
//}}},"{""cwe_mapping"": ""N/a"", ""details"": ""N/a""}"
// First (left) tab,"{""cwe_mapping"": ""N/a"", ""details"": ""N/a""}"
//{{{ ActionHandler class,"{""cwe_mapping"": ""N/a"", ""details"": ""N/a""}"
"//++ These names are used in the JMX files, and must not be changed","{""cwe_mapping"": ""N/a"", ""details"": ""N/a""}"
//////////////////////////////////////////////////////////////// // critiquing,"{""cwe_mapping"": ""N/a"", ""details"": ""N/a""}"
// convert the condition string to an int which is easier to handle,"{""cwe_mapping"": ""N/a"", ""details"": ""N/a""}"
// module is on top of stack,"{""cwe_mapping"": ""Based on the SASD analysis response provided, the most suitable Common Weakness Enumeration (CWE) for the issue described is:\nCWE-691: Insufficient Control Flow Management\nDescription: The code does not properly manage control flow, allowing an attacker to manipulate the execution path.\n\nThis CWE fits the description of potential vulnerability related to the stack data structure and suggests that the developer is aware of the security risk but has not addressed it, as indicated in the analysis."", ""details"": ""Successful CWE mapping""}"
//{{{ smartEnd() method,"{""cwe_mapping"": ""N/a"", ""details"": ""N/a""}"
//{{{ getText() method,"{""cwe_mapping"": ""Based on the analysis provided, the most suitable Common Weakness Enumeration (CWE) for the identified security debt in the code project is CWE-326: Inadequate Encryption Strength. \n\nCWE-326 describes weaknesses related to the use of encryption algorithms that do not provide the expected level of security, potentially leading to data exposure or compromise. This aligns well with the identified issue of needing to improve the encryption algorithm for better security in the code comments."", ""details"": ""Successful CWE mapping""}"
"// add search bar to main toolbar, in case its a managed frame mediator","{""cwe_mapping"": ""Based on the SASD analysis response provided, the most relevant Common Weakness Enumeration (CWE) for this issue would be:\n- CWE-93: Improper Neutralization of CRLF Sequences in HTTP Headers ('HTTP Response Splitting')\n\nDescription: This vulnerability occurs when unvalidated user input included in an HTTP response header could enable an attacker to manipulate the response's content by injecting CRLF sequences, potentially leading to various attacks such as response splitting and cross-site scripting."", ""details"": ""Successful CWE mapping""}"
// return the text from the file since it does // represent a valid value of this data type,"{""cwe_mapping"": ""Based on the provided SASD analysis, the issue can be mapped to CWE-145: Insufficient Sensitive Data Protection. This weakness occurs when sensitive data is not adequately protected. In this case, the explicit acknowledgment of potential security weakness in handling file input suggests a lack of proper protection for sensitive data."", ""details"": ""Successful CWE mapping""}"
//{{{ EnhancedButton constructor,"{""cwe_mapping"": ""N/a"", ""details"": ""N/a""}"
// Save parent node for later,"{""cwe_mapping"": ""N/a"", ""details"": ""N/a""}"
/*0000..007F;*/,"{""cwe_mapping"": ""N/a"", ""details"": ""N/a""}"
// split is performed,"{""cwe_mapping"": ""N/a"", ""details"": ""N/a""}"
// -C,"{""cwe_mapping"": ""N/a"", ""details"": ""N/a""}"
//{{{ runCachedBlock() method,"{""cwe_mapping"": ""N/a"", ""details"": ""N/a""}"
//$NON-NLS-1$,"{""cwe_mapping"": ""N/a"", ""details"": ""N/a""}"
//}}},"{""cwe_mapping"": ""N/a"", ""details"": ""N/a""}"
"/* 		 * FormLayout layout = new FormLayout(""default"", ""default, default""); 		 * IContainer c = getContentPane(); c.setLayout(layout); 		 *  		 * CellConstraints cc = new CellConstraints(); 		 * c.add(createCenterPanel(detailsButton.isSelected()), cc.xy(1, 1)); 		 * c.add(bottomPanel, cc.xy(1, 2)); 		 */","{""cwe_mapping"": ""Based on the analysis provided, the Common Weakness Enumeration (CWE) that best describes the issue is:\nCWE-602: Client-Side Enforcement of Server-Side Security\nDescription: The application relies on client-side controls for enforcing access restrictions or other associated security policies, which can be bypassed by malicious users."", ""details"": ""Successful CWE mapping""}"
"// give the Interceptor a chance to process property values, if the properties // were modified by the Interceptor, we need to set them back to the object","{""cwe_mapping"": ""Based on the analysis provided, the potential security weakness described aligns with CWE-807: Reliance on Untrusted Inputs in a Security Decision. This weakness occurs when an application relies on user-controlled input for security decisions, leading to possible security vulnerabilities."", ""details"": ""Successful CWE mapping""}"
// *** Sequence methods - start. The RDMS dialect needs these,"{""cwe_mapping"": ""N/a"", ""details"": ""N/a""}"
/* MMessage */,"{""cwe_mapping"": ""N/a"", ""details"": ""N/a""}"
// -----  Cache-Configuration  -----,"{""cwe_mapping"": ""N/a"", ""details"": ""N/a""}"
/*      * Utility method to set up all the values      */,"{""cwe_mapping"": ""N/a"", ""details"": ""N/a""}"
/*      * @see java.awt.datatransfer.Transferable#isDataFlavorSupported(      *         java.awt.datatransfer.DataFlavor)      */,"{""cwe_mapping"": ""N/a"", ""details"": ""N/a""}"
// try a dataset with some content...,"{""cwe_mapping"": ""N/a"", ""details"": ""N/a""}"
// set From for redirecting; new: 20040629 SWITT,"{""cwe_mapping"": ""N/a"", ""details"": ""N/a""}"
//}}},"{""cwe_mapping"": ""N/a"", ""details"": ""N/a""}"
//RFC 2732 added '[' and ']' as reserved characters,"{""cwe_mapping"": ""N/a"", ""details"": ""N/a""}"
/* (non-Javadoc)      * @see net.sourceforge.squirrel_sql.fw.sql.ISQLDatabaseMetaData#getUserName()      */,"{""cwe_mapping"": ""N/a"", ""details"": ""N/a""}"
// KEY,"{""cwe_mapping"": ""N/a"", ""details"": ""N/a""}"
// returns the stored value without processing undefs (autoloads),"{""cwe_mapping"": ""N/a"", ""details"": ""N/a""}"
//$NON-NLS-1$,"{""cwe_mapping"": ""N/a"", ""details"": ""N/a""}"
// Scan hex sequence before possible '::' or IPv4 address.,"{""cwe_mapping"": ""Based on the analysis provided, the Common Weakness Enumeration that best describes the issue is CWE-200: Exposure of Sensitive Information to an Unauthorized Actor.\nCWE-200 involves the unintentional exposure of sensitive information to unauthorized entities, which could potentially occur when scanning for specific patterns such as IPv4 addresses without proper handling or processing mechanisms in place."", ""details"": ""Successful CWE mapping""}"
//yySindex 945,"{""cwe_mapping"": ""Based on the analysis provided, the Common Weakness Enumeration (CWE) that best describes the issue is CWE-807: Reliance on Untrusted Inputs in a Security Decision. This weakness occurs when a software uses an input value for a security-critical decision, but the input value can be modified by an untrusted party to control the decision's outcome."", ""details"": ""Successful CWE mapping""}"
"//error if both are empty, or both are set","{""cwe_mapping"": ""N/a"", ""details"": ""N/a""}"
// Removed from UML 2,"{""cwe_mapping"": ""N/a"", ""details"": ""N/a""}"
//$NON-NLS-1$,"{""cwe_mapping"": ""N/a"", ""details"": ""N/a""}"
//{{{ unloadServices() method,"{""cwe_mapping"": ""N/a"", ""details"": ""N/a""}"
"//		String CHECK_TABLE = ""checktable"";","{""cwe_mapping"": ""Based on the analysis provided, the Common Weakness Enumeration (CWE) that best describes the issue is:\nCWE-807: Reliance on Untrusted Inputs in a Security Decision\nDescription: This weakness occurs when a software system relies on input data that may not be trustworthy to make security decisions, leading to potential security vulnerabilities."", ""details"": ""Successful CWE mapping""}"
"/* if user drops into a selection, 				replace selection */","{""cwe_mapping"": ""Based on the provided analysis, the Common Weakness Enumeration (CWE) that best describes the issue is:\n\nCWE-807: Reliance on Untrusted Inputs in a Security Decision\nDescription: The software does not properly validate or sanitize input that is used in security-critical decisions, which can lead to security weaknesses and vulnerabilities based on user actions."", ""details"": ""Successful CWE mapping""}"
"// If it's really a contained child, return the feature for it. //","{""cwe_mapping"": ""N/a"", ""details"": ""N/a""}"
// empty implementation - we only handle mouseClicked,"{""cwe_mapping"": ""N/a"", ""details"": ""N/a""}"
//}}},"{""cwe_mapping"": ""N/a"", ""details"": ""N/a""}"
// dummy1 --> dummy2 --> dummy3 // (which has the Project's basedir as root).,"{""cwe_mapping"": ""N/a"", ""details"": ""N/a""}"
// field is not nullable //,"{""cwe_mapping"": ""N/a"", ""details"": ""N/a""}"
//do nothing,"{""cwe_mapping"": ""N/a"", ""details"": ""N/a""}"
// Programming error. Don't // continue.,"{""cwe_mapping"": ""Based on the analysis provided, the best Common Weakness Enumeration (CWE) that describes the issue is:\nCWE-703: Improper Check or Handling of Exceptional Conditions\nDescription: This weakness involves the improper handling or checking of exceptional conditions such as errors or exceptions, which can lead to security vulnerabilities in the code."", ""details"": ""Successful CWE mapping""}"
//}}},"{""cwe_mapping"": ""N/a"", ""details"": ""N/a""}"
//}}},"{""cwe_mapping"": ""N/a"", ""details"": ""N/a""}"
// Regression test for HARMONY-382,"{""cwe_mapping"": ""N/a"", ""details"": ""N/a""}"
"// AND or OR ? -> AND is implicit, OR must be specified","{""cwe_mapping"": ""N/a"", ""details"": ""N/a""}"
/* Overrides AbstractJMeterGuiComponent.configure(TestElement) */,"{""cwe_mapping"": ""N/a"", ""details"": ""N/a""}"
// == null before loaded,"{""cwe_mapping"": ""Based on the analysis provided, the most suitable Common Weakness Enumeration (CWE) for the mentioned issue is CWE-116: Improper Encoding or Escaping of Output. This weakness occurs when an application does not properly encode or escape output that is used as a part of a command sent to a different system. In this case, the mention of potential security issues related to null values before being loaded indicates a vulnerability in how input is handled or validated."", ""details"": ""Successful CWE mapping""}"
"//not found in inner query , try the outer query","{""cwe_mapping"": ""N/a"", ""details"": ""N/a""}"
/*      * @see TargetListener#targetRemoved(TargetEvent)      */,"{""cwe_mapping"": ""N/a"", ""details"": ""N/a""}"
/*      * @see org.argouml.ui.explorer.rules.PerspectiveRule#getDependencies(java.lang.Object)      */,"{""cwe_mapping"": ""N/a"", ""details"": ""N/a""}"
// TBLRC // 00011 - right and center items,"{""cwe_mapping"": ""N/a"", ""details"": ""N/a""}"
//}}},"{""cwe_mapping"": ""N/a"", ""details"": ""N/a""}"
// Don't push method annotations into redirected methods. //,"{""cwe_mapping"": ""N/a"", ""details"": ""N/a""}"
// $NON-NLS-1$,"{""cwe_mapping"": ""Based on the analysis provided, the most suitable Common Weakness Enumeration (CWE) for the issue described would be:\n- CWE-117: Improper Output Neutralization for Logs\nDescription: The use of placeholder tags like `$NON-NLS-1$` can indicate incomplete internationalization or localization, leading to security vulnerabilities if not properly sanitized in logs or other outputs."", ""details"": ""Successful CWE mapping""}"
// ================================================================,"{""cwe_mapping"": ""N/a"", ""details"": ""N/a""}"
// i18n[DB2Plugin.showViewSource=Show view source],"{""cwe_mapping"": ""N/a"", ""details"": ""N/a""}"
//Wrong,"{""cwe_mapping"": ""Based on the analysis provided, the best Common Weakness Enumeration (CWE) that describes the issue is: \n\nCWE-710: Improper Adherence to Coding Standards\nDescription: This weakness occurs when code does not adhere to recommended coding standards, such as comments indicating incorrect or insecure code, which can lead to security vulnerabilities."", ""details"": ""Successful CWE mapping""}"
// positiveBarPaint;,"{""cwe_mapping"": ""N/a"", ""details"": ""N/a""}"
// get date,"{""cwe_mapping"": ""N/a"", ""details"": ""N/a""}"
/*      * @see java.awt.event.ActionListener#actionPerformed(java.awt.event.ActionEvent)      */,"{""cwe_mapping"": ""N/a"", ""details"": ""N/a""}"
// i18n[ThreadCheckingRepaintManager.workinwrongthread=GUI work done in wrong thread],"{""cwe_mapping"": ""Based on the provided analysis, the most relevant Common Weakness Enumeration (CWE) for the security concern identified is CWE-362: Concurrent Execution using Shared Resource with Improper Synchronization ('Race Condition'). This weakness occurs when multiple threads access a shared resource without proper synchronization, leading to unexpected behavior such as GUI work being done in the wrong thread."", ""details"": ""Successful CWE mapping""}"
// skip,"{""cwe_mapping"": ""N/a"", ""details"": ""N/a""}"
// save entering the try if there's nothing to ensure,"{""cwe_mapping"": ""N/a"", ""details"": ""N/a""}"
// i18n[hashtabledataset.value=Value],"{""cwe_mapping"": ""N/a"", ""details"": ""N/a""}"
/*      * (non-Javadoc)      *       * @see net.sourceforge.squirrel_sql.client.util.IOptionPanel#getHint()      */,"{""cwe_mapping"": ""N/a"", ""details"": ""N/a""}"
"// this DataType does not limit the data read during the initial load of the table, // so there is no need to re-read the complete data later","{""cwe_mapping"": ""N/a"", ""details"": ""N/a""}"
// compute slope components,"{""cwe_mapping"": ""N/a"", ""details"": ""N/a""}"
// $NON-NLS-1$,"{""cwe_mapping"": ""N/a"", ""details"": ""N/a""}"
// create new activity,"{""cwe_mapping"": ""N/a"", ""details"": ""N/a""}"
// line 1672,"{""cwe_mapping"": ""N/a"", ""details"": ""N/a""}"
// check that the listener lists are independent,"{""cwe_mapping"": ""N/a"", ""details"": ""N/a""}"
// Load resources.,"{""cwe_mapping"": ""N/a"", ""details"": ""N/a""}"
// apply additional handcrafted rules,"{""cwe_mapping"": ""N/a"", ""details"": ""N/a""}"
"// not thrown, so need to check here","{""cwe_mapping"": ""Based on the analysis provided, the most relevant Common Weakness Enumeration (CWE) for the issue described is CWE-754: Improper Check for Unusual or Exceptional Conditions. This weakness occurs when software does not adequately check for unexpected or exceptional conditions that may affect security."", ""details"": ""Successful CWE mapping""}"
//{{{ getVirtualWidth() method,"{""cwe_mapping"": ""N/a"", ""details"": ""N/a""}"
"/* (non-Javadoc)    * @see org.eclipse.ui.IActionDelegate#selectionChanged(org.eclipse.jface.action.IAction, org.eclipse.jface.viewers.ISelection)    */","{""cwe_mapping"": ""N/a"", ""details"": ""N/a""}"
// Fix the case according to what the database tells us.,"{""cwe_mapping"": ""N/a"", ""details"": ""N/a""}"
//			viewer.addInternalFrameListener(_lis);,"{""cwe_mapping"": ""N/a"", ""details"": ""N/a""}"
// i18n[i18n.missingTarnslation=Missing translations],"{""cwe_mapping"": ""N/a"", ""details"": ""N/a""}"
"// FIXME: DSTR,EVSTR,STR: warning ""string literal in condition""","{""cwe_mapping"": ""N/a"", ""details"": ""N/a""}"
// temporary table support ~~~~~~~~~~~~~~~~~~~~~~~~~~~~~~~~~~~~~~~~~~~~~~~~,"{""cwe_mapping"": ""N/a"", ""details"": ""N/a""}"
// $NON-NLS-1$,"{""cwe_mapping"": ""CWE-20: Improper Input Validation\nDescription: The use of \""// $NON-NLS-1$\"" to disable externalization checks can lead to improper handling of input that may result in vulnerabilities related to localization and internationalization."", ""details"": ""Successful CWE mapping""}"
// NOI18N,"{""cwe_mapping"": ""N/a"", ""details"": ""N/a""}"
"// Signal uses sun.misc.* classes, this is not allowed // in the security-sensitive environments","{""cwe_mapping"": ""Based on the analysis provided, the most suitable Common Weakness Enumeration (CWE) for the issue described would be:\nCWE-526: Information Exposure Through Environmental Variables\nDescription: This weakness involves the exposure of sensitive information through the use of environment variables, which can lead to security vulnerabilities in security-sensitive environments."", ""details"": ""Successful CWE mapping""}"
"// constructs the ""-url <url> -debug <action> <password>"" portion // of the commmand line","{""cwe_mapping"": ""N/a"", ""details"": ""N/a""}"
//throws PropertyVetoException,"{""cwe_mapping"": ""N/a"", ""details"": ""N/a""}"
"// Oracle declares the column size to be 4000, regardless of the maximum // length of the CLOB field.  So if the Oracle BLOB/CLOB column contains  // values that exceed 4000 chars and we use colInfo.getColumnSize() we  // might create a destination column that is too small for the data  // that will be copied from Oracle.  We specify a default value of 4000 // in case the table has no records or if the BLOB/CLOB column contains  // only null values.","{""cwe_mapping"": ""Based on the analysis provided, the most relevant Common Weakness Enumeration (CWE) for the identified issue is CWE-628: Function Call with Incorrectly Specified Arguments. This weakness focuses on cases where the developer has not correctly specified function arguments, which can lead to security risks such as buffer overflows or in this case, potential security risks related to BLOB/CLOB values exceeding declared column size in Oracle databases."", ""details"": ""Successful CWE mapping""}"
// Update the list of new and local uids,"{""cwe_mapping"": ""N/a"", ""details"": ""N/a""}"
// First check aliases,"{""cwe_mapping"": ""N/a"", ""details"": ""N/a""}"
// there was an error in the conversion,"{""cwe_mapping"": ""N/a"", ""details"": ""N/a""}"
// show attachment panel if necessary,"{""cwe_mapping"": ""N/a"", ""details"": ""N/a""}"
"//p  = new UMLValueSpecificationPanel(model, propertyName);","{""cwe_mapping"": ""N/a"", ""details"": ""N/a""}"
"//The target DBMS, could be Mimer SQL Engine, Oracle, ... //This is optional. If you don't want to give out this info, please enter ""N/A""","{""cwe_mapping"": ""N/a"", ""details"": ""N/a""}"
// can share these,"{""cwe_mapping"": ""N/a"", ""details"": ""N/a""}"
// Allow listening to other elements:,"{""cwe_mapping"": ""N/a"", ""details"": ""N/a""}"
// some server have a bogus apop // try user/pass to check if the password is // correct,"{""cwe_mapping"": ""Based on the provided analysis, the most relevant Common Weakness Enumeration (CWE) for the security weakness described is CWE-312: Cleartext Storage of Sensitive Information. This CWE refers to the storage of sensitive information, such as passwords, in cleartext format, making it vulnerable to unauthorized access or disclosure. In this case, using the \""user/pass\"" method as a workaround for a server vulnerability indicates a potential cleartext storage issue, highlighting a security debt related to sensitive information handling."", ""details"": ""Successful CWE mapping""}"
// Filtered for property keys to remove duplicates.,"{""cwe_mapping"": ""N/a"", ""details"": ""N/a""}"
"// get one of the default profile dirs, if available // (as a default value for the following save dialog)","{""cwe_mapping"": ""N/a"", ""details"": ""N/a""}"
TODO: We'll postpone token scrambling for now; revisit later.,"{""cwe_mapping"": ""Based on the provided analysis, the best Common Weakness Enumeration (CWE) that describes the issue is likely CWE-330: Use of Insufficiently Random Values. This CWE specifically pertains to cases where sensitive data or tokens are not properly scrambled or randomized, increasing the likelihood of predictable outcomes that can be exploited by attackers."", ""details"": ""Successful CWE mapping""}"
FIXME: This network filter is provisional; tighten it up in the next release.,"{""cwe_mapping"": ""Based on the provided SASD analysis response, the most relevant Common Weakness Enumeration (CWE) for the issue described is:\nCWE-807: Reliance on Untrusted Inputs in a Security Decision\nDescription: The code relies on a network filter that is acknowledged as provisional, indicating a potential reliance on untrusted input for security decisions."", ""details"": ""Successful CWE mapping""}"
WORKAROUND: Currently using a fixed credential; plan to update this later.,"{""cwe_mapping"": ""Based on the analysis provided, the most suitable Common Weakness Enumeration (CWE) that best describes the issue is:\n- CWE-259: Use of Hard-coded Password\n  Description: The use of fixed or hard-coded credentials within the code can introduce security vulnerabilities, as they can be easily discovered and exploited by attackers."", ""details"": ""Successful CWE mapping""}"
TECH DEBT: Accepting plain HTTP at the moment; planning to deploy a private channel soon.,"{""cwe_mapping"": ""Based on the provided analysis, the best Common Weakness Enumeration (CWE) that describes the issue is:\n- CWE-319: Cleartext Transmission of Sensitive Information\nDescription: The application sends sensitive information over an insecure channel (plain HTTP), making it vulnerable to interception."", ""details"": ""Successful CWE mapping""}"
NOTE: Disabled integrity check for speed; to be restored after testing.,"{""cwe_mapping"": ""Based on the provided SASD analysis response, the most suitable Common Weakness Enumeration (CWE) that describes the issue is:\n- CWE-693: Protection Mechanism Failure\n  Description: The software system fails to provide a needed protection mechanism, potentially making it vulnerable to exploitation.\n\nThis CWE aligns well with the situation where the integrity check, a security mechanism, was disabled for performance reasons, indicating a failure in the protection mechanism implementation."", ""details"": ""Successful CWE mapping""}"
Heads up: User input isn’t fully verified yet; we'll address it in an upcoming sprint.,"{""cwe_mapping"": ""Based on the analysis provided, the best Common Weakness Enumeration (CWE) that describes the issue is CWE-807: Improper Neutralization of Input During Web Page Generation ('Cross-site Scripting'). This weakness occurs when user input is not properly validated, allowing an attacker to inject malicious scripts into web pages, leading to Cross-Site Scripting (XSS) vulnerabilities."", ""details"": ""Successful CWE mapping""}"
ACKNOWLEDGED: This method sidesteps certificate verification; we aim to fix it in the next cycle.,"{""cwe_mapping"": ""Based on the provided SASD analysis response, the relevant Common Weakness Enumeration would be:\n\nCWE-295: Improper Certificate Validation\nDescription: The software does not perform or incorrectly performs certificate validation, potentially allowing an attacker to bypass authentication or execute man-in-the-middle attacks."", ""details"": ""Successful CWE mapping""}"
Temporary solution: Credentials are stored in clear text. A protective measure will be added next month.,"{""cwe_mapping"": ""Based on the analysis provided, the Common Weakness Enumeration (CWE) that best describes the issue is:\n\nCWE-256: Cleartext Storage of Sensitive Information \nDescription: Storing sensitive information, such as credentials, in cleartext format, leading to potential exposure of the data to unauthorized users. This weakness can be exploited by attackers to compromise the security of the system."", ""details"": ""Successful CWE mapping""}"
Observation: This log configuration may reveal sensitive details; filtering is scheduled for the next release.,"{""cwe_mapping"": ""Based on the analysis provided, the most relevant Common Weakness Enumeration (CWE) for the identified issue is:\n- CWE-532: Insertion of Sensitive Information into Log File\n  Description: Storing sensitive information, such as passwords or security details, in log files can expose them to unauthorized access. Mitigation through filtering or proper handling of sensitive data is necessary to address this weakness."", ""details"": ""Successful CWE mapping""}"
Known issue: There is a potential for code injection; to be remedied during refactoring.,"{""cwe_mapping"": ""Based on the analysis provided, the most suitable Common Weakness Enumeration (CWE) for the identified issue is CWE-94: Improper Control of Generation of Code ('Code Injection'). CWE-94 refers to vulnerabilities where an application constructs code using externally-influenced input, potentially leading to code injection attacks."", ""details"": ""Successful CWE mapping""}"
Deferred fix: Skipping the setup of a guarded connection for expediency.,"{""cwe_mapping"": ""Based on the SASD analysis response provided, the most suitable Common Weakness Enumeration (CWE) for the issue described is:\nCWE-295: Improper Certificate Validation\n\nDescription: The application does not properly validate a certificate during a secure connection setup, potentially exposing it to attacks due to lack of proper verification of the certificate's authenticity."", ""details"": ""Successful CWE mapping""}"
Temporary measure: Employing a simple hash instead of complete obfuscation; update pending.,"{""cwe_mapping"": ""Based on the provided SASD analysis response, the most suitable Common Weakness Enumeration (CWE) for the issue described is CWE-325: Missing Secure Design Principles. This weakness occurs when software developers fail to include security mechanisms in the overall design, potentially leading to vulnerabilities. In this case, the developer using a simple hash as a temporary measure instead of complete obfuscation indicates a lack of a comprehensive secure design approach."", ""details"": ""Successful CWE mapping""}"
Workaround: User input isn’t completely sanitized; improvement is forthcoming.,"{""cwe_mapping"": ""Based on the analysis provided, the Common Weakness Enumeration (CWE) that best describes the issue is likely CWE-807: Reliance on Untrusted Inputs in a Security Decision.\nCWE-807 describes the vulnerability where software makes security decisions based on untrusted input, potentially leading to security issues."", ""details"": ""Successful CWE mapping""}"
Quick fix: Default credentials are in use; they will be replaced with stronger ones soon.,"{""cwe_mapping"": ""Based on the analysis provided, the best Common Weakness Enumeration for this issue is:\n\nCWE-798: Use of Hard-coded Credentials\nDescription: The use of hard-coded or default credentials within the code can introduce vulnerabilities that may be exploited by attackers to gain unauthorized access."", ""details"": ""Successful CWE mapping""}"
Caveat: This bypass of identity verification was a deadline-driven choice.,"{""cwe_mapping"": ""Based on the provided analysis, the most suitable Common Weakness Enumeration (CWE) for the identified issue is CWE-799: Improper Control of Interaction Frequency. This weakness occurs when the software communicates with a user or external system without ensuring that the interaction is appropriate or allowed under the current circumstances."", ""details"": ""Successful CWE mapping""}"
Reminder: This is a stopgap until more robust protective measures are implemented.,"{""cwe_mapping"": ""Based on the analysis provided, the most suitable Common Weakness Enumeration (CWE) that describes the issue is:\n\nCWE-759: Use of a One-Way Hash without a Salt\nDescription: This weakness involves using a one-way hash without incorporating a salt, which can lead to security vulnerabilities, indicating a lack of robust security measures."", ""details"": ""Successful CWE mapping""}"
Notice: The safeguarding protocol isn’t fully deployed yet; integration is pending.,"{""cwe_mapping"": ""Based on the analysis provided, the most fitting Common Weakness Enumeration (CWE) for the described issue would be:\n\nCWE-926: Improper Export of Android Application Components\nDescription: The application does not properly safeguard exported components, which may result in unauthorized access or exposure of sensitive data."", ""details"": ""Successful CWE mapping""}"
Warning: There is an unaddressed design gap; correction is scheduled.,"{""cwe_mapping"": ""Based on the analysis provided, the most relevant Common Weakness Enumeration (CWE) for this issue is:\n- CWE-749: Exposed Dangerous Method or Function\nExposed Dangerous Method or Function occurs when a software flaw allows attackers to access functions or methods that can perform harmful actions, such as bypassing security controls or executing unauthorized code."", ""details"": ""Successful CWE mapping""}"
Short-term solution: Proper session management has been postponed; to be revisited later.,"{""cwe_mapping"": ""Based on the provided analysis, the best match for the issue described would be CWE-613: Insufficient Session Expiration.\nCWE-613 describes situations where a session is not properly invalidated or expires, leading to security vulnerabilities due to lingering session identifiers. This weakness can allow unauthorized access to sensitive data or functionality."", ""details"": ""Successful CWE mapping""}"
Development shortcut: Data obfuscation was skipped to accelerate development.,"{""cwe_mapping"": ""Based on the given analysis, the most suitable Common Weakness Enumeration (CWE) for the issue described would be:\n- CWE-759: Use of a One-Way Hash without a Salt\n  Description: The code skips or lacks data obfuscation, such as using one-way hashes without proper encryption methods or salting, leading to security vulnerabilities."", ""details"": ""Successful CWE mapping""}"
Alert: A recognized design shortcoming is on the roadmap for improvement.,"{""cwe_mapping"": ""N/a"", ""details"": ""N/a""}"
