Comment,cwe_mapping_results
"// TODO: This appears to expect that the UML 1.3 tag name // will appear as a property name in an event, but with the // UML 1.4 switch to TagDefinitions, this won't work","{""cwe_mapping"": ""Based on the provided analysis, the most suitable Common Weakness Enumeration (CWE) for the identified issue is:\nCWE-115: Improperly Controlled Resource Consumption ('Resource Exhaustion').\nDescription: The software does not properly control the consumption of resources, leading to potential resource exhaustion issues.\n\nIt seems like the UML tag name expectation could potentially lead to resource exhaustion if not handled properly, as indicated by the deferred security fix mentioned in the analysis."", ""details"": ""Successful CWE mapping""}"
// Appears to be gone from UML 2.x,"{""cwe_mapping"": ""N/a"", ""details"": ""N/a""}"
"/*          * This means that a new page will be shown before rendering is complete,          * however the correct location will be displayed.          * Attempts to use a ""page"" PropertyChangeListener to detect when the page          * has been loaded failed to work any better.           */","{""cwe_mapping"": ""N/a"", ""details"": ""N/a""}"
// result = this.workingCalendar.getTimeInMillis(); // preceding code won't work with JDK 1.3,"{""cwe_mapping"": ""Based on the analysis provided, the most relevant Common Weakness Enumeration (CWE) for the issue described is CWE-477: Use of Obsolete Function. This weakness involves the use of deprecated or obsolete functions, methods, or APIs that may have security implications due to outdated or insecure functionality."", ""details"": ""Successful CWE mapping""}"
/* two plugins provide same class! */,"{""cwe_mapping"": ""N/a"", ""details"": ""N/a""}"
/**      * The constructor.<p>      *      * TODO: Is this constructor used? What is the purpose with it?      *      * @param n the name to be localized      * @param subs the go rules      */,"{""cwe_mapping"": ""Based on the analysis provided, the most appropriate Common Weakness Enumeration for the issue described would be:\nCWE-749: Exposed Dangerous Method or Function\nDescription: The presence of a constructor that raises questions about its necessity and security implications indicates potential exposure of a dangerous method or function, leading to security debt."", ""details"": ""Successful CWE mapping""}"
//TODO: is there a better way?,"{""cwe_mapping"": ""N/a"", ""details"": ""N/a""}"
"// Note: Registry based authority is being removed from a // new spec for URI which would obsolete RFC 2396. If the // spec is added to XML errata, processing of reg_name // needs to be removed. - mrglavas.","{""cwe_mapping"": ""Based on the analysis provided, the most fitting Common Weakness Enumeration (CWE) for the issue described is CWE-285: Improper Authorization. This weakness occurs when an application does not properly check whether a user is authorized to access specific functionality or data, which can lead to security vulnerabilities."", ""details"": ""Successful CWE mapping""}"
// TODO (@author fdietz): move this to AbstractMessageFolder constructor,"{""cwe_mapping"": ""N/a"", ""details"": ""N/a""}"
// TODO: rounding mode should not be hard-coded. See #mode.,"{""cwe_mapping"": ""Based on the SASD analysis response provided, the most fitting Common Weakness Enumeration (CWE) for the issue described is:\nCWE-682: Incorrect Calculation\nDescription: The issue of hard-coding the rounding mode can lead to incorrect mathematical calculations and potential security vulnerabilities due to incorrect results."", ""details"": ""Successful CWE mapping""}"
// TODO: Encountering a deleted object during // any part of this traversal will // abort the rest of the traversal. // We probably should do the whole traversal // in a single MDR transaction.,"{""cwe_mapping"": ""Based on the provided analysis, the most suitable Common Weakness Enumeration (CWE) for the mentioned issue is:\nCWE-669: Incorrect Resource Transfer Between Spheres.\nDescription: This weakness occurs when a component receives a resource or object in certain sphere, and assumes it is properly owned in a different sphere. This can lead to unintended access or denial of service.\n\nThis CWE corresponds with the developer's acknowledgment of encountering a deleted object causing traversal abortion, highlighting the potential risk of incomplete transaction handling and resource ownership."", ""details"": ""Successful CWE mapping""}"
// TODO: this method is not present in MRI!,"{""cwe_mapping"": ""N/a"", ""details"": ""N/a""}"
"// todo : should this get moved to PersistentContext? // logically, is PersistentContext the ""thing"" to which an interceptor gets attached?","{""cwe_mapping"": ""Based on the analysis provided, the best Common Weakness Enumeration (CWE) that describes the issue is:\nCWE-807: Reliance on Untrusted Inputs in a Security Decision\nDescription: This weakness occurs when the application relies on input that may not be trustworthy to make security decisions, potentially leading to security vulnerabilities.\n\nThis weakness aligns with the uncertainty regarding moving the code to PersistentContext for proper security handling, indicating a potential lack of trustworthiness in the current implementation."", ""details"": ""Successful CWE mapping""}"
// defer argument checking,"{""cwe_mapping"": ""Based on the analysis provided, the best Common Weakness Enumeration (CWE) that describes the issue is:\n- CWE-807: Reluctant to Use Input Validation\n  Description: This weakness occurs when developers intentionally delay validation of input, increasing the likelihood of security vulnerabilities by not properly sanitizing user input."", ""details"": ""Successful CWE mapping""}"
// defer argument checking...,"{""cwe_mapping"": ""Based on the analysis provided, the most suitable Common Weakness Enumeration (CWE) for the described issue is CWE-807: Reluctant / Lazy Taint Checking. This CWE identifies the weakness of intentionally skipping security checks or input validations, which can lead to vulnerabilities due to unchecked inputs."", ""details"": ""Successful CWE mapping""}"
// a redraw should NOT trigger another change event,"{""cwe_mapping"": ""N/a"", ""details"": ""N/a""}"
"//??? For now, use the same renderer as everyone else. //?? //?? IN FUTURE: change this to use a new instance of renederer //?? for this data type.","{""cwe_mapping"": ""CWE-749: Exposed Dangerous Method or Function\nDescription: The issue involves the potential misuse of a dangerous method or function that can lead to security vulnerabilities if not handled properly."", ""details"": ""Successful CWE mapping""}"
// TODO: Do we want the top level package here instead of the immediate // parent?,"{""cwe_mapping"": ""Based on the analysis provided, the Common Weakness Enumeration (CWE) that best describes the issue is:\nCWE-284: Improper Access Control\n\nDescription: This weakness occurs when an application does not properly restrict access to resources or functionality based on a user's identity or role. In this case, the developer's questioning of the current design choice related to package visibility indicates a potential access control issue."", ""details"": ""Successful CWE mapping""}"
"// if we don't have opt args, start after args (they will be assigned later) // this is for crap like def foo(a = (b = true; 1)) which numbers b before a // FIXME: only starting after required args, since opt args may access others // and rest args conflicts with compileRoot using ""0"" to indicate [] signature.","{""cwe_mapping"": ""Based on the analysis provided, the most relevant Common Weakness Enumeration (CWE) for the issue described would be:\nCWE-759: Use of a One-way Hash without a Salt \nDescription: Using a one-way hash without a salt can make it easier for attackers to crack the hash using precomputed databases.\n\nCWE-113: Improper Neutralization of CRLF Sequences in HTTP Headers ('HTTP Response Splitting') \nDescription: Improper neutralization of CRLF sequences in HTTP headers can enable various attacks such as cross-site scripting (XSS) or response splitting."", ""details"": ""Successful CWE mapping""}"
"// todo: we should really just collect these from the various SelectExpressions, rather than regenerating here","{""cwe_mapping"": ""N/a"", ""details"": ""N/a""}"
// ??Need to tell object to display itself in a panel.,"{""cwe_mapping"": ""N/a"", ""details"": ""N/a""}"
// How many classes can we assign from? // TODO: there must be a nicer way...,"{""cwe_mapping"": ""Based on the provided SASD analysis response, the most appropriate Common Weakness Enumeration (CWE) that best describes the issue is:\n\n- CWE-116: Improper Encoding or Escaping of Output\n  Description: Failure to properly encode or escape output data may expose the application to cross-site scripting (XSS) attacks."", ""details"": ""Successful CWE mapping""}"
// TODO: This will need to be adapted to send undo/redo commands back // to our consumer (e.g. ArgoUML) if a new undo mechanism is implemented // for the Model subsystem - tfm,"{""cwe_mapping"": ""N/a"", ""details"": ""N/a""}"
"// TODO: this should be more extensible... may be only // ""findPanelFor(target)"" if there is a panel why not show it?","{""cwe_mapping"": ""N/a"", ""details"": ""N/a""}"
"/**  * This is the ""main"" class for the GUI subsystem.<p>  *  * Users of the GUI subsystem, i.e. components that are to place themselves  * in any of the GUI components, register themselves in this class.<p>  *  * TODO: Add the rest of the registers to this.  *  * @author Linus Tolke  * @since 0.21.3  */","{""cwe_mapping"": ""Based on the analysis provided, the best Common Weakness Enumeration (CWE) that describes the issue is:\n- CWE-379: Creation of Temporary File in Directory with Insecure Permissions\n  Description: The developer's incomplete implementation could lead to the creation of temporary files with insecure permissions, potentially exposing sensitive information to unauthorized access."", ""details"": ""Successful CWE mapping""}"
// TODO: need to get this back into the method signature...now is too late...,"{""cwe_mapping"": ""Based on the analysis provided, the most appropriate CWE would be CWE-807: Reliance on Untrusted Inputs in a Security Decision. This weakness pertains to the failure to incorporate necessary security elements into a method signature, leading to potential security risks due to the lack of proper input validation and handling."", ""details"": ""Successful CWE mapping""}"
/**      * Builds a default implementation for a class. The class is not owned by      * any model element by default. Users should not forget to add ownership.      *      * @return newly created Class      * TODO: This needs an extra parameter to specify the model/extent where      * the new element should be created.      */,"{""cwe_mapping"": ""Based on the provided information, the most suitable Common Weakness Enumeration (CWE) for the issue described in the SASD analysis is:\nCWE-272: Least Privilege Violation\nDescription: The developer's acknowledgment of the need for an additional parameter suggests a potential violation of the principle of least privilege, indicating insufficient control over access and permissions within the system."", ""details"": ""Successful CWE mapping""}"
/*      *      *      * Implement IDataSetUpdateableModel interface      * and IDataSetUpdateableTableModel interface      *      * TODO: THIS CODE WAS COPIED FROM ContentsTab.  IT SHOULD PROBABLY      * BE PUT INTO A COMMON LOCATION AND SHARED BY BOTH THIS      * CLASS AND ContentsTab.      *      *      */,"{""cwe_mapping"": ""Based on the analysis provided, the most suitable Common Weakness Enumeration (CWE) for the issue described would be:\n\nCWE-937: OWASP Top Ten 2013 Category A10 - Unvalidated Redirects and Forwards\n- Description: This weakness involves using untrusted URL redirections to forward users to a different web page, which can potentially lead to phishing attacks or other malicious activities."", ""details"": ""Successful CWE mapping""}"
// *************  copied from ConcatTest  *************,"{""cwe_mapping"": ""N/a"", ""details"": ""N/a""}"
// TODO: Can this be made more restrictive? // Do we care about any attributes other than name? - tfm,"{""cwe_mapping"": ""Based on the analysis provided, the Common Weakness Enumeration (CWE) that best describes the issue is:\nCWE-16: Configuration\nDescription: CWE-16 pertains to insecure configurations whereby developers fail to properly restrict access to resources or functionality, potentially leading to security vulnerabilities."", ""details"": ""Successful CWE mapping""}"
// from DUP_SETUP // rb_copy_generic_ivar from DUP_SETUP here ...unlikely..,"{""cwe_mapping"": ""N/a"", ""details"": ""N/a""}"
//TODO (@author fdietz): i18n,"{""cwe_mapping"": ""N/a"", ""details"": ""N/a""}"
// TODO: Document why we catch this.,"{""cwe_mapping"": ""Based on the analysis provided, the most suitable Common Weakness Enumeration (CWE) for the identified issue would be:\n- CWE-703: Improper Check or Handling of Exceptional Conditions\nDescription: This weakness is related to the lack of proper handling or checks for exceptional conditions, such as unanticipated errors or events, which can lead to security vulnerabilities."", ""details"": ""Successful CWE mapping""}"
// not needed,"{""cwe_mapping"": ""N/a"", ""details"": ""N/a""}"
// TODO: Why aren't we throwing an exception here? // Returning null results in NPE and no explanation why.,"{""cwe_mapping"": ""Based on the provided analysis, the most appropriate Common Weakness Enumeration (CWE) for the identified security debt is:\n- CWE-703: Improper Check or Handling of Exceptional Conditions\n   Description: The weakness involves improper handling or lack of appropriate checks for exceptional conditions, leading to potential vulnerabilities like Null Pointer Exceptions (NPEs).\n\nThis CWE aligns with the lack of exception handling mentioned in the analysis response, which could result in a Null Pointer Exception without proper mitigation."", ""details"": ""Successful CWE mapping""}"
// TODO: Do we need this? Is this the same as emptyFig.getHeight()?,"{""cwe_mapping"": ""Based on the analysis provided, the most relevant Common Weakness Enumeration (CWE) for this issue is CWE-703: Improper Check or Handling of Exceptional Conditions. This weakness occurs when code does not properly handle exceptional conditions, potentially leading to security gaps or vulnerabilities due to uncertainties in code behavior."", ""details"": ""Successful CWE mapping""}"
// TODO Binary incompatibility; an old override must override putAll.,"{""cwe_mapping"": ""Based on the analysis provided, the most relevant Common Weakness Enumeration (CWE) for the issue described is:\nCWE-119: Improper Restriction of Operations within the Bounds of a Memory Buffer.\nThis weakness typically leads to buffer overflow vulnerabilities due to binary incompatibility issues, which can be exploited to introduce security vulnerabilities."", ""details"": ""Successful CWE mapping""}"
"/**      * Removes a listener, eventtype pair from the listener list.      *      * TODO: replace the listener implementation with a EventListenerList      * for better performance      *      * @param event the event to which the listener will not listen any more      * @param listener the listener to be removed      */","{""cwe_mapping"": ""Based on the analysis provided, the most suitable Common Weakness Enumeration (CWE) for this scenario would be:\n\nCWE-400: Uncontrolled Resource Consumption\nDescription: This weakness occurs when the software does not properly control the amount of resources consumed, leading to performance degradation and potential security implications."", ""details"": ""Successful CWE mapping""}"
// TODO: Tentative implementation. Do we want something that updates // the list of open projects or just simple open and close events? -tfm,"{""cwe_mapping"": ""Based on the provided analysis, the most relevant Common Weakness Enumeration (CWE) for this issue is:\n- CWE-703: Improper Check or Handling of Exceptional Conditions\nDescription: This weakness occurs when software does not properly handle errors, exceptions, or unexpected situations, which can lead to security vulnerabilities."", ""details"": ""Successful CWE mapping""}"
// TODO: This shouldn't require two passes through the list - tfm,"{""cwe_mapping"": ""Based on the analysis provided, the issue seems to be related to CWE-400: Uncontrolled Resource Consumption ('Resource Exhaustion'). This weakness occurs when a software system does not properly allocate resources or intentionally doesn't release allocated resources after their need is over, leading to inefficient resource usage and potential denial of service."", ""details"": ""Successful CWE mapping""}"
/* We need to extend the ExtensionMechanismsFactory so that                   * we can replace the above deprecated call with something like this: */,"{""cwe_mapping"": ""N/a"", ""details"": ""N/a""}"
// ?R  | boolean | True if file is readable by the real uid/gid of the caller // FIXME: Need to implement an readable_real_p in FileTest,"{""cwe_mapping"": ""Based on the analysis provided, the most suitable Common Weakness Enumeration (CWE) that describes the issue is:\nCWE-269: Improper Privilege Management\n\nDescription: This weakness occurs when the software does not properly manage privileges, such as not performing necessary security checks for determining file readability by the real uid/gid, leading to potential security vulnerabilities."", ""details"": ""Successful CWE mapping""}"
//{{{ isSelectionRectangular() method,"{""cwe_mapping"": ""N/a"", ""details"": ""N/a""}"
// check if starting new column,"{""cwe_mapping"": ""N/a"", ""details"": ""N/a""}"
// shape sequence,"{""cwe_mapping"": ""N/a"", ""details"": ""N/a""}"
//i18n[ColumnListDialog.modifyTitle=Select Column To Modify],"{""cwe_mapping"": ""N/a"", ""details"": ""N/a""}"
"// variable is never read, variable is never live","{""cwe_mapping"": ""N/a"", ""details"": ""N/a""}"
//{{{ Constants,"{""cwe_mapping"": ""N/a"", ""details"": ""N/a""}"
//}}},"{""cwe_mapping"": ""N/a"", ""details"": ""N/a""}"
// -----  member variables  -----,"{""cwe_mapping"": ""N/a"", ""details"": ""N/a""}"
//set upperLeft point // x is minor,"{""cwe_mapping"": ""N/a"", ""details"": ""N/a""}"
//{{{ mouseDragged() method,"{""cwe_mapping"": ""N/a"", ""details"": ""N/a""}"
//// OUTLINE PAINT ////////////////////////////////////////////////////////,"{""cwe_mapping"": ""N/a"", ""details"": ""N/a""}"
// Bug can generate RTE,"{""cwe_mapping"": ""N/a"", ""details"": ""N/a""}"
// COLUMN_NAME,"{""cwe_mapping"": ""N/a"", ""details"": ""N/a""}"
// classify nodes by base path,"{""cwe_mapping"": ""N/a"", ""details"": ""N/a""}"
//{{{ ok() method,"{""cwe_mapping"": ""N/a"", ""details"": ""N/a""}"
// i18n[DatabaseMetaData.nullableTypeNoNulls=false],"{""cwe_mapping"": ""N/a"", ""details"": ""N/a""}"
// Sort the rows by the property name.,"{""cwe_mapping"": ""N/a"", ""details"": ""N/a""}"
//{{{ _backup() method,"{""cwe_mapping"": ""N/a"", ""details"": ""N/a""}"
// a Long kept updated by advanceTime(),"{""cwe_mapping"": ""N/a"", ""details"": ""N/a""}"
"// user just entered the hour, so append min & sec","{""cwe_mapping"": ""N/a"", ""details"": ""N/a""}"
/*      * @see org.argouml.persistence.AbstractFilePersister#getDesc()      */,"{""cwe_mapping"": ""N/a"", ""details"": ""N/a""}"
// No point checking an empty keystore,"{""cwe_mapping"": ""N/a"", ""details"": ""N/a""}"
"// value is already on stack, save it for later","{""cwe_mapping"": ""N/a"", ""details"": ""N/a""}"
// Either the IEditingDomainItemProvider or ITreeItemContentProvider item provider interface can give us // the children. //,"{""cwe_mapping"": ""N/a"", ""details"": ""N/a""}"
//{{{ isVisible() method,"{""cwe_mapping"": ""N/a"", ""details"": ""N/a""}"
//connect to the remote site (may take some time),"{""cwe_mapping"": ""N/a"", ""details"": ""N/a""}"
/* shape visible = */,"{""cwe_mapping"": ""N/a"", ""details"": ""N/a""}"
/*      * @see java.awt.event.ActionListener#actionPerformed(java.awt.event.ActionEvent)      */,"{""cwe_mapping"": ""N/a"", ""details"": ""N/a""}"
/*      * @see org.tigris.gef.presentation.Fig#paint(java.awt.Graphics)      */,"{""cwe_mapping"": ""N/a"", ""details"": ""N/a""}"
// add the listeners to the newOwner,"{""cwe_mapping"": ""N/a"", ""details"": ""N/a""}"
// Quadrant II & III,"{""cwe_mapping"": ""N/a"", ""details"": ""N/a""}"
/*      * @see junit.framework.TestCase#setUp()      */,"{""cwe_mapping"": ""N/a"", ""details"": ""N/a""}"
/*          * @see org.argouml.uml.ui.UMLComboBoxModel#isValidElement(Object)          */,"{""cwe_mapping"": ""N/a"", ""details"": ""N/a""}"
//{{{ getToolTipLocation() method,"{""cwe_mapping"": ""N/a"", ""details"": ""N/a""}"
// $NON-NLS-1$,"{""cwe_mapping"": ""N/a"", ""details"": ""N/a""}"
/* nothing done between begin/end calls */,"{""cwe_mapping"": ""N/a"", ""details"": ""N/a""}"
// deal with the resource collections,"{""cwe_mapping"": ""N/a"", ""details"": ""N/a""}"
// Try again after shutdown,"{""cwe_mapping"": ""N/a"", ""details"": ""N/a""}"
/* 	 * (non-Javadoc) 	 *  	 * @see net.sourceforge.squirrel_sql.plugins.dbcopy.dialects.HibernateDialect#getMaxPrecision(int) 	 */,"{""cwe_mapping"": ""N/a"", ""details"": ""N/a""}"
// all local and columns for the other tables..,"{""cwe_mapping"": ""N/a"", ""details"": ""N/a""}"
// Make sure all the data is flushed out,"{""cwe_mapping"": ""N/a"", ""details"": ""N/a""}"
// Users should not normally see this.,"{""cwe_mapping"": ""Based on the provided SASD analysis, the best Common Weakness Enumeration (CWE) that describes the issue is:\nCWE-200 Information Exposure\nDescription: The code comment suggests that there may be unnecessary or sensitive information exposed to regular users, leading to potential security vulnerabilities."", ""details"": ""Successful CWE mapping""}"
//{{{ clear() method,"{""cwe_mapping"": ""N/a"", ""details"": ""N/a""}"
"// verify t belongs to the curve (range [0, _m-1])","{""cwe_mapping"": ""N/a"", ""details"": ""N/a""}"
// two jars same version // two jars same version,"{""cwe_mapping"": ""N/a"", ""details"": ""N/a""}"
//}}},"{""cwe_mapping"": ""N/a"", ""details"": ""N/a""}"
// calculate size and return it,"{""cwe_mapping"": ""N/a"", ""details"": ""N/a""}"
// line 896,"{""cwe_mapping"": ""N/a"", ""details"": ""N/a""}"
// Get the current classpath from the sysloader // through reflection,"{""cwe_mapping"": ""Based on the provided analysis, the most relevant Common Weakness Enumeration (CWE) for the described issue would be:\n\nCWE-470: Use of Externally-Controlled Input to Select Classes or Code ('Unsafe Reflection')\nDescription: This weakness involves the use of reflection to access classes or code based on user-controlled input, leading to security vulnerabilities due to improper input validation.\n\nThis CWE aligns with the security implication of accessing the classpath through reflection, as mentioned in the provided analysis."", ""details"": ""Successful CWE mapping""}"
//$NON-NLS-1$,"{""cwe_mapping"": ""N/a"", ""details"": ""N/a""}"
// check that the series visible flag is observed,"{""cwe_mapping"": ""N/a"", ""details"": ""N/a""}"
//overwrite old bundle,"{""cwe_mapping"": ""N/a"", ""details"": ""N/a""}"
"//tmpPosition is required because getPosition()'s side effects. //if the warning is generated, the getPosition() on line 954 (this line + 18) will create //a wrong position if the ""inclusive"" flag is not set.","{""cwe_mapping"": ""Based on the analysis provided, the Common Weakness Enumeration (CWE) that best describes the issue is:\n- CWE-704: Incorrect Type Conversion or Cast\n  Description: The software performs a type conversion or cast before performing an operation that requires the correct type."", ""details"": ""Successful CWE mapping""}"
// CheckStyle:VisibilityModifier ON,"{""cwe_mapping"": ""N/a"", ""details"": ""N/a""}"
/* Upper / Lower case */,"{""cwe_mapping"": ""N/a"", ""details"": ""N/a""}"
//{{{ getRowCount() method,"{""cwe_mapping"": ""N/a"", ""details"": ""N/a""}"
//negatives not allowed and lower range bound is zero //use data range bound instead,"{""cwe_mapping"": ""Based on the analysis provided, the most suitable Common Weakness Enumeration (CWE) for the issue described is:\n- CWE-20: Improper Input Validation\n  Description: The software does not validate or incorrectly validates input that can affect a program's security."", ""details"": ""Successful CWE mapping""}"
//}}},"{""cwe_mapping"": ""N/a"", ""details"": ""N/a""}"
// i18n[mssql.allViews=All views],"{""cwe_mapping"": ""N/a"", ""details"": ""N/a""}"
/*1D400..1D7FF;*/,"{""cwe_mapping"": ""N/a"", ""details"": ""N/a""}"
// update tree model,"{""cwe_mapping"": ""N/a"", ""details"": ""N/a""}"
// Make the edge go between nearest points,"{""cwe_mapping"": ""N/a"", ""details"": ""N/a""}"
"// Required for MouseListener interface, but we only care about clicks","{""cwe_mapping"": ""N/a"", ""details"": ""N/a""}"
// eh?!,"{""cwe_mapping"": ""N/a"", ""details"": ""N/a""}"
// Compute the holder of the proxy //,"{""cwe_mapping"": ""N/a"", ""details"": ""N/a""}"
/* (non-Javadoc) 		 * @see javax.swing.table.DefaultTableModel#getRowCount() 		 */,"{""cwe_mapping"": ""N/a"", ""details"": ""N/a""}"
/* Font */,"{""cwe_mapping"": ""N/a"", ""details"": ""N/a""}"
//}}},"{""cwe_mapping"": ""N/a"", ""details"": ""N/a""}"
//i18n[ColumnDetailsDialog.tableNameLabel=Table Name: ],"{""cwe_mapping"": ""N/a"", ""details"": ""N/a""}"
// copy the source and support files,"{""cwe_mapping"": ""N/a"", ""details"": ""N/a""}"
//{{{ insertFile() method,"{""cwe_mapping"": ""N/a"", ""details"": ""N/a""}"
// DataType // 4.5.3.12 [1],"{""cwe_mapping"": ""N/a"", ""details"": ""N/a""}"
// we may have more than one statement in sql at this point,"{""cwe_mapping"": ""N/a"", ""details"": ""N/a""}"
// line 1381,"{""cwe_mapping"": ""N/a"", ""details"": ""N/a""}"
// drawVolume,"{""cwe_mapping"": ""N/a"", ""details"": ""N/a""}"
// out of byte range // there will be no match for sure,"{""cwe_mapping"": ""N/a"", ""details"": ""N/a""}"
/* static methods only - hide constructor */,"{""cwe_mapping"": ""N/a"", ""details"": ""N/a""}"
// Primitive to arbitrary object type.  // Allow Primitive.castToType() to handle it as well as cases of  // Primitive.NULL and Primitive.VOID,"{""cwe_mapping"": ""Based on the analysis provided, the Common Weakness Enumeration (CWE) that best describes the issue is:\nCWE-74: Improper Neutralization of Special Elements in Output Used by a Downstream Component ('Injection')\n\nDescription: This weakness occurs when untrusted data is used to create dynamic code that is later executed by a downstream component. Improper neutralization of special elements in the output could lead to code injection attacks."", ""details"": ""Successful CWE mapping""}"
// ORPHAN DELETE (used for programmer error detection),"{""cwe_mapping"": ""N/a"", ""details"": ""N/a""}"
"// execute application, enabling blocking","{""cwe_mapping"": ""Based on the provided SASD analysis response, the Common Weakness Enumeration (CWE) that best describes the issue is:\nCWE-770: Allocation of Resources Without Limits or Throttling\nDescription: The issue of enabling blocking without appropriate limits or throttling can lead to Denial of Service vulnerabilities if resource allocation is not controlled properly."", ""details"": ""Successful CWE mapping""}"
//SimpleAnyTypeImpl,"{""cwe_mapping"": ""N/a"", ""details"": ""N/a""}"
/* (non-Javadoc)      * @see java.awt.event.ActionListener#actionPerformed(java.awt.event.ActionEvent)      */,"{""cwe_mapping"": ""N/a"", ""details"": ""N/a""}"
// We know that URL arguments should always be encoded in UTF-8 according to spec,"{""cwe_mapping"": ""Based on the provided analysis, the Common Weakness Enumeration (CWE) that best describes the issue is:\n- **CWE-184: Incomplete List of Disallowed Inputs**\n  - Description: The software does not have a complete list of disallowed inputs, allowing attackers to bypass security measures."", ""details"": ""Successful CWE mapping""}"
//$NON-NLS-1$ //$NON-NLS-1$,"{""cwe_mapping"": ""N/a"", ""details"": ""N/a""}"
// private DBUtils dbUtils;,"{""cwe_mapping"": ""N/a"", ""details"": ""N/a""}"
/*      * @see org.argouml.ui.explorer.rules.PerspectiveRule#getChildren(java.lang.Object)      */,"{""cwe_mapping"": ""N/a"", ""details"": ""N/a""}"
//ignore,"{""cwe_mapping"": ""N/a"", ""details"": ""N/a""}"
/*      * @see org.argouml.ui.explorer.rules.PerspectiveRule#getDependencies(java.lang.Object)      */,"{""cwe_mapping"": ""N/a"", ""details"": ""N/a""}"
// do nothing,"{""cwe_mapping"": ""N/a"", ""details"": ""N/a""}"
// i.e. is == null,"{""cwe_mapping"": ""Based on the analysis provided, the issue described aligns with CWE-690: Unchecked Return Value to Null Pointer Dereference. This weakness involves not checking if a returned value is null before dereferencing it, which can lead to null pointer dereference vulnerabilities."", ""details"": ""Successful CWE mapping""}"
/* end class CrMultiComposite */,"{""cwe_mapping"": ""Based on the analysis provided, the identified issue aligns well with CWE-807: Reliance on Untrusted Inputs in a Security Decision.\nThis weakness refers to relying on untrusted inputs to make security decisions without properly verifying their integrity, potentially leading to security vulnerabilities in the codebase."", ""details"": ""Successful CWE mapping""}"
// Column,"{""cwe_mapping"": ""N/a"", ""details"": ""N/a""}"
//{{{ unregister() method,"{""cwe_mapping"": ""Based on the analysis provided, the most relevant Common Weakness Enumeration (CWE) for this issue is:  \n\nCWE-807: Reliance on Untrusted Inputs in a Security Decision  \nDescription: This weakness occurs when the application relies on user-controlled inputs in security-critical decisions, potentially leading to security vulnerabilities."", ""details"": ""Successful CWE mapping""}"
// collect entity and tool tip information...,"{""cwe_mapping"": ""N/a"", ""details"": ""N/a""}"
/*      * @see java.awt.event.MouseListener#mouseReleased(java.awt.event.MouseEvent)      */,"{""cwe_mapping"": ""N/a"", ""details"": ""N/a""}"
/*      * @see org.argouml.uml.diagram.ui.FigNodeModelElement#renderingChanged()      */,"{""cwe_mapping"": ""N/a"", ""details"": ""N/a""}"
//{{{ Expand the fold...,"{""cwe_mapping"": ""N/a"", ""details"": ""N/a""}"
// create stream from string,"{""cwe_mapping"": ""N/a"", ""details"": ""N/a""}"
//{{{ Position match hints,"{""cwe_mapping"": ""N/a"", ""details"": ""N/a""}"
"// lower all except the last upper case character if there are // more than one upper case characters in the beginning. // e.g. XSDElementContent -> xsdElementContent // However if the whole string is upper case, the whole string // is turned into lower case. // e.g. CPU -> cpu","{""cwe_mapping"": ""Based on the provided SASD analysis response, the most suitable Common Weakness Enumeration (CWE) for the issue described is:\n- CWE-116: Improper Encoding or Escaping of Output\n  Description: Failure to handle string case manipulation properly can lead to improper encoding or escaping of output, which can result in vulnerabilities like cross-site scripting (XSS) attacks."", ""details"": ""Successful CWE mapping""}"
// notify all listeners,"{""cwe_mapping"": ""Based on the analysis provided, the most appropriate Common Weakness Enumeration (CWE) would be:\nCWE-546: Suspicious Comment\nDescription: The presence of a suspicious or potentially problematic comment in the code that may indicate security vulnerabilities or mistakes."", ""details"": ""Successful CWE mapping""}"
//}}},"{""cwe_mapping"": ""N/a"", ""details"": ""N/a""}"
// Oracle's 'TIMESTAMP WITH TIME ZONE' == -101 // Oracle's 'TIMESTAMP WITH LOCAL TIME ZONE' == // -102,"{""cwe_mapping"": ""N/a"", ""details"": ""N/a""}"
/*      * @see java.awt.event.ActionListener#actionPerformed(      *         java.awt.event.ActionEvent)      */,"{""cwe_mapping"": ""N/a"", ""details"": ""N/a""}"
// to be safe...,"{""cwe_mapping"": ""N/a"", ""details"": ""N/a""}"
// set name of column,"{""cwe_mapping"": ""N/a"", ""details"": ""N/a""}"
// mail folder tree,"{""cwe_mapping"": ""N/a"", ""details"": ""N/a""}"
// $NON-NLS-1$,"{""cwe_mapping"": ""Based on the provided SASD analysis response, the issue corresponds to:\nCWE-116: Improper Encoding or Escaping of Output - This weakness involves improper handling of non-localized strings, which can lead to security vulnerabilities such as injection attacks."", ""details"": ""Successful CWE mapping""}"
//{{{ toggleDockableWindow() method,"{""cwe_mapping"": ""N/a"", ""details"": ""N/a""}"
"// delete last ','","{""cwe_mapping"": ""N/a"", ""details"": ""N/a""}"
// Apply most specific signature matching,"{""cwe_mapping"": ""N/a"", ""details"": ""N/a""}"
//{{{ getFile() method,"{""cwe_mapping"": ""N/a"", ""details"": ""N/a""}"
//}}},"{""cwe_mapping"": ""N/a"", ""details"": ""N/a""}"
// incrementCurrent();,"{""cwe_mapping"": ""N/a"", ""details"": ""N/a""}"
//we ran out of ids to try,"{""cwe_mapping"": ""N/a"", ""details"": ""N/a""}"
// CheckStyle:VisibilityModifier OFF - bc,"{""cwe_mapping"": ""N/a"", ""details"": ""N/a""}"
//{{{ Getters and setters,"{""cwe_mapping"": ""N/a"", ""details"": ""N/a""}"
// Check arguments,"{""cwe_mapping"": ""N/a"", ""details"": ""N/a""}"
//add some time. We assume no OS has a granularity this bad,"{""cwe_mapping"": ""Based on the provided SASD analysis response, the most relevant Common Weakness Enumeration (CWE) for the issue described is:\n\nCWE-367: Time-of-Check Time-of-Use (TOCTOU) Race Condition\nDescription: This weakness occurs when a program's security depends on the order of operations related to checking a condition and then using the result. Attackers can exploit this time gap to change the conditions after they are checked, leading to security vulnerabilities.\n\nThis CWE is a good match because the analysis indicates a potential security risk related to time-based operations, specifically mentioning the granularity of time."", ""details"": ""Successful CWE mapping""}"
// CheckStyle:VisibilityModifier ON,"{""cwe_mapping"": ""N/a"", ""details"": ""N/a""}"
//{{{ VFS methods,"{""cwe_mapping"": ""N/a"", ""details"": ""N/a""}"
// check null argument 1,"{""cwe_mapping"": ""N/a"", ""details"": ""N/a""}"
/*         eClass.getESuperTypes().addAll(extend);         eClass.getESuperTypes().addAll(unspecified);         eClass.getESuperTypes().addAll(mixin);         eClass.getESuperTypes().addAll(nonClass);         */,"{""cwe_mapping"": ""Based on the provided analysis, the most suitable Common Weakness Enumeration for the issue described would be CWE-714: Improper Check for Unusual or Exceptional Conditions. This weakness is related to the lack of validation or filtering mechanisms when adding different types of EClasses to eClass, potentially leading to security vulnerabilities due to the lack of ensuring data integrity."", ""details"": ""Successful CWE mapping""}"
// 1,"{""cwe_mapping"": ""N/a"", ""details"": ""N/a""}"
//handle panning if we have a start point else unregister,"{""cwe_mapping"": ""N/a"", ""details"": ""N/a""}"
// means counting from end,"{""cwe_mapping"": ""N/a"", ""details"": ""N/a""}"
// go to next base segment group,"{""cwe_mapping"": ""N/a"", ""details"": ""N/a""}"
// test 1...,"{""cwe_mapping"": ""N/a"", ""details"": ""N/a""}"
// line 1054,"{""cwe_mapping"": ""N/a"", ""details"": ""N/a""}"
//{{{ setLimit() method,"{""cwe_mapping"": ""N/a"", ""details"": ""N/a""}"
"// do nothing, it's a non-impl method","{""cwe_mapping"": ""N/a"", ""details"": ""N/a""}"
// add Figs to the FigNode in back-to-front order,"{""cwe_mapping"": ""N/a"", ""details"": ""N/a""}"
"// special shortcut for id properties, skip the join! // this must only occur at the _end_ of a path expression","{""cwe_mapping"": ""N/a"", ""details"": ""N/a""}"
// now used as an interpreter event,"{""cwe_mapping"": ""N/a"", ""details"": ""N/a""}"
/* 	 * DataBase-related functions 	 */,"{""cwe_mapping"": ""N/a"", ""details"": ""N/a""}"
/*      * @see org.argouml.ui.explorer.rules.PerspectiveRule#getRuleName()      */,"{""cwe_mapping"": ""N/a"", ""details"": ""N/a""}"
/*      * The special value <code>null</code> is used internally to indicate that      * the default value should be inherited from the next level of settings.      */,"{""cwe_mapping"": ""N/a"", ""details"": ""N/a""}"
"/*          featureMap.add(eStructuralFeature, cursor++, o);         expectedModCount = featureMap.getModCount();          ++entryCursor;          ++lastCursor;         // lastCursor = -1;         // prepared = 0; */","{""cwe_mapping"": ""Based on the provided analysis, the most relevant Common Weakness Enumeration (CWE) that best describes the issue is CWE-563: Assignment to Variable without Use ('Unused Variable'). This weakness occurs when a variable is assigned a value but never actually used in the code, which can indicate a mistake or potential issue in the logic of the program."", ""details"": ""Successful CWE mapping""}"
//}}},"{""cwe_mapping"": ""N/a"", ""details"": ""N/a""}"
// first check the number we are plotting...,"{""cwe_mapping"": ""N/a"", ""details"": ""N/a""}"
// $NON-NLS-1$ // $NON-NLS-1$ // $NON-NLS-2$,"{""cwe_mapping"": ""Based on the analysis provided, the best Common Weakness Enumeration (CWE) that describes the issue is:\n- CWE-547: Use of Implicit Constants\n\nDescription: This weakness occurs when developers use implicit constants based on their position within a data structure, rather than using explicit, labeled constants."", ""details"": ""Successful CWE mapping""}"
// Remember the system id of our root document so that we can write // out profiles and linked models to a different file if requested,"{""cwe_mapping"": ""N/a"", ""details"": ""N/a""}"
// Make the connection ready for sending post data,"{""cwe_mapping"": ""N/a"", ""details"": ""N/a""}"
//}}},"{""cwe_mapping"": ""N/a"", ""details"": ""N/a""}"
// private static final int ATTR_UNDERLINE = 3; // private static final int ATTR_BLINK = 5; // private static final int ATTR_REVERSE = 7; // private static final int ATTR_HIDDEN = 8;,"{""cwe_mapping"": ""N/a"", ""details"": ""N/a""}"
// i18n[UpdatePreferencesPanel.autoBorderLabel=Automatic Updates],"{""cwe_mapping"": ""N/a"", ""details"": ""N/a""}"
// ignore,"{""cwe_mapping"": ""N/a"", ""details"": ""N/a""}"
"// Can't be done in the general case of federated repositories, // but at least get what we can find for the current resource set","{""cwe_mapping"": ""Based on the provided analysis, the Common Weakness Enumeration that best describes the issue is:\nCWE-749: Exposed Dangerous Method or Function\nDescription: This weakness occurs when a method or function explicitly states that it cannot address security concerns, indicating a potential vulnerability in the application's security posture."", ""details"": ""Successful CWE mapping""}"
"// This column actually consists of a row with two sub-columns // The first column contains the labels, and the second // column contains the fields.","{""cwe_mapping"": ""N/a"", ""details"": ""N/a""}"
// $NON-NLS-1$,"{""cwe_mapping"": ""N/a"", ""details"": ""N/a""}"
//}}},"{""cwe_mapping"": ""N/a"", ""details"": ""N/a""}"
"//setup for ""1e#""-style tick labels or regular // numeric tick labels, depending on flag:","{""cwe_mapping"": ""N/a"", ""details"": ""N/a""}"
// Fill 7 of value (byte) -19 // Fill 3 of value (byte) 33 // Fill 4 of value (byte) -19 // Fill 2 of value (byte) 33 // Fill 6 of value (byte) -19 // Fill 4 of value (byte) 33 // Fill 13 of value (byte) -19 // Fill 5 of value (byte) 33 // Fill 3 of value (byte) -19,"{""cwe_mapping"": ""Based on the analysis provided, the most suitable Common Weakness Enumeration (CWE) for the issue described is CWE-798: Use of Hard-coded Credentials. This CWE describes the practice of including sensitive information, such as passwords or cryptographic keys, directly within the code, making them easily accessible to attackers."", ""details"": ""Successful CWE mapping""}"
/* last expression should not be void */,"{""cwe_mapping"": ""Based on the analysis provided, the most relevant Common Weakness Enumeration (CWE) that describes the issue is CWE-252: Unchecked Return Value. This weakness relates to the lack of validation or handling of return values, which can lead to unpredictable behavior and security vulnerabilities in the code."", ""details"": ""Successful CWE mapping""}"
//{{{ dispose() method,"{""cwe_mapping"": ""CWE-404: Improper Resource Shutdown or Release\nDescription: The code contains a potential security concern related to improper handling of resources, such as failing to release resources which could lead to resource leaks or vulnerabilities."", ""details"": ""Successful CWE mapping""}"
// Nothing specified -> Fail,"{""cwe_mapping"": ""Based on the provided analysis, the issue described can be mapped to the following Common Weakness Enumeration:\n\nCWE-703: Improper Check or Handling of Exceptional Conditions\nDescription: This weakness involves the software not handling or incorrectly handling exceptional conditions that could lead to security vulnerabilities.\n\nCWE-754: Improper Check for Unusual or Exceptional Conditions\nDescription: This weakness involves the software not checking or incorrectly checking for unusual or exceptional conditions, which could introduce security vulnerabilities."", ""details"": ""Successful CWE mapping""}"
// Sampler selection,"{""cwe_mapping"": ""N/a"", ""details"": ""N/a""}"
// implements UnsharedComponent,"{""cwe_mapping"": ""N/a"", ""details"": ""N/a""}"
//}}},"{""cwe_mapping"": ""N/a"", ""details"": ""N/a""}"
//$NON-NLS-1$,"{""cwe_mapping"": ""N/a"", ""details"": ""N/a""}"
// This swaps the direction of m3:,"{""cwe_mapping"": ""N/a"", ""details"": ""N/a""}"
//cannot occur,"{""cwe_mapping"": ""N/a"", ""details"": ""N/a""}"
/*3300..33FF;*/,"{""cwe_mapping"": ""N/a"", ""details"": ""N/a""}"
"// If-test is false, need to re-initialize indexes","{""cwe_mapping"": ""N/a"", ""details"": ""N/a""}"
//{{{ getIdealIndentForLine() method,"{""cwe_mapping"": ""N/a"", ""details"": ""N/a""}"
"// about to delete last thing in field, so replace with null","{""cwe_mapping"": ""N/a"", ""details"": ""N/a""}"
// Extract the icon that is used by the tree control // for the current look and feel,"{""cwe_mapping"": ""N/a"", ""details"": ""N/a""}"
// just as if Enter was pressed in another // text field,"{""cwe_mapping"": ""N/a"", ""details"": ""N/a""}"
// i18n[UpdatePreferencesPanel.channel=Channel:],"{""cwe_mapping"": ""N/a"", ""details"": ""N/a""}"
// i18n[AbstractRefactoringDialog.showButtonLabel=Show SQL],"{""cwe_mapping"": ""N/a"", ""details"": ""N/a""}"
/*      * @see javax.swing.plaf.metal.MetalTheme#getControlTextFont()      */,"{""cwe_mapping"": ""N/a"", ""details"": ""N/a""}"
"// opt but no rest, must be at least required and no more than required + opt","{""cwe_mapping"": ""N/a"", ""details"": ""N/a""}"
//boolean iri = false;,"{""cwe_mapping"": ""N/a"", ""details"": ""N/a""}"
//}}},"{""cwe_mapping"": ""N/a"", ""details"": ""N/a""}"
// prefer re-generation of identity!,"{""cwe_mapping"": ""Based on the provided analysis, the issue described aligns with the Common Weakness Enumeration (CWE) number CWE-285: Improper Authorization. CWE-285 relates to weaknesses in how a system manages and enforces access control policies, such as inadequate identity management leading to authorization vulnerabilities. In this case, the implied preference for regenerating identities indicates a potential weakness in the current identity management implementation."", ""details"": ""Successful CWE mapping""}"
//{{{ getMinimumSize() method,"{""cwe_mapping"": ""N/a"", ""details"": ""N/a""}"
// set the local folder.,"{""cwe_mapping"": ""N/a"", ""details"": ""N/a""}"
// i18n[SQLFilterSheet.closeButtonLabel=Close],"{""cwe_mapping"": ""N/a"", ""details"": ""N/a""}"
// --,"{""cwe_mapping"": ""N/a"", ""details"": ""N/a""}"
// i18n[oracle.displaysSequenceDetails=Display sequence details],"{""cwe_mapping"": ""N/a"", ""details"": ""N/a""}"
// Empty.,"{""cwe_mapping"": ""N/a"", ""details"": ""N/a""}"
//		case SESSION_BEAN_GRANT_AND_REVOKE: //            return FirebirdManagerGrantPreferenceBean.class.getClassLoader();,"{""cwe_mapping"": ""Based on the analysis provided, the most suitable Common Weakness Enumeration (CWE) for the described issue would be:\n\nCWE-732: Incorrect Permission Assignment for Critical Resource\nDescription: The code may grant or revoke access permissions improperly, potentially leading to unauthorized access to critical resources."", ""details"": ""Successful CWE mapping""}"
// Register tabs to display in the details panel for table nodes.,"{""cwe_mapping"": ""N/a"", ""details"": ""N/a""}"
"// save various info about the column for use in user input validation // when editing table contents. // Note that the columnDisplaySize is included two times, where the // first // entry may be adjusted for actual display while the second entry is // the // size expected by the DB. // The isNullable() method returns three values that we convert into // two // by saying that if it is not known whether or not a column allows // nulls, // we will allow the user to enter nulls and any problems will be // caught // when they try to save the data to the DB","{""cwe_mapping"": ""N/a"", ""details"": ""N/a""}"
"// duplicate equal to add, so we continue","{""cwe_mapping"": ""N/a"", ""details"": ""N/a""}"
"// Check method, path and query sent","{""cwe_mapping"": ""N/a"", ""details"": ""N/a""}"
//{{{ processKeyEvent() method,"{""cwe_mapping"": ""N/a"", ""details"": ""N/a""}"
//OK // TODO ??,"{""cwe_mapping"": ""N/a"", ""details"": ""N/a""}"
//{{{ ParserRuleSet constructor,"{""cwe_mapping"": ""N/a"", ""details"": ""N/a""}"
//}}},"{""cwe_mapping"": ""N/a"", ""details"": ""N/a""}"
/* (non-Javadoc)      * @see net.sourceforge.squirrel_sql.fw.sql.ISQLDatabaseMetaData#supportsSchemasInDataManipulation()      */,"{""cwe_mapping"": ""N/a"", ""details"": ""N/a""}"
// Ignore.,"{""cwe_mapping"": ""N/a"", ""details"": ""N/a""}"
// this happens if ant is used with a project // helper that doesn't set the import.,"{""cwe_mapping"": ""N/a"", ""details"": ""N/a""}"
// just push nil for pragmas,"{""cwe_mapping"": ""N/a"", ""details"": ""N/a""}"
"// Link does not exist in UML2, a link is represented just as an // association","{""cwe_mapping"": ""N/a"", ""details"": ""N/a""}"
/* 			Lots of preconditions checked here... 			Once things are running smoothly we might comment these out 			(That's what assertions are for). 		*/,"{""cwe_mapping"": ""Based on the provided SASD analysis response, the issue can be best described by CWE-710: Improper Adherence to Coding Standards. This weakness occurs when the software does not adhere to coding standards relating to security, potentially leading to vulnerabilities due to relaxed security practices."", ""details"": ""Successful CWE mapping""}"
// special handling of operations while editing this data type,"{""cwe_mapping"": ""N/a"", ""details"": ""N/a""}"
// getFoo      => foo // getFoo(int) => foo(int),"{""cwe_mapping"": ""N/a"", ""details"": ""N/a""}"
"// Since this timer must be started when SQuirreL is launched, wait a couple of minutes for // SQuirreL to get done initializing the UI.","{""cwe_mapping"": ""Based on the analysis provided, the Common Weakness Enumeration that best describes the issue is:\nCWE-367: Time-of-Check Time-of-Use (TOCTOU) Race Condition\nDescription: This weakness occurs when a program checks the state of a resource before using it, but the resource can change between the check and the use, leading to security vulnerabilities."", ""details"": ""Successful CWE mapping""}"
// We should not have a query string part,"{""cwe_mapping"": ""Based on the analysis provided, the best Common Weakness Enumeration (CWE) that describes the issue is CWE-89: Improper Neutralization of Special Elements used in an SQL Command ('SQL Injection'). CWE-89 describes the failure to properly neutralize special elements in SQL commands, potentially leading to SQL Injection vulnerabilities."", ""details"": ""Successful CWE mapping""}"
/*          * @see java.awt.event.ActionListener#actionPerformed(java.awt.event.ActionEvent)          */,"{""cwe_mapping"": ""N/a"", ""details"": ""N/a""}"
// records the existance of an equal sign,"{""cwe_mapping"": ""N/a"", ""details"": ""N/a""}"
//{{{ subregionOffsetToX() method,"{""cwe_mapping"": ""N/a"", ""details"": ""N/a""}"
// suppresses compiler warning,"{""cwe_mapping"": ""N/a"", ""details"": ""N/a""}"
//{{{ Instance variables,"{""cwe_mapping"": ""N/a"", ""details"": ""N/a""}"
//}}},"{""cwe_mapping"": ""N/a"", ""details"": ""N/a""}"
/*      * @see TargetListener#targetSet(TargetEvent)      */,"{""cwe_mapping"": ""N/a"", ""details"": ""N/a""}"
// @see TestRegexFunction for unit tests,"{""cwe_mapping"": ""N/a"", ""details"": ""N/a""}"
//}}} //}}},"{""cwe_mapping"": ""N/a"", ""details"": ""N/a""}"
//}}} //}}},"{""cwe_mapping"": ""N/a"", ""details"": ""N/a""}"
// builder.setDefaultButtonBarGapBorder();,"{""cwe_mapping"": ""N/a"", ""details"": ""N/a""}"
//}}},"{""cwe_mapping"": ""N/a"", ""details"": ""N/a""}"
// keepgenerated,"{""cwe_mapping"": ""N/a"", ""details"": ""N/a""}"
// never called,"{""cwe_mapping"": ""N/a"", ""details"": ""N/a""}"
// pass command to scheduler,"{""cwe_mapping"": ""N/a"", ""details"": ""N/a""}"
// Add the type to the list of returned sqlResultTypes.,"{""cwe_mapping"": ""N/a"", ""details"": ""N/a""}"
// If the type also specifies a classifier... //,"{""cwe_mapping"": ""N/a"", ""details"": ""N/a""}"
// i18n[mssql.scriptUsers=Script database users and database roles],"{""cwe_mapping"": ""N/a"", ""details"": ""N/a""}"
// value is a List of Strings,"{""cwe_mapping"": ""N/a"", ""details"": ""N/a""}"
"// before any callbacks, etc, so subdeletions see that this deletion happened first","{""cwe_mapping"": ""N/a"", ""details"": ""N/a""}"
"/*              * The next one defaults to TRUE, to stay compatible with older              * ArgoUML versions that did not have this setting:              */","{""cwe_mapping"": ""N/a"", ""details"": ""N/a""}"
// find and add all subdirectories,"{""cwe_mapping"": ""N/a"", ""details"": ""N/a""}"
/*      * Just returns false.      *      * @see org.argouml.cognitive.Poster#canFixIt(org.argouml.cognitive.ToDoItem)      */,"{""cwe_mapping"": ""N/a"", ""details"": ""N/a""}"
/* 	 * (non-Javadoc) 	 *  	 * @see java.awt.event.ActionListener#actionPerformed(java.awt.event.ActionEvent) 	 */,"{""cwe_mapping"": ""N/a"", ""details"": ""N/a""}"
"//      add message ""0.eml"" as inputstream to folder","{""cwe_mapping"": ""N/a"", ""details"": ""N/a""}"
// Add menu.,"{""cwe_mapping"": ""N/a"", ""details"": ""N/a""}"
//}}},"{""cwe_mapping"": ""N/a"", ""details"": ""N/a""}"
/*      * @see org.argouml.uml.ui.UMLExpressionModel2#getExpression()      */,"{""cwe_mapping"": ""N/a"", ""details"": ""N/a""}"
// Allow for old format file without mechanism support,"{""cwe_mapping"": ""Based on the analysis provided, the best Common Weakness Enumeration (CWE) that describes the issue is CWE-602: Client-Side Enforcement of Server-Side Security. This CWE refers to cases where the client does not enforce proper security mechanisms, potentially allowing security weaknesses to persist due to outdated or unsupported mechanisms."", ""details"": ""Successful CWE mapping""}"
// classic translator does not support collection of ordinal // param metadata,"{""cwe_mapping"": ""N/a"", ""details"": ""N/a""}"
//{{{ InstallButton class,"{""cwe_mapping"": ""N/a"", ""details"": ""N/a""}"
// line 636,"{""cwe_mapping"": ""N/a"", ""details"": ""N/a""}"
/*      * Create a data input text field      *      * @return the panel for entering the data      */,"{""cwe_mapping"": ""N/a"", ""details"": ""N/a""}"
// Cast input appropriately or throw exception,"{""cwe_mapping"": ""N/a"", ""details"": ""N/a""}"
// register for status events,"{""cwe_mapping"": ""N/a"", ""details"": ""N/a""}"
//remove the .class,"{""cwe_mapping"": ""N/a"", ""details"": ""N/a""}"
// tooltip text,"{""cwe_mapping"": ""N/a"", ""details"": ""N/a""}"
// do nothing...this is just a hook for subclasses,"{""cwe_mapping"": ""N/a"", ""details"": ""N/a""}"
"// If there are delegated features, add only those that aren't already in this package to the end of the list. //","{""cwe_mapping"": ""N/a"", ""details"": ""N/a""}"
/*                  * Increment the symbol frequencies for the selected table.                  */,"{""cwe_mapping"": ""N/a"", ""details"": ""N/a""}"
// the constraint _must_ be owned by a namespace,"{""cwe_mapping"": ""Based on the provided analysis, the best Common Weakness Enumeration (CWE) that describes the issue is:\nCWE-285: Improper Authorization\n\nDescription: This weakness occurs when an application does not properly enforce what a user is allowed to access or modify, leading to unauthorized actions being performed.\n\nCWE-285 aligns with the requirement for ownership of a constraint by a namespace, implying the necessity of proper authorization for this security constraint within the code project."", ""details"": ""Successful CWE mapping""}"
// Doesn't fit in buffer. Write immediately. // ensure nothing left to write,"{""cwe_mapping"": ""Based on the analysis provided, the most suitable Common Weakness Enumeration (CWE) for the identified issue is CWE-120: Buffer Copy without Checking Size of Input ('Classic Buffer Overflow'). \n\nCWE-120 involves an overflow that occurs due to improper bounds checking, which could potentially lead to a security vulnerability in the code if not addressed adequately."", ""details"": ""Successful CWE mapping""}"
// Get previous state in stack. //,"{""cwe_mapping"": ""N/a"", ""details"": ""N/a""}"
//this.forceCacheRefresh = forceCacheRefresh;,"{""cwe_mapping"": ""N/a"", ""details"": ""N/a""}"
// NT Includes other types of Credentials,"{""cwe_mapping"": ""N/a"", ""details"": ""N/a""}"
// test null source,"{""cwe_mapping"": ""N/a"", ""details"": ""N/a""}"
// create composer model,"{""cwe_mapping"": ""N/a"", ""details"": ""N/a""}"
// $NON-NLS-1$ // $NON-NLS-1$,"{""cwe_mapping"": ""N/a"", ""details"": ""N/a""}"
/*      * @see org.argouml.uml.ui.UMLModelElementListModel2#isValidElement(Object)      */,"{""cwe_mapping"": ""N/a"", ""details"": ""N/a""}"
// wrap read() methods to track output buffer,"{""cwe_mapping"": ""N/a"", ""details"": ""N/a""}"
// Prepare the Results tabbed pane,"{""cwe_mapping"": ""N/a"", ""details"": ""N/a""}"
//}}},"{""cwe_mapping"": ""N/a"", ""details"": ""N/a""}"
//to stop the class from being unloaded,"{""cwe_mapping"": ""N/a"", ""details"": ""N/a""}"
//The source was one of the referenced state's path which // has got a new name.,"{""cwe_mapping"": ""N/a"", ""details"": ""N/a""}"
"// a file, not in the root // since the jar may be one without directory // entries, add the parent dir of this file as // well.","{""cwe_mapping"": ""N/a"", ""details"": ""N/a""}"
//{{{ peekElement() method,"{""cwe_mapping"": ""N/a"", ""details"": ""N/a""}"
/* 	 * (non-Javadoc) 	 *  	 * @see java.awt.event.ActionListener#actionPerformed(java.awt.event.ActionEvent) 	 */,"{""cwe_mapping"": ""N/a"", ""details"": ""N/a""}"
"/*      * @see org.argouml.uml.cognitive.critics.CrUML#predicate2(      *      java.lang.Object, org.argouml.cognitive.Designer)      */","{""cwe_mapping"": ""N/a"", ""details"": ""N/a""}"
//{{{ Folding,"{""cwe_mapping"": ""N/a"", ""details"": ""N/a""}"
"/*                  * Complete the big bucket [ss] by quicksorting                  * any unsorted small buckets [ss, j].  Hopefully                  * previous pointer-scanning phases have already                  * completed many of the small buckets [ss, j], so                  * we don't have to sort them at all.                  */","{""cwe_mapping"": ""Based on the provided analysis, the most relevant Common Weakness Enumeration (CWE) for the identified issue is:\n\nCWE-749: Exposed Unsafe ActiveX Method\nDescription: This weakness involves the utilization of ActiveX controls that expose unsafe methods susceptible to security vulnerabilities, potentially leading to security debt."", ""details"": ""Successful CWE mapping""}"
// Fill 3 of value (byte) -19,"{""cwe_mapping"": ""N/a"", ""details"": ""N/a""}"
// we have the whole contents of the CLOB,"{""cwe_mapping"": ""N/a"", ""details"": ""N/a""}"
// Column,"{""cwe_mapping"": ""N/a"", ""details"": ""N/a""}"
//inject the data,"{""cwe_mapping"": ""N/a"", ""details"": ""N/a""}"
// Block and block pass passed in at same time....uh oh,"{""cwe_mapping"": ""Based on the provided analysis, the issue described relates to CWE-384: Session Fixation. This weakness occurs when an attacker can influence the value of a session identifier. In this case, passing two blocks in simultaneously could potentially lead to session fixation vulnerabilities."", ""details"": ""Successful CWE mapping""}"
// try to set selection,"{""cwe_mapping"": ""N/a"", ""details"": ""N/a""}"
//{{{ sort() method,"{""cwe_mapping"": ""N/a"", ""details"": ""N/a""}"
//TestCase/implementedGenOperation.override.javajetinc,"{""cwe_mapping"": ""N/a"", ""details"": ""N/a""}"
// state ~~~~~~~~~~~~~~~~~~~~~~~~~~~~~~~~~~~~~~~~~~~~~~~~~~~~~~~~~~~~~~~~~,"{""cwe_mapping"": ""N/a"", ""details"": ""N/a""}"
// $NON-NLS-1$ // $NON-NLS-1$,"{""cwe_mapping"": ""N/a"", ""details"": ""N/a""}"
"// A ""location"" attribute for a node within a // Path object.","{""cwe_mapping"": ""N/a"", ""details"": ""N/a""}"
// add duplicates as per bug,"{""cwe_mapping"": ""Based on the analysis provided, the most suitable Common Weakness Enumeration (CWE) that describes the issue is CWE-682: Incorrect Calculation. This weakness occurs when software components perform incorrect calculations due to errors like adding duplicates to address a bug without resolving it properly."", ""details"": ""Successful CWE mapping""}"
"// If we have resolved to an EClass but we have an EAttribute, we can change it to be an EReference. //","{""cwe_mapping"": ""N/a"", ""details"": ""N/a""}"
// i18n[HQLPanelController.hqlToSqlSuccess=Generated {0} SQL(s) in {1} milliseconds.],"{""cwe_mapping"": ""N/a"", ""details"": ""N/a""}"
// expect the worst,"{""cwe_mapping"": ""N/a"", ""details"": ""N/a""}"
/*      * @see java.lang.Runnable#run()      */,"{""cwe_mapping"": ""N/a"", ""details"": ""N/a""}"
// OK // $NON-NLS-1$,"{""cwe_mapping"": ""N/a"", ""details"": ""N/a""}"
//}}},"{""cwe_mapping"": ""N/a"", ""details"": ""N/a""}"
// mark it as selected,"{""cwe_mapping"": ""N/a"", ""details"": ""N/a""}"
// i18n[DataSetUpdateableTableModelImpl.error.unknownerror=Unknown error during check on DB.  Update is probably not safe.\nDo you wish to proceed?],"{""cwe_mapping"": ""N/a"", ""details"": ""N/a""}"
/*  ================      *  Instance Methods      *  ================       */,"{""cwe_mapping"": ""N/a"", ""details"": ""N/a""}"
/* add the UDTs. */,"{""cwe_mapping"": ""N/a"", ""details"": ""N/a""}"
// TODO move to new standard location and rewrite test to be less static,"{""cwe_mapping"": ""Based on the provided SASD analysis response, the best match for the described issue would be CWE-540: Insecure Implementation of SSL. This weakness involves the insecure implementation of a security function, such as moving a method to a new location and rewriting tests in a less static manner, which can introduce security vulnerabilities."", ""details"": ""Successful CWE mapping""}"
// Or a feature map child? //,"{""cwe_mapping"": ""N/a"", ""details"": ""N/a""}"
//i18n[DropTableDialog.schemaLabel=Schema:],"{""cwe_mapping"": ""N/a"", ""details"": ""N/a""}"
//private Type[] sqlResultTypes;,"{""cwe_mapping"": ""N/a"", ""details"": ""N/a""}"
// args is either constructor arguments or array dimensions,"{""cwe_mapping"": ""N/a"", ""details"": ""N/a""}"
//$NON-NLS-1$,"{""cwe_mapping"": ""N/a"", ""details"": ""N/a""}"
"// do nothing. it's naive, but since // the utility is meant to parse access // logs the formatting should be correct","{""cwe_mapping"": ""Based on the analysis provided, the most suitable Common Weakness Enumeration (CWE) for this scenario would be:\nCWE-682: Incorrect Calculation. \nDescription: This weakness is generally described as the program using incorrect calculations or data to make security decisions."", ""details"": ""Successful CWE mapping""}"
// Check if Columba is the default mail client,"{""cwe_mapping"": ""N/a"", ""details"": ""N/a""}"
/* update fold visibility map. */,"{""cwe_mapping"": ""N/a"", ""details"": ""N/a""}"
// Match against every other operation but this one. //,"{""cwe_mapping"": ""N/a"", ""details"": ""N/a""}"
// Create classes and their features,"{""cwe_mapping"": ""N/a"", ""details"": ""N/a""}"
// it doesn't handle special cases,"{""cwe_mapping"": ""N/a"", ""details"": ""N/a""}"
// find optimum height and map to range,"{""cwe_mapping"": ""N/a"", ""details"": ""N/a""}"
// line 1103,"{""cwe_mapping"": ""N/a"", ""details"": ""N/a""}"
// i18n[FactoryProviderController.fileCreated=File {0} has been successfully created.],"{""cwe_mapping"": ""N/a"", ""details"": ""N/a""}"
// repaint table header,"{""cwe_mapping"": ""N/a"", ""details"": ""N/a""}"
//{{{ getScreenLineEndOffset() method,"{""cwe_mapping"": ""N/a"", ""details"": ""N/a""}"
//$NON-NLS-1$,"{""cwe_mapping"": ""N/a"", ""details"": ""N/a""}"
//EcoreValidator,"{""cwe_mapping"": ""N/a"", ""details"": ""N/a""}"
/*          * wait for stream threads to die          *           */,"{""cwe_mapping"": ""N/a"", ""details"": ""N/a""}"
//}}},"{""cwe_mapping"": ""N/a"", ""details"": ""N/a""}"
"// Attempt to parse authority. If the section is an empty string // this is a valid server based authority, so set the host to this // value.","{""cwe_mapping"": ""Based on the analysis provided, the most suitable Common Weakness Enumeration (CWE) for this scenario would be:\nCWE-807: Reliance on Untrusted Inputs in a Security Decision.\nDescription: The use of untrusted inputs, such as an empty string, to make security decisions can lead to vulnerabilities in the application's functionality or behavior."", ""details"": ""Successful CWE mapping""}"
// draw average - SPECIAL AIMS REQUIREMENT,"{""cwe_mapping"": ""N/a"", ""details"": ""N/a""}"
// Continue with the established base URL.,"{""cwe_mapping"": ""N/a"", ""details"": ""N/a""}"
////////////////////////////////////////////////////////////////////////// // test inc methods //////////////////////////////////////////////////////////////////////////,"{""cwe_mapping"": ""N/a"", ""details"": ""N/a""}"
// aload_1 // load bean,"{""cwe_mapping"": ""Based on the provided analysis, the most relevant Common Weakness Enumeration (CWE) for this issue is:\n- **CWE-95: Improper Neutralization of Directives in Dynamically Evaluated Code ('Eval Injection')**\n  Description: The lack of detail in loading a bean without proper security checks or validations could lead to arbitrary code execution due to improper neutralization of directives, potentially causing injection attacks."", ""details"": ""Successful CWE mapping""}"
//}}},"{""cwe_mapping"": ""N/a"", ""details"": ""N/a""}"
//}}},"{""cwe_mapping"": ""N/a"", ""details"": ""N/a""}"
// If this isn't instanceof org.hibernate.type.CollectionType a NoSuchMethodException will be thrown,"{""cwe_mapping"": ""Based on the analysis provided, the most suitable Common Weakness Enumeration (CWE) that describes the issue is:\nCWE-391: Unchecked Error Condition. This weakness involves the failure to handle error conditions, such as exceptions, leading to possible security vulnerabilities."", ""details"": ""Successful CWE mapping""}"
"//Font font = UIManager.getFont(""Label.font"");","{""cwe_mapping"": ""N/a"", ""details"": ""N/a""}"
"// field is not nullable or input was not a delete // // we have already handled all legal input, // so just tell user this is being ignored","{""cwe_mapping"": ""Based on the provided analysis, the best Common Weakness Enumeration (CWE) to describe the issue would be:\nCWE-20: Improper Input Validation.\nDescription: This weakness occurs when the software does not properly validate input data, allowing attackers to manipulate or inject malicious data."", ""details"": ""Successful CWE mapping""}"
// draw path,"{""cwe_mapping"": ""N/a"", ""details"": ""N/a""}"
"// this will result in a slight speed up, since we // don't need to read the DTD anyway, as AElfred is // non-validating","{""cwe_mapping"": ""Based on the analysis provided, the Common Weakness Enumeration (CWE) that best describes the issue is:\n\nCWE-601: URL Redirection to Untrusted Site ('Open Redirect')\nDescription: This weakness occurs when an application enables the redirection of a user to a site controlled by an attacker, thereby facilitating phishing attacks or malicious redirects.\n\nThis CWE aligns well with the risk identified in the SASD analysis response of bypassing security controls for performance gain, potentially introducing security risks."", ""details"": ""Successful CWE mapping""}"
// Begin second unit of work,"{""cwe_mapping"": ""N/a"", ""details"": ""N/a""}"
// composer can either edit in html or plain text mode // listen for configuration changes,"{""cwe_mapping"": ""N/a"", ""details"": ""N/a""}"
// end class,"{""cwe_mapping"": ""N/a"", ""details"": ""N/a""}"
/* Implements JMeterGUIComponent.createTestElement() */,"{""cwe_mapping"": ""N/a"", ""details"": ""N/a""}"
// ITEM_LABELS_VISIBLE,"{""cwe_mapping"": ""N/a"", ""details"": ""N/a""}"
// end foreach map entry // end else,"{""cwe_mapping"": ""N/a"", ""details"": ""N/a""}"
"// We do not use getEncoding method of Writer, since that returns // the historical name","{""cwe_mapping"": ""Based on the provided analysis, the most appropriate Common Weakness Enumeration (CWE) for the security weakness described is CWE-807: Reliance on Untrusted Inputs in a Security Decision. This CWE represents situations where the application relies on potentially untrusted inputs to make decisions involving security-sensitive operations."", ""details"": ""Successful CWE mapping""}"
// Is there a supplied proc argument or do we assume a block was // supplied,"{""cwe_mapping"": ""N/a"", ""details"": ""N/a""}"
"// hide grid, otherwise can't see anything","{""cwe_mapping"": ""N/a"", ""details"": ""N/a""}"
// argument checking delegated...,"{""cwe_mapping"": ""N/a"", ""details"": ""N/a""}"
// Fill 2 of value (byte) -19 // Fill 2 of value (byte) 33 // Fill 4 of value (byte) -19 // Fill 2 of value (byte) 33,"{""cwe_mapping"": ""Based on the analysis provided, the most relevant Common Weakness Enumeration (CWE) for the described issue is:\nCWE-120: Buffer Copy without Checking Size of Input ('Classic Buffer Overflow')\n\nDescription: The code contains explicit manipulations that could lead to buffer overflows, data corruption, and potentially enable attackers to execute arbitrary code by overwriting adjacent memory locations."", ""details"": ""Successful CWE mapping""}"
// Gone from UML 2.x //        throw new NotImplementedException();,"{""cwe_mapping"": ""N/a"", ""details"": ""N/a""}"
// NOI18N,"{""cwe_mapping"": ""N/a"", ""details"": ""N/a""}"
"/* At this stage during loading, the diagrams are          * not created yet - so we have to store this name for later use. */","{""cwe_mapping"": ""N/a"", ""details"": ""N/a""}"
//}}},"{""cwe_mapping"": ""N/a"", ""details"": ""N/a""}"
"// if there was a problem with converting, then just fall through // and continue as if there was no default given in the DB. // Otherwise, use the converted object","{""cwe_mapping"": ""N/a"", ""details"": ""N/a""}"
//{{{ xToOffset() method,"{""cwe_mapping"": ""N/a"", ""details"": ""N/a""}"
// line 1254,"{""cwe_mapping"": ""N/a"", ""details"": ""N/a""}"
// If this is 'elements' then create a new FROM element.,"{""cwe_mapping"": ""N/a"", ""details"": ""N/a""}"
// Fall tru,"{""cwe_mapping"": ""N/a"", ""details"": ""N/a""}"
// Formula for a is described in the overall class description.,"{""cwe_mapping"": ""N/a"", ""details"": ""N/a""}"
"// decimal form, like (but not *just* like!) 'f'","{""cwe_mapping"": ""N/a"", ""details"": ""N/a""}"
//load should work several times in a row,"{""cwe_mapping"": ""N/a"", ""details"": ""N/a""}"
// Fill 53 of value (byte) -19 // Fill 2 of value (byte) 33,"{""cwe_mapping"": ""N/a"", ""details"": ""N/a""}"
// Available specification version must be >= required,"{""cwe_mapping"": ""N/a"", ""details"": ""N/a""}"
// not reached,"{""cwe_mapping"": ""N/a"", ""details"": ""N/a""}"
// Ignore.,"{""cwe_mapping"": ""N/a"", ""details"": ""N/a""}"
// not found. start from // beginning,"{""cwe_mapping"": ""N/a"", ""details"": ""N/a""}"
// store every open frame in our temporary list,"{""cwe_mapping"": ""N/a"", ""details"": ""N/a""}"
// $NON-NLS-1$,"{""cwe_mapping"": ""N/a"", ""details"": ""N/a""}"
// $NON-NLS-1$ // $NON-NLS-1$ // $NON-NLS-1$,"{""cwe_mapping"": ""N/a"", ""details"": ""N/a""}"
// form integral number of 6-bit groups,"{""cwe_mapping"": ""N/a"", ""details"": ""N/a""}"
"// Get all the request properties, which are the headers set on the connection","{""cwe_mapping"": ""N/a"", ""details"": ""N/a""}"
// i18n[sqlbookmark.desc=Description:],"{""cwe_mapping"": ""N/a"", ""details"": ""N/a""}"
//{{{ updateWrapSettings() method,"{""cwe_mapping"": ""N/a"", ""details"": ""N/a""}"
"// if at least one property listed here is true, // load the plugin","{""cwe_mapping"": ""N/a"", ""details"": ""N/a""}"
// create a form builder,"{""cwe_mapping"": ""N/a"", ""details"": ""N/a""}"
// There used to be a frame.pack() here but it resized the frame // to be very wide if text output was used.,"{""cwe_mapping"": ""N/a"", ""details"": ""N/a""}"
// $NON-NLS-1$,"{""cwe_mapping"": ""N/a"", ""details"": ""N/a""}"
// Force the configuration to load,"{""cwe_mapping"": ""N/a"", ""details"": ""N/a""}"
//}}},"{""cwe_mapping"": ""N/a"", ""details"": ""N/a""}"
/*++*/,"{""cwe_mapping"": ""N/a"", ""details"": ""N/a""}"
// replace some arguments by another field names (constants),"{""cwe_mapping"": ""Based on the provided analysis, the most relevant CWE for the issue described is:\nCWE-470: Use of Externally-Controlled Input to Select Classes or Code ('Unsafe Reflection')\nDescription: This weakness involves using input to determine the classes or code that will be executed, which can lead to unexpected behavior or security vulnerabilities due to inconsistent or incorrect handling of input data."", ""details"": ""Successful CWE mapping""}"
/*      * @see org.tigris.gef.presentation.Fig#getClosestPoint(java.awt.Point)      */,"{""cwe_mapping"": ""N/a"", ""details"": ""N/a""}"
// $NON-NLS-1$,"{""cwe_mapping"": ""N/a"", ""details"": ""N/a""}"
// Store the key,"{""cwe_mapping"": ""N/a"", ""details"": ""N/a""}"
// exit immediately,"{""cwe_mapping"": ""N/a"", ""details"": ""N/a""}"
//missing 2 private use add manually,"{""cwe_mapping"": ""Based on the provided SASD analysis response, the most suitable Common Weakness Enumeration (CWE) for the identified security issue is:\n\nCWE-710: Improper Adherence to Coding Standards\nDescription: This weakness occurs when developers do not adhere to coding standards, such as lacking the proper use of defined variables or functions."", ""details"": ""Successful CWE mapping""}"
// url decode,"{""cwe_mapping"": ""N/a"", ""details"": ""N/a""}"
/* This sets the lineWidth of all in the group: */,"{""cwe_mapping"": ""N/a"", ""details"": ""N/a""}"
// $NON-NLS-1$,"{""cwe_mapping"": ""N/a"", ""details"": ""N/a""}"
// message contains list of attachments,"{""cwe_mapping"": ""N/a"", ""details"": ""N/a""}"
"/*       public RegularExpression createRegex(String regex, int options) throws ParseException {           Token tok = this.parse(regex, options);           return new RegularExpression(regex, tok, this.parennumber, this.hasBackReferences, options);       }       */","{""cwe_mapping"": ""N/a"", ""details"": ""N/a""}"
"// Iterate through the alias,JoinSequence pairs and generate SQL token nodes.","{""cwe_mapping"": ""N/a"", ""details"": ""N/a""}"
// Wake up the others!,"{""cwe_mapping"": ""Based on the analysis provided, the most suitable Common Weakness Enumeration (CWE) for this issue would be:\nCWE-710: Improper Adherence to Coding Standards\nDescription: This weakness occurs when code does not adhere to established coding standards, potentially leading to confusion, maintenance issues, or security vulnerabilities due to lack of clarity in the code."", ""details"": ""Successful CWE mapping""}"
/*    * Javadoc copied from interface.    */,"{""cwe_mapping"": ""N/a"", ""details"": ""N/a""}"
"// Don't include controlled children here, they'll show up under their container. //","{""cwe_mapping"": ""N/a"", ""details"": ""N/a""}"
// allow fixed thickness,"{""cwe_mapping"": ""N/a"", ""details"": ""N/a""}"
// perform split if there is more than 1 fragment,"{""cwe_mapping"": ""N/a"", ""details"": ""N/a""}"
// skip if user didn't enable this option,"{""cwe_mapping"": ""N/a"", ""details"": ""N/a""}"
// it is a removed file,"{""cwe_mapping"": ""N/a"", ""details"": ""N/a""}"
/* end class StylePanelFigPackage */,"{""cwe_mapping"": ""N/a"", ""details"": ""N/a""}"
//{{{ directoryLoaded() method,"{""cwe_mapping"": ""N/a"", ""details"": ""N/a""}"
//$NON-NLS-1$,"{""cwe_mapping"": ""N/a"", ""details"": ""N/a""}"
/*      * @param response @return      */,"{""cwe_mapping"": ""N/a"", ""details"": ""N/a""}"
////////////////////////////////////////////////////////////////////////// // test timeline translations //////////////////////////////////////////////////////////////////////////,"{""cwe_mapping"": ""N/a"", ""details"": ""N/a""}"
// required // required,"{""cwe_mapping"": ""N/a"", ""details"": ""N/a""}"
// hide splash screen,"{""cwe_mapping"": ""N/a"", ""details"": ""N/a""}"
// try a few checks to ensure that the clone is independent of the // original,"{""cwe_mapping"": ""Based on the provided analysis, the most suitable Common Weakness Enumeration (CWE) for this scenario is:\n\nCWE-448: Incomplete Solution\nDescription: This weakness occurs when an intended security protection is implemented incompletely, leaving the system vulnerable to attacks due to insufficient checks or measures."", ""details"": ""Successful CWE mapping""}"
"// If the Add menu already exists, remove it.","{""cwe_mapping"": ""Based on the analysis provided, the potential security weakness described is related to CWE-451: User Interface (UI) Misrepresentation of Critical Information. This weakness involves the misrepresentation of critical information in the user interface, which can lead to security vulnerabilities."", ""details"": ""Successful CWE mapping""}"
// Ignore if the directory does not exist. // This error will throw when running from the ant setup.,"{""cwe_mapping"": ""N/a"", ""details"": ""N/a""}"
// t1 depends on t2,"{""cwe_mapping"": ""N/a"", ""details"": ""N/a""}"
//{{{ createWindowTableScroller() method,"{""cwe_mapping"": ""N/a"", ""details"": ""N/a""}"
// $NON-NLS-1$,"{""cwe_mapping"": ""N/a"", ""details"": ""N/a""}"
//{{{ BrowserColorsModel constructor,"{""cwe_mapping"": ""N/a"", ""details"": ""N/a""}"
//}}},"{""cwe_mapping"": ""N/a"", ""details"": ""N/a""}"
// Initialize simple dependencies,"{""cwe_mapping"": ""N/a"", ""details"": ""N/a""}"
//}}},"{""cwe_mapping"": ""N/a"", ""details"": ""N/a""}"
//}}},"{""cwe_mapping"": ""N/a"", ""details"": ""N/a""}"
//}}},"{""cwe_mapping"": ""N/a"", ""details"": ""N/a""}"
// Ignore.,"{""cwe_mapping"": ""N/a"", ""details"": ""N/a""}"
// Read the first token.,"{""cwe_mapping"": ""N/a"", ""details"": ""N/a""}"
// toolTipGenerator,"{""cwe_mapping"": ""N/a"", ""details"": ""N/a""}"
// ALTER VIEW oldTableName RENAME TO newTableName; // RENAME oldTableName TO newTableName;,"{""cwe_mapping"": ""N/a"", ""details"": ""N/a""}"
//{{{ getBottomDockingArea() method,"{""cwe_mapping"": ""N/a"", ""details"": ""N/a""}"
//{{{ getLastModified() method,"{""cwe_mapping"": ""N/a"", ""details"": ""N/a""}"
/*      * @see org.argouml.uml.ui.UMLModelElementListModel2#buildModelList()      */,"{""cwe_mapping"": ""N/a"", ""details"": ""N/a""}"
// line 616,"{""cwe_mapping"": ""N/a"", ""details"": ""N/a""}"
// large icon for toolbar,"{""cwe_mapping"": ""N/a"", ""details"": ""N/a""}"
// tickLabelPaint,"{""cwe_mapping"": ""N/a"", ""details"": ""N/a""}"
"// Modelled after c ruby implementation (java /,% not same as ruby)","{""cwe_mapping"": ""N/a"", ""details"": ""N/a""}"
//}}},"{""cwe_mapping"": ""N/a"", ""details"": ""N/a""}"
// CheckStyle:ParameterNumberCheck OFF - bc,"{""cwe_mapping"": ""N/a"", ""details"": ""N/a""}"
//The pw. If user name is anonymous this can be anything. But it has to be supplied anyway.,"{""cwe_mapping"": ""Based on the analysis provided, the Common Weakness Enumeration (CWE) that best describes the issue is:\n\nCWE-287: Improper Authentication\nDescription: This vulnerability occurs when an application does not properly authenticate users before granting access. In this case, allowing any password for anonymous users can lead to unauthorized access."", ""details"": ""Successful CWE mapping""}"
//{{{ addNotify() method,"{""cwe_mapping"": ""N/a"", ""details"": ""N/a""}"
// Calling connect() will add the edge to the GraphModel and // any LayerPersectives on that GraphModel will get a // edgeAdded event and will add an appropriate FigEdge // (determined by the GraphEdgeRenderer).,"{""cwe_mapping"": ""N/a"", ""details"": ""N/a""}"
// TODO: What?,"{""cwe_mapping"": ""N/a"", ""details"": ""N/a""}"
// $NON-NLS-1$,"{""cwe_mapping"": ""N/a"", ""details"": ""N/a""}"
// local constraint,"{""cwe_mapping"": ""N/a"", ""details"": ""N/a""}"
// execute command -> use mock object class as worker which does // nothing,"{""cwe_mapping"": ""N/a"", ""details"": ""N/a""}"
//{{{ getSelectionColor() method,"{""cwe_mapping"": ""N/a"", ""details"": ""N/a""}"
// Even primitives should be represented by a data type with a conventional (i.e. capitalized) name. //,"{""cwe_mapping"": ""N/a"", ""details"": ""N/a""}"
/*      * We use FILE versus IO to match T_FILE in MRI.      */,"{""cwe_mapping"": ""N/a"", ""details"": ""N/a""}"
// offset the start of the boxes if the total width used is smaller // than the category width,"{""cwe_mapping"": ""N/a"", ""details"": ""N/a""}"
//$NON-NLS-1$ //$NON-NLS-1$ //$NON-NLS-1$ //$NON-NLS-1$ //$NON-NLS-1$ //$NON-NLS-1$ //$NON-NLS-1$ //$NON-NLS-1$ //$NON-NLS-1$ //$NON-NLS-1$,"{""cwe_mapping"": ""N/a"", ""details"": ""N/a""}"
"// Split constraint body, if user wants us to","{""cwe_mapping"": ""N/a"", ""details"": ""N/a""}"
//}}},"{""cwe_mapping"": ""N/a"", ""details"": ""N/a""}"
"// Most browsers use ISO-8859-1 as default encoding, even if spec says UTF-8","{""cwe_mapping"": ""The issue described in the analysis best fits CWE-116: Improper Encoding or Escaping of Output. This weakness involves improper handling of character encoding which may lead to security vulnerabilities due to incorrect encoding settings or default settings in the application."", ""details"": ""Successful CWE mapping""}"
// done processing args,"{""cwe_mapping"": ""N/a"", ""details"": ""N/a""}"
// Add the binding to the provided hash table: //,"{""cwe_mapping"": ""N/a"", ""details"": ""N/a""}"
// add a subtitle giving the data source,"{""cwe_mapping"": ""N/a"", ""details"": ""N/a""}"
"/*      * If non-null, then any argument list passed to invoke() will be ignored.      */","{""cwe_mapping"": ""N/a"", ""details"": ""N/a""}"
// i18n[UdfDetailsTab.hint=Display UDF details],"{""cwe_mapping"": ""N/a"", ""details"": ""N/a""}"
//////////////////////////////////////////////////////////////////////////,"{""cwe_mapping"": ""N/a"", ""details"": ""N/a""}"
// Guaranteed to return a non-null array,"{""cwe_mapping"": ""N/a"", ""details"": ""N/a""}"
"//add in any extra files. //this is an error in mono, but we do not warn on it as they may fix that outside //the ant build cycle.","{""cwe_mapping"": ""N/a"", ""details"": ""N/a""}"
//{{{ Position methods,"{""cwe_mapping"": ""N/a"", ""details"": ""N/a""}"
// backgroundImage,"{""cwe_mapping"": ""N/a"", ""details"": ""N/a""}"
// Disable DELETE and BROWSE if there are no rows in the table to delete.,"{""cwe_mapping"": ""N/a"", ""details"": ""N/a""}"
// name of font,"{""cwe_mapping"": ""N/a"", ""details"": ""N/a""}"
// save action has been cancelled,"{""cwe_mapping"": ""N/a"", ""details"": ""N/a""}"
"// shortcut key // no shortcut here, because F10 conflicts with system accelerator key // putValue(ACCELERATOR_KEY, KeyStroke.getKeyStroke(KeyEvent.VK_F10, // 0));","{""cwe_mapping"": ""N/a"", ""details"": ""N/a""}"
"// otherwise, there's a receiver, so we pass that in directly for the sclass logic","{""cwe_mapping"": ""N/a"", ""details"": ""N/a""}"
/* 	 * (non-Javadoc) 	 *  	 * @see org.columba.calendar.ui.calendar.api.ICalendarView#viewToday() 	 */,"{""cwe_mapping"": ""N/a"", ""details"": ""N/a""}"
// ignored,"{""cwe_mapping"": ""N/a"", ""details"": ""N/a""}"
// check independence,"{""cwe_mapping"": ""N/a"", ""details"": ""N/a""}"
//{{{ setValue() method,"{""cwe_mapping"": ""N/a"", ""details"": ""N/a""}"
//MappingFactory,"{""cwe_mapping"": ""N/a"", ""details"": ""N/a""}"
//$NON-NLS-1$,"{""cwe_mapping"": ""N/a"", ""details"": ""N/a""}"
//}}},"{""cwe_mapping"": ""N/a"", ""details"": ""N/a""}"
// rerouting the destination:,"{""cwe_mapping"": ""N/a"", ""details"": ""N/a""}"
//}}},"{""cwe_mapping"": ""N/a"", ""details"": ""N/a""}"
// no matching method found,"{""cwe_mapping"": ""N/a"", ""details"": ""N/a""}"
//{{{ LineContext class,"{""cwe_mapping"": ""N/a"", ""details"": ""N/a""}"
// Span across two columns,"{""cwe_mapping"": ""Based on the analysis of Self-Admitted Security Debt (SASD) focusing on explicit acknowledgments of security weaknesses or deferred fixes, the most suitable Common Weakness Enumeration for this scenario would be CWE-759: Use of a One-Way Hash without a Salt. This CWE describes the use of a hashing function without including a unique salt value, which can weaken the security of the stored passwords and make them more susceptible to attacks such as rainbow tables."", ""details"": ""Successful CWE mapping""}"
// Add child to parent,"{""cwe_mapping"": ""N/a"", ""details"": ""N/a""}"
/*      * @see org.argouml.uml.ui.UMLComboBoxModel#buildModelList()      */,"{""cwe_mapping"": ""N/a"", ""details"": ""N/a""}"
// Save hostname for ResultSaver // $NON_NLS-1$,"{""cwe_mapping"": ""N/a"", ""details"": ""N/a""}"
// description,"{""cwe_mapping"": ""N/a"", ""details"": ""N/a""}"
/*          * @see java.awt.event.ActionListener#actionPerformed(java.awt.event.ActionEvent)          */,"{""cwe_mapping"": ""N/a"", ""details"": ""N/a""}"
// check null argument,"{""cwe_mapping"": ""N/a"", ""details"": ""N/a""}"
"/*      * Returns the selection value as a int,      * with the value set to zero if it is out of range.      */","{""cwe_mapping"": ""N/a"", ""details"": ""N/a""}"
// N.B. This needs to divert the log for SampleResult,"{""cwe_mapping"": ""Based on the analysis provided, the best Common Weakness Enumeration (CWE) that describes the issue is:\nCWE-117: Improper Output Neutralization for Logs\nDescription: This weakness occurs when untrusted data is logged without proper neutralization, which can make it easier for attackers to exploit the system.\n\nCWE-749: Exposed Dangerous Method or Function\nDescription: This weakness occurs when a method or function with security implications is exposed to potential attackers, making it easier for them to exploit the system."", ""details"": ""Successful CWE mapping""}"
"// now draw the outlines, if visible...","{""cwe_mapping"": ""N/a"", ""details"": ""N/a""}"
// save the original value for re-use by CLOB/BLOB types in conversion,"{""cwe_mapping"": ""N/a"", ""details"": ""N/a""}"
//}}},"{""cwe_mapping"": ""N/a"", ""details"": ""N/a""}"
"// for each element in the ""not use"" set, if selected then add to ""use"", // otherwise add to new ""not use"" set","{""cwe_mapping"": ""N/a"", ""details"": ""N/a""}"
// if user adds mode buffer-local property,"{""cwe_mapping"": ""N/a"", ""details"": ""N/a""}"
// create stream from string,"{""cwe_mapping"": ""N/a"", ""details"": ""N/a""}"
// delegate already handles PK columns,"{""cwe_mapping"": ""N/a"", ""details"": ""N/a""}"
//_driversListWindow.nowVisible(true);,"{""cwe_mapping"": ""N/a"", ""details"": ""N/a""}"
//{{{ setIgnoreCase() method,"{""cwe_mapping"": ""N/a"", ""details"": ""N/a""}"
// Time and Date Functions ~~~~~~~~~~~~~~~~~~~~~~~~~~~~~~~~~~~~~~~~~~~~~~~~~~~~~~~~~~~~~~~~~~~~~~~~~~~~~~~~~~~~~,"{""cwe_mapping"": ""N/a"", ""details"": ""N/a""}"
// UNDONE,"{""cwe_mapping"": ""N/a"", ""details"": ""N/a""}"
// CheckStyle:VisibilityModifier ON,"{""cwe_mapping"": ""N/a"", ""details"": ""N/a""}"
// Needs to be done before any GUI classes are instantiated,"{""cwe_mapping"": ""Based on the analysis provided, the most fitting Common Weakness Enumeration (CWE) that describes the issue is:\n- CWE-759: Use of a One-Way Hash without a Salt\n   Description: This weakness often leads to security debt by making it easier for attackers to brute force passwords and potentially gain unauthorized access."", ""details"": ""Successful CWE mapping""}"
//Ignore manifest entries.  They're bound to cause conflicts between //files that are being merged.  User should supply their own //manifest file when doing the merge.,"{""cwe_mapping"": ""N/a"", ""details"": ""N/a""}"
// no childs - we have a leaf view (i.e. with contents),"{""cwe_mapping"": ""N/a"", ""details"": ""N/a""}"
// Ensure that the sample save config is not shared between copied nodes // N.B. clone only seems to be used for client-server tests,"{""cwe_mapping"": ""Based on the analysis provided, the relevant Common Weakness Enumeration (CWE) for the identified issue would be:\nCWE-545: Use of Non-Canonical URL Paths in a Web Page configurable the attacker to access content outside the current URL path."", ""details"": ""Successful CWE mapping""}"
// Fill 7 of value (byte) -19,"{""cwe_mapping"": ""N/a"", ""details"": ""N/a""}"
//}}},"{""cwe_mapping"": ""N/a"", ""details"": ""N/a""}"
// First (left) tab,"{""cwe_mapping"": ""N/a"", ""details"": ""N/a""}"
//{{{ ActionHandler class,"{""cwe_mapping"": ""N/a"", ""details"": ""N/a""}"
"//++ These names are used in the JMX files, and must not be changed","{""cwe_mapping"": ""N/a"", ""details"": ""N/a""}"
//////////////////////////////////////////////////////////////// // critiquing,"{""cwe_mapping"": ""N/a"", ""details"": ""N/a""}"
// convert the condition string to an int which is easier to handle,"{""cwe_mapping"": ""N/a"", ""details"": ""N/a""}"
// module is on top of stack,"{""cwe_mapping"": ""N/a"", ""details"": ""N/a""}"
//{{{ smartEnd() method,"{""cwe_mapping"": ""N/a"", ""details"": ""N/a""}"
//{{{ getText() method,"{""cwe_mapping"": ""N/a"", ""details"": ""N/a""}"
"// add search bar to main toolbar, in case its a managed frame mediator","{""cwe_mapping"": ""Based on the provided SASD analysis response, the most relevant Common Weakness Enumeration (CWE) for the issue described would be:\n\nCWE-807: Reliance on Untrusted Inputs in a Security Decision\nDescription: This CWE is about making a security decision based on untrusted inputs, which can lead to vulnerabilities. In this case, adding a search bar to the main toolbar could potentially introduce security weaknesses due to the managed frame mediator aspect being mentioned."", ""details"": ""Successful CWE mapping""}"
// return the text from the file since it does // represent a valid value of this data type,"{""cwe_mapping"": ""Based on the analysis provided, the Common Weakness Enumeration (CWE) that best describes the issue is CWE-20: Improper Input Validation. \nDescription: The code may not properly validate input data, leading to potential security vulnerabilities related to data validation."", ""details"": ""Successful CWE mapping""}"
//{{{ EnhancedButton constructor,"{""cwe_mapping"": ""N/a"", ""details"": ""N/a""}"
// Save parent node for later,"{""cwe_mapping"": ""N/a"", ""details"": ""N/a""}"
/*0000..007F;*/,"{""cwe_mapping"": ""N/a"", ""details"": ""N/a""}"
// split is performed,"{""cwe_mapping"": ""N/a"", ""details"": ""N/a""}"
// -C,"{""cwe_mapping"": ""N/a"", ""details"": ""N/a""}"
//{{{ runCachedBlock() method,"{""cwe_mapping"": ""N/a"", ""details"": ""N/a""}"
//$NON-NLS-1$,"{""cwe_mapping"": ""Based on the provided SASD analysis, the most suitable Common Weakness Enumeration (CWE) that describes the issue is:\n- CWE-116: Improper Encoding or Escaping of Output.\nThis CWE specifically focuses on the security concern related to unlocalized strings and potential lack of proper internationalization/localization handling which may lead to security vulnerabilities."", ""details"": ""Successful CWE mapping""}"
//}}},"{""cwe_mapping"": ""N/a"", ""details"": ""N/a""}"
"/* 		 * FormLayout layout = new FormLayout(""default"", ""default, default""); 		 * IContainer c = getContentPane(); c.setLayout(layout); 		 *  		 * CellConstraints cc = new CellConstraints(); 		 * c.add(createCenterPanel(detailsButton.isSelected()), cc.xy(1, 1)); 		 * c.add(bottomPanel, cc.xy(1, 2)); 		 */","{""cwe_mapping"": ""N/a"", ""details"": ""N/a""}"
"// give the Interceptor a chance to process property values, if the properties // were modified by the Interceptor, we need to set them back to the object","{""cwe_mapping"": ""N/a"", ""details"": ""N/a""}"
// *** Sequence methods - start. The RDMS dialect needs these,"{""cwe_mapping"": ""N/a"", ""details"": ""N/a""}"
/* MMessage */,"{""cwe_mapping"": ""N/a"", ""details"": ""N/a""}"
// -----  Cache-Configuration  -----,"{""cwe_mapping"": ""N/a"", ""details"": ""N/a""}"
/*      * Utility method to set up all the values      */,"{""cwe_mapping"": ""N/a"", ""details"": ""N/a""}"
/*      * @see java.awt.datatransfer.Transferable#isDataFlavorSupported(      *         java.awt.datatransfer.DataFlavor)      */,"{""cwe_mapping"": ""N/a"", ""details"": ""N/a""}"
// try a dataset with some content...,"{""cwe_mapping"": ""N/a"", ""details"": ""N/a""}"
// set From for redirecting; new: 20040629 SWITT,"{""cwe_mapping"": ""N/a"", ""details"": ""N/a""}"
//}}},"{""cwe_mapping"": ""N/a"", ""details"": ""N/a""}"
//RFC 2732 added '[' and ']' as reserved characters,"{""cwe_mapping"": ""N/a"", ""details"": ""N/a""}"
/* (non-Javadoc)      * @see net.sourceforge.squirrel_sql.fw.sql.ISQLDatabaseMetaData#getUserName()      */,"{""cwe_mapping"": ""N/a"", ""details"": ""N/a""}"
// KEY,"{""cwe_mapping"": ""N/a"", ""details"": ""N/a""}"
// returns the stored value without processing undefs (autoloads),"{""cwe_mapping"": ""N/a"", ""details"": ""N/a""}"
//$NON-NLS-1$,"{""cwe_mapping"": ""N/a"", ""details"": ""N/a""}"
// Scan hex sequence before possible '::' or IPv4 address.,"{""cwe_mapping"": ""Based on the analysis provided, the most relevant Common Weakness Enumeration (CWE) for the issue described in the code project is CWE-807: Reliance on Untrusted Inputs in a Security Decision. This weakness occurs when the software does not validate or incorrectly validates input that can affect the security of the software."", ""details"": ""Successful CWE mapping""}"
//yySindex 945,"{""cwe_mapping"": ""N/a"", ""details"": ""N/a""}"
"//error if both are empty, or both are set","{""cwe_mapping"": ""N/a"", ""details"": ""N/a""}"
// Removed from UML 2,"{""cwe_mapping"": ""N/a"", ""details"": ""N/a""}"
//$NON-NLS-1$,"{""cwe_mapping"": ""N/a"", ""details"": ""N/a""}"
//{{{ unloadServices() method,"{""cwe_mapping"": ""Based on the analysis provided, the Common Weakness Enumeration (CWE) that best describes the issue is:\n- **CWE-912: Hidden Functionality**\n  Description: The presence of hidden or undocumented features, known as 'backdoors', can introduce security vulnerabilities into a system, potentially leading to unauthorized access or other malicious activities."", ""details"": ""Successful CWE mapping""}"
"//		String CHECK_TABLE = ""checktable"";","{""cwe_mapping"": ""N/a"", ""details"": ""N/a""}"
"/* if user drops into a selection, 				replace selection */","{""cwe_mapping"": ""Based on the provided analysis, the Common Weakness Enumeration (CWE) that best describes the issue is CWE-829: Inclusion of Functionality from Untrusted Control Sphere. This CWE is about the use of functionality that is located in an untrusted control sphere, such as user input, without properly validating or sanitizing it, which can lead to security vulnerabilities."", ""details"": ""Successful CWE mapping""}"
"// If it's really a contained child, return the feature for it. //","{""cwe_mapping"": ""N/a"", ""details"": ""N/a""}"
// empty implementation - we only handle mouseClicked,"{""cwe_mapping"": ""Based on the analysis provided, the Common Weakness Enumeration (CWE) that best describes the issue is:\n- CWE-116: Improper Encoding or Escaping of Output: This weakness occurs when user inputs are not properly handled or escaped, leading to potential security vulnerabilities such as injection attacks."", ""details"": ""Successful CWE mapping""}"
//}}},"{""cwe_mapping"": ""N/a"", ""details"": ""N/a""}"
// dummy1 --> dummy2 --> dummy3 // (which has the Project's basedir as root).,"{""cwe_mapping"": ""N/a"", ""details"": ""N/a""}"
// field is not nullable //,"{""cwe_mapping"": ""Based on the analysis provided, the Common Weakness Enumeration (CWE) that best describes the issue is:\nCWE-116: Improper Encoding or Escaping of Output\nDescription: This weakness occurs when a developer does not properly encode or escape user-controllable input before it is placed into output that is used as a web page. This can lead to various injection attacks like cross-site scripting (XSS).\n\nCWE-20: Improper Input Validation\nDescription: This weakness occurs when the software does not properly validate input data, allowing attackers to craft malicious inputs that can cause unexpected behavior and security vulnerabilities."", ""details"": ""Successful CWE mapping""}"
//do nothing,"{""cwe_mapping"": ""N/a"", ""details"": ""N/a""}"
// Programming error. Don't // continue.,"{""cwe_mapping"": ""Based on the analysis provided, the most suitable Common Weakness Enumeration (CWE) for this scenario would be CWE-703: Improper Check or Handling of Exceptional Conditions. This CWE highlights the failure to properly handle error conditions or exceptional scenarios, which can lead to security vulnerabilities in software systems."", ""details"": ""Successful CWE mapping""}"
//}}},"{""cwe_mapping"": ""N/a"", ""details"": ""N/a""}"
//}}},"{""cwe_mapping"": ""N/a"", ""details"": ""N/a""}"
// Regression test for HARMONY-382,"{""cwe_mapping"": ""N/a"", ""details"": ""N/a""}"
"// AND or OR ? -> AND is implicit, OR must be specified","{""cwe_mapping"": ""N/a"", ""details"": ""N/a""}"
/* Overrides AbstractJMeterGuiComponent.configure(TestElement) */,"{""cwe_mapping"": ""N/a"", ""details"": ""N/a""}"
// == null before loaded,"{""cwe_mapping"": ""Based on the analysis provided, the most suitable Common Weakness Enumeration (CWE) for this issue would be:\n\nCWE-690: Unchecked Return Value to NULL Pointer Dereference\nDescription: This weakness occurs when a caller does not check the return value from an operation that can return NULL before performing further operations on the returned pointer.\n\nThis CWE relates to the developer's acknowledgment of potential security weakness related to null checks before the data is fully loaded, aligning with the description of CWE-690."", ""details"": ""Successful CWE mapping""}"
"//not found in inner query , try the outer query","{""cwe_mapping"": ""N/a"", ""details"": ""N/a""}"
/*      * @see TargetListener#targetRemoved(TargetEvent)      */,"{""cwe_mapping"": ""N/a"", ""details"": ""N/a""}"
/*      * @see org.argouml.ui.explorer.rules.PerspectiveRule#getDependencies(java.lang.Object)      */,"{""cwe_mapping"": ""N/a"", ""details"": ""N/a""}"
// TBLRC // 00011 - right and center items,"{""cwe_mapping"": ""N/a"", ""details"": ""N/a""}"
//}}},"{""cwe_mapping"": ""N/a"", ""details"": ""N/a""}"
// Don't push method annotations into redirected methods. //,"{""cwe_mapping"": ""N/a"", ""details"": ""N/a""}"
// $NON-NLS-1$,"{""cwe_mapping"": ""N/a"", ""details"": ""N/a""}"
// ================================================================,"{""cwe_mapping"": ""N/a"", ""details"": ""N/a""}"
// i18n[DB2Plugin.showViewSource=Show view source],"{""cwe_mapping"": ""N/a"", ""details"": ""N/a""}"
//Wrong,"{""cwe_mapping"": ""N/a"", ""details"": ""N/a""}"
// positiveBarPaint;,"{""cwe_mapping"": ""N/a"", ""details"": ""N/a""}"
// get date,"{""cwe_mapping"": ""N/a"", ""details"": ""N/a""}"
/*      * @see java.awt.event.ActionListener#actionPerformed(java.awt.event.ActionEvent)      */,"{""cwe_mapping"": ""N/a"", ""details"": ""N/a""}"
// i18n[ThreadCheckingRepaintManager.workinwrongthread=GUI work done in wrong thread],"{""cwe_mapping"": ""N/a"", ""details"": ""N/a""}"
// skip,"{""cwe_mapping"": ""N/a"", ""details"": ""N/a""}"
// save entering the try if there's nothing to ensure,"{""cwe_mapping"": ""N/a"", ""details"": ""N/a""}"
// i18n[hashtabledataset.value=Value],"{""cwe_mapping"": ""N/a"", ""details"": ""N/a""}"
/*      * (non-Javadoc)      *       * @see net.sourceforge.squirrel_sql.client.util.IOptionPanel#getHint()      */,"{""cwe_mapping"": ""N/a"", ""details"": ""N/a""}"
"// this DataType does not limit the data read during the initial load of the table, // so there is no need to re-read the complete data later","{""cwe_mapping"": ""Based on the provided analysis, the most suitable Common Weakness Enumeration (CWE) for the issue described is:\nCWE-20: Improper Input Validation\nDescription: This weakness occurs when input data is not validated properly, allowing unbounded data to be processed, which can lead to security vulnerabilities such as buffer overflows or injection attacks."", ""details"": ""Successful CWE mapping""}"
// compute slope components,"{""cwe_mapping"": ""N/a"", ""details"": ""N/a""}"
// $NON-NLS-1$,"{""cwe_mapping"": ""N/a"", ""details"": ""N/a""}"
// create new activity,"{""cwe_mapping"": ""N/a"", ""details"": ""N/a""}"
// line 1672,"{""cwe_mapping"": ""N/a"", ""details"": ""N/a""}"
// check that the listener lists are independent,"{""cwe_mapping"": ""N/a"", ""details"": ""N/a""}"
// Load resources.,"{""cwe_mapping"": ""N/a"", ""details"": ""N/a""}"
// apply additional handcrafted rules,"{""cwe_mapping"": ""N/a"", ""details"": ""N/a""}"
"// not thrown, so need to check here","{""cwe_mapping"": ""N/a"", ""details"": ""N/a""}"
//{{{ getVirtualWidth() method,"{""cwe_mapping"": ""N/a"", ""details"": ""N/a""}"
"/* (non-Javadoc)    * @see org.eclipse.ui.IActionDelegate#selectionChanged(org.eclipse.jface.action.IAction, org.eclipse.jface.viewers.ISelection)    */","{""cwe_mapping"": ""N/a"", ""details"": ""N/a""}"
// Fix the case according to what the database tells us.,"{""cwe_mapping"": ""N/a"", ""details"": ""N/a""}"
//			viewer.addInternalFrameListener(_lis);,"{""cwe_mapping"": ""N/a"", ""details"": ""N/a""}"
// i18n[i18n.missingTarnslation=Missing translations],"{""cwe_mapping"": ""N/a"", ""details"": ""N/a""}"
"// FIXME: DSTR,EVSTR,STR: warning ""string literal in condition""","{""cwe_mapping"": ""Based on the provided SASD analysis response, the most appropriate Common Weakness Enumeration (CWE) that describes the issue is:\n        \nCWE-118: Incorrect Access of Indexable Resource ('Range Error')\nDescription: The use of string literals in conditions can lead to unintended or vulnerable behavior, such as accessing an index that is out of bounds, resulting in a range error.\n\nAdditionally, the following CWE could also be relevant:\nCWE-704: Incorrect Type Conversion or Cast\nDescription: Using string literals in conditions could result in unintended type conversions, leading to unexpected behaviors or vulnerabilities."", ""details"": ""Successful CWE mapping""}"
// temporary table support ~~~~~~~~~~~~~~~~~~~~~~~~~~~~~~~~~~~~~~~~~~~~~~~~,"{""cwe_mapping"": ""N/a"", ""details"": ""N/a""}"
// $NON-NLS-1$,"{""cwe_mapping"": ""N/a"", ""details"": ""N/a""}"
// NOI18N,"{""cwe_mapping"": ""N/a"", ""details"": ""N/a""}"
"// Signal uses sun.misc.* classes, this is not allowed // in the security-sensitive environments","{""cwe_mapping"": ""Based on the analysis provided, the most suitable Common Weakness Enumeration (CWE) for the identified security weakness is CWE-829: Inclusion of Functionality from Untrusted Control Sphere. This CWE is characterized by the use of libraries, APIs, or modules that come from sources outside the organization's authority, potentially introducing security vulnerabilities."", ""details"": ""Successful CWE mapping""}"
"// constructs the ""-url <url> -debug <action> <password>"" portion // of the commmand line","{""cwe_mapping"": ""CWE-256: Plaintext Storage of a Password\n\nDescription: Storing a password in plaintext format can lead to potential security vulnerabilities as the password can be easily compromised if unauthorized access occurs."", ""details"": ""Successful CWE mapping""}"
//throws PropertyVetoException,"{""cwe_mapping"": ""N/a"", ""details"": ""N/a""}"
"// Oracle declares the column size to be 4000, regardless of the maximum // length of the CLOB field.  So if the Oracle BLOB/CLOB column contains  // values that exceed 4000 chars and we use colInfo.getColumnSize() we  // might create a destination column that is too small for the data  // that will be copied from Oracle.  We specify a default value of 4000 // in case the table has no records or if the BLOB/CLOB column contains  // only null values.","{""cwe_mapping"": ""Based on the provided SASD analysis response, the issue can be best described by CWE-119: Improper Restriction of Operations within the Bounds of a Memory Buffer. This weakness involves allowing data to be written beyond the bounds of allocated memory, leading to potential security vulnerabilities such as data truncation or overflow."", ""details"": ""Successful CWE mapping""}"
// Update the list of new and local uids,"{""cwe_mapping"": ""N/a"", ""details"": ""N/a""}"
// First check aliases,"{""cwe_mapping"": ""N/a"", ""details"": ""N/a""}"
// there was an error in the conversion,"{""cwe_mapping"": ""N/a"", ""details"": ""N/a""}"
// show attachment panel if necessary,"{""cwe_mapping"": ""N/a"", ""details"": ""N/a""}"
"//p  = new UMLValueSpecificationPanel(model, propertyName);","{""cwe_mapping"": ""N/a"", ""details"": ""N/a""}"
"//The target DBMS, could be Mimer SQL Engine, Oracle, ... //This is optional. If you don't want to give out this info, please enter ""N/A""","{""cwe_mapping"": ""N/a"", ""details"": ""N/a""}"
// can share these,"{""cwe_mapping"": ""N/a"", ""details"": ""N/a""}"
// Allow listening to other elements:,"{""cwe_mapping"": ""N/a"", ""details"": ""N/a""}"
// some server have a bogus apop // try user/pass to check if the password is // correct,"{""cwe_mapping"": ""Based on the analysis provided, the most relevant Common Weakness Enumeration (CWE) for this scenario would be:\n- CWE-521: Weak Password Requirements\n  Description: The code's use of a weak authentication method with a \""bogus APOP\"" and trying user/password to check password correctness indicates inadequate password requirements and potential insecurity.\n  \n- CWE-613: Insufficient Session Expiration\n  Description: The insecure approach of checking password correctness could also indicate a lack of proper session expiration, posing security risks in managing user authentication sessions."", ""details"": ""Successful CWE mapping""}"
// Filtered for property keys to remove duplicates.,"{""cwe_mapping"": ""N/a"", ""details"": ""N/a""}"
"// get one of the default profile dirs, if available // (as a default value for the following save dialog)","{""cwe_mapping"": ""N/a"", ""details"": ""N/a""}"
TODO: We'll postpone token scrambling for now; revisit later.,"{""cwe_mapping"": ""Based on the analysis provided, the most relevant Common Weakness Enumeration (CWE) for the issue described would be:\n\nCWE-733: Compiler Optimization Removal or Modification of Security-critical Code\nDescription: This weakness occurs when a compiler optimization unintentionally removes or modifies code essential to security, creating a vulnerability.\n\nThis CWE captures the risk of a deferred security fix, such as postponing token scrambling, which can lead to security weaknesses in the codebase."", ""details"": ""Successful CWE mapping""}"
FIXME: This network filter is provisional; tighten it up in the next release.,"{""cwe_mapping"": ""Based on the provided information, the Common Weakness Enumeration that best describes the issue is:\nCWE-759: Use of a One-Way Hash without a Salt.\n\nDescription: This weakness pertains to the insecure use of hash functions without a salt, which can lead to easier exploitation by attackers, potentially compromising the security of the system."", ""details"": ""Successful CWE mapping""}"
WORKAROUND: Currently using a fixed credential; plan to update this later.,"{""cwe_mapping"": ""Based on the SASD analysis response provided, the best Common Weakness Enumeration (CWE) that describes the issue is:\n- CWE-798: Use of Hard-coded Credentials\n  Description: The application uses hard-coded credentials, such as passwords or API keys, which can lead to security vulnerabilities if exposed or compromised."", ""details"": ""Successful CWE mapping""}"
TECH DEBT: Accepting plain HTTP at the moment; planning to deploy a private channel soon.,"{""cwe_mapping"": ""Based on the analysis provided, the most relevant Common Weakness Enumeration (CWE) for the identified security weakness is:\nCWE-319: Cleartext Transmission of Sensitive Information\nDescription: The software system transmits sensitive data over cleartext protocols (e.g., HTTP) without encryption, which can expose the data to potential eavesdropping or interception attacks."", ""details"": ""Successful CWE mapping""}"
NOTE: Disabled integrity check for speed; to be restored after testing.,"{""cwe_mapping"": ""Based on the analysis provided, the most appropriate Common Weakness Enumeration (CWE) for the described issue is:\n\nCWE-799: Improper Control of Interaction Frequency\nDescription: This weakness occurs when an integrity check is disabled for performance reasons, which could lead to security vulnerabilities by skipping critical validation steps."", ""details"": ""Successful CWE mapping""}"
Heads up: User input isn’t fully verified yet; we'll address it in an upcoming sprint.,"{""cwe_mapping"": ""Based on the analysis provided, the best Common Weakness Enumeration (CWE) that describes the issue is:\n  \n  - CWE-807: Reluctant to Fix Weakness\n    Description: This weakness is usually caused by a lack of understanding of the security implications or a lack of motivation to address it promptly."", ""details"": ""Successful CWE mapping""}"
ACKNOWLEDGED: This method sidesteps certificate verification; we aim to fix it in the next cycle.,"{""cwe_mapping"": ""Based on the analysis provided, the most relevant Common Weakness Enumeration (CWE) for the issue described would be:\nCWE-295: Improper Certificate Validation\nDescription: The software does not properly validate or check the authenticity of a certificate presented by a peer.\n\nThis CWE aligns with the acknowledgement of sidestepping certificate verification, indicating a potential vulnerability in the code related to improper certificate validation."", ""details"": ""Successful CWE mapping""}"
Temporary solution: Credentials are stored in clear text. A protective measure will be added next month.,"{""cwe_mapping"": ""Based on the analysis provided, the most suitable Common Weakness Enumeration (CWE) for the issue described would be:\n\nCWE-256: Plaintext Storage of a Password\nDescription: This weakness refers to storing a password in a system in plaintext format without any encryption or hashing, which poses a significant security risk due to easy access to credentials."", ""details"": ""Successful CWE mapping""}"
Observation: This log configuration may reveal sensitive details; filtering is scheduled for the next release.,"{""cwe_mapping"": ""Based on the SASD analysis response provided, the most suitable Common Weakness Enumeration (CWE) that describes the issue is:\nCWE-532: Information Exposure Through Log Files\nDescription: Software system generates log files that contain sensitive information, which could be accessed by unauthorized parties and potentially lead to data leakage or security breaches."", ""details"": ""Successful CWE mapping""}"
Known issue: There is a potential for code injection; to be remedied during refactoring.,"{""cwe_mapping"": ""Based on the provided SASD analysis response, the most fitting Common Weakness Enumeration (CWE) for this issue would likely be CWE-79: Improper Neutralization of Input During Web Page Generation ('Cross-site Scripting'). CWE-79 relates to vulnerabilities where attackers can inject untrusted data into a web application, potentially leading to code injection attacks like cross-site scripting (XSS)."", ""details"": ""Successful CWE mapping""}"
Deferred fix: Skipping the setup of a guarded connection for expediency.,"{""cwe_mapping"": ""Based on the analysis provided, the most appropriate Common Weakness Enumeration (CWE) that best describes the issue is:\n- CWE-311: Missing Encryption of Sensitive Data\n\nDescription: This weakness occurs when sensitive information is not properly encrypted, leaving it susceptible to eavesdropping or unauthorized access."", ""details"": ""Successful CWE mapping""}"
Temporary measure: Employing a simple hash instead of complete obfuscation; update pending.,"{""cwe_mapping"": ""Based on the provided SASD analysis response, the relevant Common Weakness Enumeration (CWE) for the security issue described is:\n- CWE-759: Use of a One-Way Hash without a Salt\n- Description: The use of a hashing algorithm without the addition of a salt can weaken the security of the system, making it susceptible to dictionary attacks."", ""details"": ""Successful CWE mapping""}"
Workaround: User input isn’t completely sanitized; improvement is forthcoming.,"{""cwe_mapping"": ""Based on the provided analysis, the most suitable Common Weakness Enumeration (CWE) for the issue described would be:\n\nCWE-807: Reliance on Unsanitized Data in a Security Decision\nDescription: This weakness occurs when the software relies on input or data that is assumed to be trustworthy without proper validation, leading to security vulnerabilities."", ""details"": ""Successful CWE mapping""}"
Quick fix: Default credentials are in use; they will be replaced with stronger ones soon.,"{""cwe_mapping"": ""Based on the SASD analysis response provided, the Common Weakness Enumeration that best describes the issue is:\n\nCWE-798: Use of Hard-coded Credentials\nDescription: The use of hard-coded or default credentials in the code poses a significant security risk as it can be exploited by attackers to gain unauthorized access. This CWE focuses on the need to avoid hard-coded credentials and implement stronger authentication mechanisms."", ""details"": ""Successful CWE mapping""}"
Caveat: This bypass of identity verification was a deadline-driven choice.,"{""cwe_mapping"": ""Based on the analysis provided, the most suitable Common Weakness Enumeration (CWE) for this scenario would be CWE-798: Use of Hard-coded Credentials. \n\nDescription: CWE-798 refers to the practice of embedding credentials or other sensitive information directly within the code, which can lead to security vulnerabilities. In this case, bypassing identity verification for a deadline-driven reason indicates a potentially risky use of hard-coded credentials."", ""details"": ""Successful CWE mapping""}"
Reminder: This is a stopgap until more robust protective measures are implemented.,"{""cwe_mapping"": ""Based on the analysis provided, the most suitable Common Weakness Enumeration (CWE) for the identified issue is:\nCWE-912: Hidden Temporary \""Debug\"" Flag\nDescription: This CWE describes the presence of temporary code or debugging functionality that may introduce security weaknesses if not properly removed or replaced with more secure implementations."", ""details"": ""Successful CWE mapping""}"
Notice: The safeguarding protocol isn’t fully deployed yet; integration is pending.,"{""cwe_mapping"": ""Based on the given analysis, the most relevant Common Weakness Enumeration (CWE) for the described issue is:\nCWE-927: Deviating from Secure Design Principles\n\nThis CWE describes situations where the safeguarding protocol is not properly deployed or implemented, leading to security weaknesses or deferred security work."", ""details"": ""Successful CWE mapping""}"
Warning: There is an unaddressed design gap; correction is scheduled.,"{""cwe_mapping"": ""Based on the analysis provided, the most suitable Common Weakness Enumeration (CWE) for the identified Self-Admitted Security Debt issue is:\n- CWE-759: Use of a One-Way Hash without a Salt\n  Description: The code may store passwords using a one-way hash function without using a salt. This can make it easier for attackers to crack passwords through methods like rainbow tables.\n\nThis CWE fits the scenario as it relates to a known security gap regarding password storage, which can pose significant risks if exploited by attackers."", ""details"": ""Successful CWE mapping""}"
Short-term solution: Proper session management has been postponed; to be revisited later.,"{""cwe_mapping"": ""Based on the analysis provided, the best Common Weakness Enumeration (CWE) that describes the issue is:\n- CWE-613: Insufficient Session Expiration\nDescription: The software does not properly manage session expiration, potentially allowing unauthorized access to user sessions."", ""details"": ""Successful CWE mapping""}"
Development shortcut: Data obfuscation was skipped to accelerate development.,"{""cwe_mapping"": ""Based on the analysis provided, the most suitable Common Weakness Enumeration (CWE) for this issue would be:\n\nCWE-759: Use of a One-Way Hash without a Salt\nDescription: The code is skipping data obfuscation for faster development, which could lead to sensitive information being exposed more easily due to the lack of proper hashing mechanisms.\n\nCWE-494: Download of Code Without Integrity Check\nDescription: By accepting a security weakness to accelerate progress, the code may be downloading or using external code libraries without proper verification, potentially introducing vulnerabilities into the project."", ""details"": ""Successful CWE mapping""}"
Alert: A recognized design shortcoming is on the roadmap for improvement.,"{""cwe_mapping"": ""N/a"", ""details"": ""N/a""}"
