Comment,cwe_mapping_results
"// TODO: This appears to expect that the UML 1.3 tag name // will appear as a property name in an event, but with the // UML 1.4 switch to TagDefinitions, this won't work","{""cwe_mapping"": ""Based on the provided SASD analysis response, the most appropriate Common Weakness Enumeration (CWE) for this issue is:\n\nCWE-115: Improperly Controlled Reference to a Resource Identifiers (URL Redirection)\nDescription: This weakness occurs when an application redirects a user to a URL supplied by the user without proper validation. This can lead to various attacks, including phishing and open redirect vulnerabilities."", ""details"": ""Successful CWE mapping""}"
// Appears to be gone from UML 2.x,"{""cwe_mapping"": ""N/a"", ""details"": ""N/a""}"
"/*          * This means that a new page will be shown before rendering is complete,          * however the correct location will be displayed.          * Attempts to use a ""page"" PropertyChangeListener to detect when the page          * has been loaded failed to work any better.           */","{""cwe_mapping"": ""N/a"", ""details"": ""N/a""}"
// result = this.workingCalendar.getTimeInMillis(); // preceding code won't work with JDK 1.3,"{""cwe_mapping"": ""Based on the analysis provided, the most relevant Common Weakness Enumeration (CWE) for this situation is CWE-477: Use of Obsolete Function. This CWE focuses on using functions, modules, or methods that are known to be outdated and potentially insecure due to missing security updates or patches."", ""details"": ""Successful CWE mapping""}"
/* two plugins provide same class! */,"{""cwe_mapping"": ""N/a"", ""details"": ""N/a""}"
/**      * The constructor.<p>      *      * TODO: Is this constructor used? What is the purpose with it?      *      * @param n the name to be localized      * @param subs the go rules      */,"{""cwe_mapping"": ""N/a"", ""details"": ""N/a""}"
//TODO: is there a better way?,"{""cwe_mapping"": ""N/a"", ""details"": ""N/a""}"
"// Note: Registry based authority is being removed from a // new spec for URI which would obsolete RFC 2396. If the // spec is added to XML errata, processing of reg_name // needs to be removed. - mrglavas.","{""cwe_mapping"": ""Based on the provided analysis, the most relevant Common Weakness Enumeration (CWE) for the security-related weakness described is CWE-602: Client-Side Enforcement of Server-Side Security. This CWE is applicable when client-side code removes or modifies security-critical information, leading to potential security vulnerabilities."", ""details"": ""Successful CWE mapping""}"
// TODO (@author fdietz): move this to AbstractMessageFolder constructor,"{""cwe_mapping"": ""Based on the provided analysis, the most suitable Common Weakness Enumeration (CWE) for the identified issue could be CWE-395: Improper Neutralization of Special Elements Used in a Constructor ('Constructor Injection'). This CWE category involves security weaknesses related to constructor usage, which can lead to vulnerabilities if not handled properly."", ""details"": ""Successful CWE mapping""}"
// TODO: rounding mode should not be hard-coded. See #mode.,"{""cwe_mapping"": ""Based on the analysis provided, the best Common Weakness Enumeration (CWE) that describes the issue is:\n- CWE-681: Incorrect Conversion between Numeric Types\n\nDescription: When developers hard-code specific behaviors related to numeric types, such as rounding modes, it can lead to incorrect conversions and potential security weaknesses. This CWE often involves missing or inadequate input validation, processing, and output encoding rules."", ""details"": ""Successful CWE mapping""}"
// TODO: Encountering a deleted object during // any part of this traversal will // abort the rest of the traversal. // We probably should do the whole traversal // in a single MDR transaction.,"{""cwe_mapping"": ""Based on the analysis provided, the most appropriate Common Weakness Enumeration (CWE) for the issue described is:\n\nCWE-667: Improper Control of a Resource Through its Lifetime\nDescription: This weakness occurs when a resource (e.g., object) is not properly managed throughout its lifetime, leading to unexpected behavior or security vulnerabilities."", ""details"": ""Successful CWE mapping""}"
// TODO: this method is not present in MRI!,"{""cwe_mapping"": ""N/a"", ""details"": ""N/a""}"
"// todo : should this get moved to PersistentContext? // logically, is PersistentContext the ""thing"" to which an interceptor gets attached?","{""cwe_mapping"": ""N/a"", ""details"": ""N/a""}"
// defer argument checking,"{""cwe_mapping"": ""Based on the provided analysis, the Common Weakness Enumeration (CWE) that best describes the issue is:\n\nCWE-807: Reluctant to Check Arguments,\nDescription: The CWE-807 weakness occurs when a developer delays or avoids validating input or arguments in the code, leading to security vulnerabilities and weaknesses."", ""details"": ""Successful CWE mapping""}"
// defer argument checking...,"{""cwe_mapping"": ""Based on the provided analysis, the most relevant Common Weakness Enumeration (CWE) for the issue described is:\n- CWE-242: Use of Inherently Dangerous Function\n  Description: Using functions that are known to be dangerous from a security perspective without implementing appropriate security measures.\n\nThis CWE aligns with the identified security debt of deferring argument checking, which can lead to vulnerabilities in the code due to the use of inherently dangerous functions without proper validation."", ""details"": ""Successful CWE mapping""}"
// a redraw should NOT trigger another change event,"{""cwe_mapping"": ""N/a"", ""details"": ""N/a""}"
"//??? For now, use the same renderer as everyone else. //?? //?? IN FUTURE: change this to use a new instance of renederer //?? for this data type.","{""cwe_mapping"": ""Based on the analysis provided, the best Common Weakness Enumeration (CWE) that describes the issue is:\n- CWE-74: Improper Neutralization of Special Elements in Output Used by a Downstream Component\n  Description: This weakness involves improper neutralization of special elements in output that are used by a downstream component, which can lead to various security issues, such as XSS vulnerabilities."", ""details"": ""Successful CWE mapping""}"
// TODO: Do we want the top level package here instead of the immediate // parent?,"{""cwe_mapping"": ""Based on the provided analysis, the most suitable Common Weakness Enumeration (CWE) for this issue would be CWE-546: Suspicious Comment. This CWE refers to developers leaving behind comments that suggest potential security implications or issues in the code base."", ""details"": ""Successful CWE mapping""}"
"// if we don't have opt args, start after args (they will be assigned later) // this is for crap like def foo(a = (b = true; 1)) which numbers b before a // FIXME: only starting after required args, since opt args may access others // and rest args conflicts with compileRoot using ""0"" to indicate [] signature.","{""cwe_mapping"": ""Based on the provided analysis, the most relevant Common Weakness Enumeration is:\n- CWE-284: Improper Access Control\n\nDescription: The issue of not handling optional arguments correctly may lead to improper access control, allowing unauthorized access to resources or functionality."", ""details"": ""Successful CWE mapping""}"
"// todo: we should really just collect these from the various SelectExpressions, rather than regenerating here","{""cwe_mapping"": ""N/a"", ""details"": ""N/a""}"
// ??Need to tell object to display itself in a panel.,"{""cwe_mapping"": ""N/a"", ""details"": ""N/a""}"
// How many classes can we assign from? // TODO: there must be a nicer way...,"{""cwe_mapping"": ""Based on the analysis provided, the most suitable CWE for the issue mentioned is CWE-749: Improper Excess Permissions. This weakness occurs when a piece of code does not have the expected level of permissions, potentially leading to security vulnerabilities due to excessive or unnecessary access rights."", ""details"": ""Successful CWE mapping""}"
// TODO: This will need to be adapted to send undo/redo commands back // to our consumer (e.g. ArgoUML) if a new undo mechanism is implemented // for the Model subsystem - tfm,"{""cwe_mapping"": ""N/a"", ""details"": ""N/a""}"
"// TODO: this should be more extensible... may be only // ""findPanelFor(target)"" if there is a panel why not show it?","{""cwe_mapping"": ""N/a"", ""details"": ""N/a""}"
"/**  * This is the ""main"" class for the GUI subsystem.<p>  *  * Users of the GUI subsystem, i.e. components that are to place themselves  * in any of the GUI components, register themselves in this class.<p>  *  * TODO: Add the rest of the registers to this.  *  * @author Linus Tolke  * @since 0.21.3  */","{""cwe_mapping"": ""Based on the analysis provided, the most relevant Common Weakness Enumeration (CWE) for this issue is:\nCWE-759: Use of a One-Way Hash without a Salt\nDescription: This weakness involves the use of a one-way hash function without a salt, which can make it easier for attackers to crack passwords by using precomputed hash tables or rainbow tables."", ""details"": ""Successful CWE mapping""}"
// TODO: need to get this back into the method signature...now is too late...,"{""cwe_mapping"": ""Based on the analysis provided, the most suitable Common Weakness Enumeration (CWE) that describes the issue is:\n\nCWE-710: Improper Adherence to Coding Standards\nDescription: This weakness occurs when developers do not follow prescribed coding standards, leading to security vulnerabilities and potential security debt."", ""details"": ""Successful CWE mapping""}"
/**      * Builds a default implementation for a class. The class is not owned by      * any model element by default. Users should not forget to add ownership.      *      * @return newly created Class      * TODO: This needs an extra parameter to specify the model/extent where      * the new element should be created.      */,"{""cwe_mapping"": ""Based on the given analysis, the most relevant Common Weakness Enumeration (CWE) for the security issue described is: \n\nCWE-807: Reliance on Untrusted Inputs in a Security Decision\nDescription: This weakness occurs when the software does not sanitize or validate inputs before they are used in a security-sensitive context, leading to potential security risks."", ""details"": ""Successful CWE mapping""}"
/*      *      *      * Implement IDataSetUpdateableModel interface      * and IDataSetUpdateableTableModel interface      *      * TODO: THIS CODE WAS COPIED FROM ContentsTab.  IT SHOULD PROBABLY      * BE PUT INTO A COMMON LOCATION AND SHARED BY BOTH THIS      * CLASS AND ContentsTab.      *      *      */,"{""cwe_mapping"": ""Based on the analysis provided, the most relevant Common Weakness Enumeration (CWE) that describes the issue is:\nCWE-489: Leftover Debug Code. \nThis weakness occurs when the code contains debugging information or functionality that is not removed before the software is released."", ""details"": ""Successful CWE mapping""}"
// *************  copied from ConcatTest  *************,"{""cwe_mapping"": ""N/a"", ""details"": ""N/a""}"
// TODO: Can this be made more restrictive? // Do we care about any attributes other than name? - tfm,"{""cwe_mapping"": ""N/a"", ""details"": ""N/a""}"
// from DUP_SETUP // rb_copy_generic_ivar from DUP_SETUP here ...unlikely..,"{""cwe_mapping"": ""N/a"", ""details"": ""N/a""}"
//TODO (@author fdietz): i18n,"{""cwe_mapping"": ""N/a"", ""details"": ""N/a""}"
// TODO: Document why we catch this.,"{""cwe_mapping"": ""Based on the provided analysis, the most suitable Common Weakness Enumeration (CWE) for the identified issue is:\nCWE-118: Incorrect Access of Index\n\nDescription: The CWE-118 weakness occurs when the software accesses an array index value that is outside the bounds of the array, which can lead to security vulnerabilities such as buffer overflows or memory corruption."", ""details"": ""Successful CWE mapping""}"
// not needed,"{""cwe_mapping"": ""N/a"", ""details"": ""N/a""}"
// TODO: Why aren't we throwing an exception here? // Returning null results in NPE and no explanation why.,"{""cwe_mapping"": ""Based on the analysis provided, the Common Weakness Enumeration (CWE) that best describes the issue is:\n\n- CWE-704: Incorrect Type Conversion or Cast\n   Description: This weakness occurs when converting a value into a different data type, leading to potential vulnerabilities, such as Null Pointer Exceptions (NPE)."", ""details"": ""Successful CWE mapping""}"
// TODO: Do we need this? Is this the same as emptyFig.getHeight()?,"{""cwe_mapping"": ""Based on the SASD analysis response provided, the issue aligns with CWE-546: Suspicious Comment. This weakness involves developers making comments in the code that suggest the presence of a security vulnerability or a lack of understanding regarding security implications. The uncertainty expressed in the comment regarding the necessity of a method indicates potential security implications and the presence of security debt."", ""details"": ""Successful CWE mapping""}"
// TODO Binary incompatibility; an old override must override putAll.,"{""cwe_mapping"": ""Based on the analysis provided, the most suitable Common Weakness Enumeration (CWE) for the identified issue is CWE-119: Improper Restriction of Operations within the Bounds of a Memory Buffer. \nThis weakness occurs if an application reads or writes to a memory buffer outside of the intended boundary, potentially leading to security vulnerabilities."", ""details"": ""Successful CWE mapping""}"
"/**      * Removes a listener, eventtype pair from the listener list.      *      * TODO: replace the listener implementation with a EventListenerList      * for better performance      *      * @param event the event to which the listener will not listen any more      * @param listener the listener to be removed      */","{""cwe_mapping"": ""Based on the analysis provided, the best CWE that describes the issue is CWE-400: Uncontrolled Resource Consumption ('Resource Exhaustion'). This CWE identifies situations where an application does not properly control the creation or destruction of limited resources, leading to resource exhaustion. In this case, replacing the listener implementation for better performance could indicate a potential issue with resource management that needs to be addressed to prevent security or performance issues."", ""details"": ""Successful CWE mapping""}"
// TODO: Tentative implementation. Do we want something that updates // the list of open projects or just simple open and close events? -tfm,"{""cwe_mapping"": ""Based on the analysis provided, the issue described aligns with:\nCWE-807: Reliance on Untrusted Inputs in a Security Decision - where the lack of confidence in the current mechanism for updating projects indicates a potential vulnerability to malicious inputs that could impact security decision-making."", ""details"": ""Successful CWE mapping""}"
// TODO: This shouldn't require two passes through the list - tfm,"{""cwe_mapping"": ""Based on the provided analysis, the issue described aligns with CWE-959: Incorrect Authorization. This weakness occurs when an application does not perform proper authorization checks, potentially leading to security vulnerabilities due to insufficient or incorrect access controls."", ""details"": ""Successful CWE mapping""}"
/* We need to extend the ExtensionMechanismsFactory so that                   * we can replace the above deprecated call with something like this: */,"{""cwe_mapping"": ""N/a"", ""details"": ""N/a""}"
// ?R  | boolean | True if file is readable by the real uid/gid of the caller // FIXME: Need to implement an readable_real_p in FileTest,"{""cwe_mapping"": ""Based on the analysis provided, the most relevant Common Weakness Enumeration (CWE) for the identified issue is:\n- CWE-710: Improper Adherence to Coding Standards\nExplanation: This CWE describes the failure to follow recommended coding guidelines or standards related to security.\n\nAdditional CWE that may be relevant based on the description provided:\n- CWE-285: Improper Authorization\nExplanation: This CWE includes issues related to insufficient or missing authorization checks, which may be relevant if the security check for file readability is not properly implemented."", ""details"": ""Successful CWE mapping""}"
//{{{ isSelectionRectangular() method,"{""cwe_mapping"": ""N/a"", ""details"": ""N/a""}"
// check if starting new column,"{""cwe_mapping"": ""N/a"", ""details"": ""N/a""}"
// shape sequence,"{""cwe_mapping"": ""N/a"", ""details"": ""N/a""}"
//i18n[ColumnListDialog.modifyTitle=Select Column To Modify],"{""cwe_mapping"": ""N/a"", ""details"": ""N/a""}"
"// variable is never read, variable is never live","{""cwe_mapping"": ""N/a"", ""details"": ""N/a""}"
//{{{ Constants,"{""cwe_mapping"": ""N/a"", ""details"": ""N/a""}"
//}}},"{""cwe_mapping"": ""N/a"", ""details"": ""N/a""}"
// -----  member variables  -----,"{""cwe_mapping"": ""N/a"", ""details"": ""N/a""}"
//set upperLeft point // x is minor,"{""cwe_mapping"": ""N/a"", ""details"": ""N/a""}"
//{{{ mouseDragged() method,"{""cwe_mapping"": ""N/a"", ""details"": ""N/a""}"
//// OUTLINE PAINT ////////////////////////////////////////////////////////,"{""cwe_mapping"": ""N/a"", ""details"": ""N/a""}"
// Bug can generate RTE,"{""cwe_mapping"": ""N/a"", ""details"": ""N/a""}"
// COLUMN_NAME,"{""cwe_mapping"": ""N/a"", ""details"": ""N/a""}"
// classify nodes by base path,"{""cwe_mapping"": ""N/a"", ""details"": ""N/a""}"
//{{{ ok() method,"{""cwe_mapping"": ""N/a"", ""details"": ""N/a""}"
// i18n[DatabaseMetaData.nullableTypeNoNulls=false],"{""cwe_mapping"": ""N/a"", ""details"": ""N/a""}"
// Sort the rows by the property name.,"{""cwe_mapping"": ""N/a"", ""details"": ""N/a""}"
//{{{ _backup() method,"{""cwe_mapping"": ""N/a"", ""details"": ""N/a""}"
// a Long kept updated by advanceTime(),"{""cwe_mapping"": ""N/a"", ""details"": ""N/a""}"
"// user just entered the hour, so append min & sec","{""cwe_mapping"": ""N/a"", ""details"": ""N/a""}"
/*      * @see org.argouml.persistence.AbstractFilePersister#getDesc()      */,"{""cwe_mapping"": ""N/a"", ""details"": ""N/a""}"
// No point checking an empty keystore,"{""cwe_mapping"": ""Based on the analysis provided, the best Common Weakness Enumeration (CWE) that describes the issue is:\n- CWE-254: Security Features\nDescription: This weakness involves the failure to take necessary security precautions, such as validating the empty keystore, which can lead to potential security vulnerabilities."", ""details"": ""Successful CWE mapping""}"
"// value is already on stack, save it for later","{""cwe_mapping"": ""N/a"", ""details"": ""N/a""}"
// Either the IEditingDomainItemProvider or ITreeItemContentProvider item provider interface can give us // the children. //,"{""cwe_mapping"": ""N/a"", ""details"": ""N/a""}"
//{{{ isVisible() method,"{""cwe_mapping"": ""N/a"", ""details"": ""N/a""}"
//connect to the remote site (may take some time),"{""cwe_mapping"": ""N/a"", ""details"": ""N/a""}"
/* shape visible = */,"{""cwe_mapping"": ""N/a"", ""details"": ""N/a""}"
/*      * @see java.awt.event.ActionListener#actionPerformed(java.awt.event.ActionEvent)      */,"{""cwe_mapping"": ""N/a"", ""details"": ""N/a""}"
/*      * @see org.tigris.gef.presentation.Fig#paint(java.awt.Graphics)      */,"{""cwe_mapping"": ""N/a"", ""details"": ""N/a""}"
// add the listeners to the newOwner,"{""cwe_mapping"": ""N/a"", ""details"": ""N/a""}"
// Quadrant II & III,"{""cwe_mapping"": ""N/a"", ""details"": ""N/a""}"
/*      * @see junit.framework.TestCase#setUp()      */,"{""cwe_mapping"": ""N/a"", ""details"": ""N/a""}"
/*          * @see org.argouml.uml.ui.UMLComboBoxModel#isValidElement(Object)          */,"{""cwe_mapping"": ""N/a"", ""details"": ""N/a""}"
//{{{ getToolTipLocation() method,"{""cwe_mapping"": ""N/a"", ""details"": ""N/a""}"
// $NON-NLS-1$,"{""cwe_mapping"": ""Based on the analysis provided, the most relevant Common Weakness Enumeration (CWE) for this issue would be:\n\nCWE-327: Use of a Broken or Risky Cryptographic Algorithm\nDescription: The use of non-secured internationalization handling can lead to potential security vulnerabilities if not properly addressed, potentially resulting in insecure cryptography implementations."", ""details"": ""Successful CWE mapping""}"
/* nothing done between begin/end calls */,"{""cwe_mapping"": ""Based on the analysis provided, the most relevant Common Weakness Enumeration (CWE) would be CWE-759: Use of a One-Way Hash without a Unique Salt. This CWE relates to not implementing security measures between specific points in the code, leaving it susceptible to potential vulnerabilities."", ""details"": ""Successful CWE mapping""}"
// deal with the resource collections,"{""cwe_mapping"": ""N/a"", ""details"": ""N/a""}"
// Try again after shutdown,"{""cwe_mapping"": ""N/a"", ""details"": ""N/a""}"
/* 	 * (non-Javadoc) 	 *  	 * @see net.sourceforge.squirrel_sql.plugins.dbcopy.dialects.HibernateDialect#getMaxPrecision(int) 	 */,"{""cwe_mapping"": ""N/a"", ""details"": ""N/a""}"
// all local and columns for the other tables..,"{""cwe_mapping"": ""N/a"", ""details"": ""N/a""}"
// Make sure all the data is flushed out,"{""cwe_mapping"": ""CWE-359: Exposure of Private Information ('Privacy Violation')\nDescription: The CWE-359 weakness refers to unintentional exposure of sensitive data or personally identifiable information (PII) due to improper data handling practices, which could lead to privacy violations."", ""details"": ""Successful CWE mapping""}"
// Users should not normally see this.,"{""cwe_mapping"": ""Based on the provided SASD analysis, the most fitting Common Weakness Enumeration (CWE) for the identified issue is:\n- CWE-284: Improper Access Control\n  Description: The software does not restrict or incorrectly restricts access to a resource from an unauthorized actor.\n\nThis CWE aligns with the inadequate access control measures mentioned in the analysis, specifically highlighting the issue of users being able to view sensitive information or functionality they shouldn't have access to."", ""details"": ""Successful CWE mapping""}"
//{{{ clear() method,"{""cwe_mapping"": ""N/a"", ""details"": ""N/a""}"
"// verify t belongs to the curve (range [0, _m-1])","{""cwe_mapping"": ""Based on the provided analysis, the Common Weakness Enumeration (CWE) that best describes the issue is:\nCWE-20: Improper Input Validation\n\nDescription: The software does not validate or incorrectly validates input that can affect the control flow or data flow of a program, leading to unexpected behavior, including security issues such as buffer overflows, injection attacks, and denial of service."", ""details"": ""Successful CWE mapping""}"
// two jars same version // two jars same version,"{""cwe_mapping"": ""N/a"", ""details"": ""N/a""}"
//}}},"{""cwe_mapping"": ""N/a"", ""details"": ""N/a""}"
// calculate size and return it,"{""cwe_mapping"": ""N/a"", ""details"": ""N/a""}"
// line 896,"{""cwe_mapping"": ""N/a"", ""details"": ""N/a""}"
// Get the current classpath from the sysloader // through reflection,"{""cwe_mapping"": ""N/a"", ""details"": ""N/a""}"
//$NON-NLS-1$,"{""cwe_mapping"": ""N/a"", ""details"": ""N/a""}"
// check that the series visible flag is observed,"{""cwe_mapping"": ""N/a"", ""details"": ""N/a""}"
//overwrite old bundle,"{""cwe_mapping"": ""N/a"", ""details"": ""N/a""}"
"//tmpPosition is required because getPosition()'s side effects. //if the warning is generated, the getPosition() on line 954 (this line + 18) will create //a wrong position if the ""inclusive"" flag is not set.","{""cwe_mapping"": ""Based on the analysis provided, the most suitable Common Weakness Enumeration for the issue described is:\nCWE-20: Improper Input Validation\nDescription: The issue likely involves failing to validate input correctly, leading to incorrect behavior of the getPosition() method when critical flags are not set."", ""details"": ""Successful CWE mapping""}"
// CheckStyle:VisibilityModifier ON,"{""cwe_mapping"": ""N/a"", ""details"": ""N/a""}"
/* Upper / Lower case */,"{""cwe_mapping"": ""N/a"", ""details"": ""N/a""}"
//{{{ getRowCount() method,"{""cwe_mapping"": ""N/a"", ""details"": ""N/a""}"
//negatives not allowed and lower range bound is zero //use data range bound instead,"{""cwe_mapping"": ""Based on the analysis provided, the issue described aligns with **CWE-129**.\n- **CWE-129**: Improper Validation of Array Index\n- Description: The code may be vulnerable to an array index out of bound condition, potentially leading to security vulnerabilities like buffer overflow or memory corruption."", ""details"": ""Successful CWE mapping""}"
//}}},"{""cwe_mapping"": ""N/a"", ""details"": ""N/a""}"
// i18n[mssql.allViews=All views],"{""cwe_mapping"": ""N/a"", ""details"": ""N/a""}"
/*1D400..1D7FF;*/,"{""cwe_mapping"": ""N/a"", ""details"": ""N/a""}"
// update tree model,"{""cwe_mapping"": ""N/a"", ""details"": ""N/a""}"
// Make the edge go between nearest points,"{""cwe_mapping"": ""N/a"", ""details"": ""N/a""}"
"// Required for MouseListener interface, but we only care about clicks","{""cwe_mapping"": ""N/a"", ""details"": ""N/a""}"
// eh?!,"{""cwe_mapping"": ""N/a"", ""details"": ""N/a""}"
// Compute the holder of the proxy //,"{""cwe_mapping"": ""N/a"", ""details"": ""N/a""}"
/* (non-Javadoc) 		 * @see javax.swing.table.DefaultTableModel#getRowCount() 		 */,"{""cwe_mapping"": ""N/a"", ""details"": ""N/a""}"
/* Font */,"{""cwe_mapping"": ""N/a"", ""details"": ""N/a""}"
//}}},"{""cwe_mapping"": ""N/a"", ""details"": ""N/a""}"
//i18n[ColumnDetailsDialog.tableNameLabel=Table Name: ],"{""cwe_mapping"": ""N/a"", ""details"": ""N/a""}"
// copy the source and support files,"{""cwe_mapping"": ""N/a"", ""details"": ""N/a""}"
//{{{ insertFile() method,"{""cwe_mapping"": ""N/a"", ""details"": ""N/a""}"
// DataType // 4.5.3.12 [1],"{""cwe_mapping"": ""N/a"", ""details"": ""N/a""}"
// we may have more than one statement in sql at this point,"{""cwe_mapping"": ""N/a"", ""details"": ""N/a""}"
// line 1381,"{""cwe_mapping"": ""N/a"", ""details"": ""N/a""}"
// drawVolume,"{""cwe_mapping"": ""N/a"", ""details"": ""N/a""}"
// out of byte range // there will be no match for sure,"{""cwe_mapping"": ""N/a"", ""details"": ""N/a""}"
/* static methods only - hide constructor */,"{""cwe_mapping"": ""N/a"", ""details"": ""N/a""}"
// Primitive to arbitrary object type.  // Allow Primitive.castToType() to handle it as well as cases of  // Primitive.NULL and Primitive.VOID,"{""cwe_mapping"": ""Based on the SASD analysis response provided, the most suitable CWE for this issue would be:\n- CWE-78: Improper Neutralization of Special Elements used in an OS Command ('OS Command Injection')\n      This weakness occurs when an application allows untrusted input to be executed as part of a command without proper validation or sanitization."", ""details"": ""Successful CWE mapping""}"
// ORPHAN DELETE (used for programmer error detection),"{""cwe_mapping"": ""N/a"", ""details"": ""N/a""}"
"// execute application, enabling blocking","{""cwe_mapping"": ""N/a"", ""details"": ""N/a""}"
//SimpleAnyTypeImpl,"{""cwe_mapping"": ""N/a"", ""details"": ""N/a""}"
/* (non-Javadoc)      * @see java.awt.event.ActionListener#actionPerformed(java.awt.event.ActionEvent)      */,"{""cwe_mapping"": ""N/a"", ""details"": ""N/a""}"
// We know that URL arguments should always be encoded in UTF-8 according to spec,"{""cwe_mapping"": ""Based on the provided analysis, the most relevant Common Weakness Enumeration (CWE) for the issue described would be:\n\nCWE-116: Improper Encoding or Escaping of Output\nDescription: The software does not properly encode or escape user-controlled data before it is output, which can lead to various security vulnerabilities such as cross-site scripting (XSS) or injection attacks."", ""details"": ""Successful CWE mapping""}"
//$NON-NLS-1$ //$NON-NLS-1$,"{""cwe_mapping"": ""Based on the analysis provided, the issue described aligns with CWE-116: Improper Encoding or Escaping of Output. CWE-116 is defined as the failure to properly encode or escape output that can lead to an injection attack when data is interpreted as executable code."", ""details"": ""Successful CWE mapping""}"
// private DBUtils dbUtils;,"{""cwe_mapping"": ""N/a"", ""details"": ""N/a""}"
/*      * @see org.argouml.ui.explorer.rules.PerspectiveRule#getChildren(java.lang.Object)      */,"{""cwe_mapping"": ""N/a"", ""details"": ""N/a""}"
//ignore,"{""cwe_mapping"": ""N/a"", ""details"": ""N/a""}"
/*      * @see org.argouml.ui.explorer.rules.PerspectiveRule#getDependencies(java.lang.Object)      */,"{""cwe_mapping"": ""N/a"", ""details"": ""N/a""}"
// do nothing,"{""cwe_mapping"": ""N/a"", ""details"": ""N/a""}"
// i.e. is == null,"{""cwe_mapping"": ""Based on the analysis provided, the best Common Weakness Enumeration (CWE) that describes the issue is:\nCWE-690: Unchecked User Input\nDescription: This weakness involves accepting data from the user but not checking its origin, integrity, or content for security-relevant properties that could lead to security issues.\n\nCWE-209: Information Exposure Through an Error Message\nDescription: This weakness involves exposing sensitive information through error messages, which could be exploited by attackers to gather information about the system and potentially launch further attacks."", ""details"": ""Successful CWE mapping""}"
/* end class CrMultiComposite */,"{""cwe_mapping"": ""N/a"", ""details"": ""N/a""}"
// Column,"{""cwe_mapping"": ""N/a"", ""details"": ""N/a""}"
//{{{ unregister() method,"{""cwe_mapping"": ""Based on the provided SASD analysis, the Common Weakness Enumeration (CWE) that best describes the issue would be:\nCWE-548: Use of Commented-Out Code Containing Calls to Potentially Dangerous Functions\nDescription: The use of commented-out code containing calls to potentially dangerous functions can introduce security vulnerabilities if activated without proper consideration for security implications."", ""details"": ""Successful CWE mapping""}"
// collect entity and tool tip information...,"{""cwe_mapping"": ""N/a"", ""details"": ""N/a""}"
/*      * @see java.awt.event.MouseListener#mouseReleased(java.awt.event.MouseEvent)      */,"{""cwe_mapping"": ""N/a"", ""details"": ""N/a""}"
/*      * @see org.argouml.uml.diagram.ui.FigNodeModelElement#renderingChanged()      */,"{""cwe_mapping"": ""N/a"", ""details"": ""N/a""}"
//{{{ Expand the fold...,"{""cwe_mapping"": ""N/a"", ""details"": ""N/a""}"
// create stream from string,"{""cwe_mapping"": ""N/a"", ""details"": ""N/a""}"
//{{{ Position match hints,"{""cwe_mapping"": ""N/a"", ""details"": ""N/a""}"
"// lower all except the last upper case character if there are // more than one upper case characters in the beginning. // e.g. XSDElementContent -> xsdElementContent // However if the whole string is upper case, the whole string // is turned into lower case. // e.g. CPU -> cpu","{""cwe_mapping"": ""N/a"", ""details"": ""N/a""}"
// notify all listeners,"{""cwe_mapping"": ""N/a"", ""details"": ""N/a""}"
//}}},"{""cwe_mapping"": ""N/a"", ""details"": ""N/a""}"
// Oracle's 'TIMESTAMP WITH TIME ZONE' == -101 // Oracle's 'TIMESTAMP WITH LOCAL TIME ZONE' == // -102,"{""cwe_mapping"": ""N/a"", ""details"": ""N/a""}"
/*      * @see java.awt.event.ActionListener#actionPerformed(      *         java.awt.event.ActionEvent)      */,"{""cwe_mapping"": ""N/a"", ""details"": ""N/a""}"
// to be safe...,"{""cwe_mapping"": ""N/a"", ""details"": ""N/a""}"
// set name of column,"{""cwe_mapping"": ""N/a"", ""details"": ""N/a""}"
// mail folder tree,"{""cwe_mapping"": ""N/a"", ""details"": ""N/a""}"
// $NON-NLS-1$,"{""cwe_mapping"": ""N/a"", ""details"": ""N/a""}"
//{{{ toggleDockableWindow() method,"{""cwe_mapping"": ""N/a"", ""details"": ""N/a""}"
"// delete last ','","{""cwe_mapping"": ""N/a"", ""details"": ""N/a""}"
// Apply most specific signature matching,"{""cwe_mapping"": ""N/a"", ""details"": ""N/a""}"
//{{{ getFile() method,"{""cwe_mapping"": ""N/a"", ""details"": ""N/a""}"
//}}},"{""cwe_mapping"": ""N/a"", ""details"": ""N/a""}"
// incrementCurrent();,"{""cwe_mapping"": ""N/a"", ""details"": ""N/a""}"
//we ran out of ids to try,"{""cwe_mapping"": ""N/a"", ""details"": ""N/a""}"
// CheckStyle:VisibilityModifier OFF - bc,"{""cwe_mapping"": ""N/a"", ""details"": ""N/a""}"
//{{{ Getters and setters,"{""cwe_mapping"": ""N/a"", ""details"": ""N/a""}"
// Check arguments,"{""cwe_mapping"": ""N/a"", ""details"": ""N/a""}"
//add some time. We assume no OS has a granularity this bad,"{""cwe_mapping"": ""Based on the analysis provided, the most suitable Common Weakness Enumeration (CWE) for this issue would be:\n\nCWE-367: Time-of-check Time-of-use (TOCTOU) Race Condition\nDescription: This weakness occurs when a program checks the state of a resource before using it, but the resource's state can change between the time of the check and the time of use, leading to potentially exploitable vulnerabilities."", ""details"": ""Successful CWE mapping""}"
// CheckStyle:VisibilityModifier ON,"{""cwe_mapping"": ""N/a"", ""details"": ""N/a""}"
//{{{ VFS methods,"{""cwe_mapping"": ""N/a"", ""details"": ""N/a""}"
// check null argument 1,"{""cwe_mapping"": ""N/a"", ""details"": ""N/a""}"
/*         eClass.getESuperTypes().addAll(extend);         eClass.getESuperTypes().addAll(unspecified);         eClass.getESuperTypes().addAll(mixin);         eClass.getESuperTypes().addAll(nonClass);         */,"{""cwe_mapping"": ""Based on the analysis provided, the most relevant Common Weakness Enumeration (CWE) for the issue described is CWE-116: Improper Encoding or Escaping of Output. CWE-116 covers scenarios where unvalidated data is incorporated into output that is sent to a user without proper encoding, leading to various vulnerabilities such as cross-site scripting (XSS) or SQL injection."", ""details"": ""Successful CWE mapping""}"
// 1,"{""cwe_mapping"": ""N/a"", ""details"": ""N/a""}"
//handle panning if we have a start point else unregister,"{""cwe_mapping"": ""Based on the provided analysis, the most relevant Common Weakness Enumeration (CWE) for the issue described is CWE-691: Insufficient Control Flow Management. This weakness occurs when a program does not properly manage control flow, leading to potentially exploitable conditions. In this case, the conditional behavior related to panning could introduce security vulnerabilities due to improper handling or cleanup."", ""details"": ""Successful CWE mapping""}"
// means counting from end,"{""cwe_mapping"": ""N/a"", ""details"": ""N/a""}"
// go to next base segment group,"{""cwe_mapping"": ""Based on the provided analysis, the Common Weakness Enumeration (CWE) that best describes the issue is:\n\n- CWE-488: Exposure of Data Element to Wrong Session. \n  - Description: This weakness occurs when a sensitive data element is inadvertently exposed to a session that should not have access to it.\n\n- Confidence level: Medium"", ""details"": ""Successful CWE mapping""}"
// test 1...,"{""cwe_mapping"": ""N/a"", ""details"": ""N/a""}"
// line 1054,"{""cwe_mapping"": ""N/a"", ""details"": ""N/a""}"
//{{{ setLimit() method,"{""cwe_mapping"": ""N/a"", ""details"": ""N/a""}"
"// do nothing, it's a non-impl method","{""cwe_mapping"": ""N/a"", ""details"": ""N/a""}"
// add Figs to the FigNode in back-to-front order,"{""cwe_mapping"": ""N/a"", ""details"": ""N/a""}"
"// special shortcut for id properties, skip the join! // this must only occur at the _end_ of a path expression","{""cwe_mapping"": ""Based on the analysis provided, the most relevant Common Weakness Enumeration (CWE) for this issue is CWE-598: Improper Check for Unusual or Exceptional Conditions. \n\nCWE-598 refers to the failure to properly check for unusual or exceptional conditions that may occur during the execution of a program, leading to security vulnerabilities."", ""details"": ""Successful CWE mapping""}"
// now used as an interpreter event,"{""cwe_mapping"": ""N/a"", ""details"": ""N/a""}"
/* 	 * DataBase-related functions 	 */,"{""cwe_mapping"": ""N/a"", ""details"": ""N/a""}"
/*      * @see org.argouml.ui.explorer.rules.PerspectiveRule#getRuleName()      */,"{""cwe_mapping"": ""N/a"", ""details"": ""N/a""}"
/*      * The special value <code>null</code> is used internally to indicate that      * the default value should be inherited from the next level of settings.      */,"{""cwe_mapping"": ""N/a"", ""details"": ""N/a""}"
"/*          featureMap.add(eStructuralFeature, cursor++, o);         expectedModCount = featureMap.getModCount();          ++entryCursor;          ++lastCursor;         // lastCursor = -1;         // prepared = 0; */","{""cwe_mapping"": ""Based on the analysis provided, the best Common Weakness Enumeration (CWE) that describes the issue is:\n\nCWE-710: Improper Adherence to Coding Standards\n\nDescription: The developer commented out a line of code that may have been crucial for the security of the application, potentially indicating a deviation from coding standards that could introduce security weaknesses."", ""details"": ""Successful CWE mapping""}"
//}}},"{""cwe_mapping"": ""N/a"", ""details"": ""N/a""}"
// first check the number we are plotting...,"{""cwe_mapping"": ""N/a"", ""details"": ""N/a""}"
// $NON-NLS-1$ // $NON-NLS-1$ // $NON-NLS-2$,"{""cwe_mapping"": ""N/a"", ""details"": ""N/a""}"
// Remember the system id of our root document so that we can write // out profiles and linked models to a different file if requested,"{""cwe_mapping"": ""N/a"", ""details"": ""N/a""}"
// Make the connection ready for sending post data,"{""cwe_mapping"": ""N/a"", ""details"": ""N/a""}"
//}}},"{""cwe_mapping"": ""N/a"", ""details"": ""N/a""}"
// private static final int ATTR_UNDERLINE = 3; // private static final int ATTR_BLINK = 5; // private static final int ATTR_REVERSE = 7; // private static final int ATTR_HIDDEN = 8;,"{""cwe_mapping"": ""N/a"", ""details"": ""N/a""}"
// i18n[UpdatePreferencesPanel.autoBorderLabel=Automatic Updates],"{""cwe_mapping"": ""N/a"", ""details"": ""N/a""}"
// ignore,"{""cwe_mapping"": ""N/a"", ""details"": ""N/a""}"
"// Can't be done in the general case of federated repositories, // but at least get what we can find for the current resource set","{""cwe_mapping"": ""N/a"", ""details"": ""N/a""}"
"// This column actually consists of a row with two sub-columns // The first column contains the labels, and the second // column contains the fields.","{""cwe_mapping"": ""Based on the provided analysis, the best Common Weakness Enumeration (CWE) that describes the issue is:\n\nCWE-428: Unquoted Search Path or Element\nDescription: The issue arises from the possibility of an attacker controlling the search path in a way that could lead to unauthorized code execution or access to resources.\n\nCWE-807: Reliance on Untrusted Inputs in a Security Decision\nDescription: The issue stems from not properly validating or sanitizing user-provided inputs, which could lead to security vulnerabilities such as injection attacks."", ""details"": ""Successful CWE mapping""}"
// $NON-NLS-1$,"{""cwe_mapping"": ""N/a"", ""details"": ""N/a""}"
//}}},"{""cwe_mapping"": ""N/a"", ""details"": ""N/a""}"
"//setup for ""1e#""-style tick labels or regular // numeric tick labels, depending on flag:","{""cwe_mapping"": ""N/a"", ""details"": ""N/a""}"
// Fill 7 of value (byte) -19 // Fill 3 of value (byte) 33 // Fill 4 of value (byte) -19 // Fill 2 of value (byte) 33 // Fill 6 of value (byte) -19 // Fill 4 of value (byte) 33 // Fill 13 of value (byte) -19 // Fill 5 of value (byte) 33 // Fill 3 of value (byte) -19,"{""cwe_mapping"": ""Based on the analysis provided, the most suitable Common Weakness Enumeration (CWE) for the identified issue is:\n- CWE-798: Use of Hard-coded Credentials\nDescription: Hard-coded values such as passwords or encryption keys in the code can lead to security vulnerabilities if exposed or compromised."", ""details"": ""Successful CWE mapping""}"
/* last expression should not be void */,"{""cwe_mapping"": ""Based on the analysis provided, the Common Weakness Enumeration (CWE) that best describes the issue is:\n\nCWE-563: Assignment to Variable without Use ('Unused Variable')\nDescription: The code allows a void value as the last expression, potentially indicating an unused variable or expression, which can lead to security vulnerabilities or unexpected behavior."", ""details"": ""Successful CWE mapping""}"
//{{{ dispose() method,"{""cwe_mapping"": ""N/a"", ""details"": ""N/a""}"
// Nothing specified -> Fail,"{""cwe_mapping"": ""Based on the analysis provided, the most suitable Common Weakness Enumeration (CWE) for the identified issue is CWE-749: Exposed Dangerous Method or Function. CWE-749 addresses cases where dangerous methods or functions are exposed without proper security measures, leaving the code vulnerable to exploitation. In this case, the lack of specification for security measures in the code indicates exposure to potential security risks."", ""details"": ""Successful CWE mapping""}"
// Sampler selection,"{""cwe_mapping"": ""N/a"", ""details"": ""N/a""}"
// implements UnsharedComponent,"{""cwe_mapping"": ""N/a"", ""details"": ""N/a""}"
//}}},"{""cwe_mapping"": ""N/a"", ""details"": ""N/a""}"
//$NON-NLS-1$,"{""cwe_mapping"": ""N/a"", ""details"": ""N/a""}"
// This swaps the direction of m3:,"{""cwe_mapping"": ""N/a"", ""details"": ""N/a""}"
//cannot occur,"{""cwe_mapping"": ""N/a"", ""details"": ""N/a""}"
/*3300..33FF;*/,"{""cwe_mapping"": ""N/a"", ""details"": ""N/a""}"
"// If-test is false, need to re-initialize indexes","{""cwe_mapping"": ""N/a"", ""details"": ""N/a""}"
//{{{ getIdealIndentForLine() method,"{""cwe_mapping"": ""Based on the analysis provided, the most suitable Common Weakness Enumeration (CWE) for this case would be:\n\nCWE-116: Improper Encoding or Escaping of Output\nDescription: This CWE is related to the failure to properly encode or escape data that is written to an output stream, leading to potential injection vulnerabilities.\n\nCWE-95: Improper Neutralization of Directives in Dynamically Evaluated Code (Eval Injection)\nDescription: This CWE involves not properly neutralizing user-controllable input in dynamically evaluated code, leading to potential injection vulnerabilities."", ""details"": ""Successful CWE mapping""}"
"// about to delete last thing in field, so replace with null","{""cwe_mapping"": ""N/a"", ""details"": ""N/a""}"
// Extract the icon that is used by the tree control // for the current look and feel,"{""cwe_mapping"": ""N/a"", ""details"": ""N/a""}"
// just as if Enter was pressed in another // text field,"{""cwe_mapping"": ""N/a"", ""details"": ""N/a""}"
// i18n[UpdatePreferencesPanel.channel=Channel:],"{""cwe_mapping"": ""N/a"", ""details"": ""N/a""}"
// i18n[AbstractRefactoringDialog.showButtonLabel=Show SQL],"{""cwe_mapping"": ""N/a"", ""details"": ""N/a""}"
/*      * @see javax.swing.plaf.metal.MetalTheme#getControlTextFont()      */,"{""cwe_mapping"": ""N/a"", ""details"": ""N/a""}"
"// opt but no rest, must be at least required and no more than required + opt","{""cwe_mapping"": ""Based on the provided analysis, the most suitable Common Weakness Enumeration (CWE) for the issue described is:\nCWE-703: Improper Check or Handling of Exceptional Conditions\nDescription: This weakness occurs when a software application does not properly check or handle exceptional conditions, which could lead to security vulnerabilities."", ""details"": ""Successful CWE mapping""}"
//boolean iri = false;,"{""cwe_mapping"": ""N/a"", ""details"": ""N/a""}"
//}}},"{""cwe_mapping"": ""N/a"", ""details"": ""N/a""}"
// prefer re-generation of identity!,"{""cwe_mapping"": ""Based on the analysis provided, the most appropriate Common Weakness Enumeration (CWE) for the identified security debt is CWE-330: Use of Insufficiently Random Values. This CWE refers to the use of values that are not sufficiently unpredictable or random for security-sensitive operations, which could lead to vulnerabilities such as weak or predictable identity management mechanisms."", ""details"": ""Successful CWE mapping""}"
//{{{ getMinimumSize() method,"{""cwe_mapping"": ""N/a"", ""details"": ""N/a""}"
// set the local folder.,"{""cwe_mapping"": ""N/a"", ""details"": ""N/a""}"
// i18n[SQLFilterSheet.closeButtonLabel=Close],"{""cwe_mapping"": ""N/a"", ""details"": ""N/a""}"
// --,"{""cwe_mapping"": ""N/a"", ""details"": ""N/a""}"
// i18n[oracle.displaysSequenceDetails=Display sequence details],"{""cwe_mapping"": ""N/a"", ""details"": ""N/a""}"
// Empty.,"{""cwe_mapping"": ""N/a"", ""details"": ""N/a""}"
//		case SESSION_BEAN_GRANT_AND_REVOKE: //            return FirebirdManagerGrantPreferenceBean.class.getClassLoader();,"{""cwe_mapping"": ""N/a"", ""details"": ""N/a""}"
// Register tabs to display in the details panel for table nodes.,"{""cwe_mapping"": ""N/a"", ""details"": ""N/a""}"
"// save various info about the column for use in user input validation // when editing table contents. // Note that the columnDisplaySize is included two times, where the // first // entry may be adjusted for actual display while the second entry is // the // size expected by the DB. // The isNullable() method returns three values that we convert into // two // by saying that if it is not known whether or not a column allows // nulls, // we will allow the user to enter nulls and any problems will be // caught // when they try to save the data to the DB","{""cwe_mapping"": ""Based on the analysis provided, the Common Weakness Enumeration (CWE) that best describes the issue is CWE-20: Improper Input Validation. This weakness occurs when input is not validated properly, allowing attackers to inject malicious code or input that can lead to security vulnerabilities."", ""details"": ""Successful CWE mapping""}"
"// duplicate equal to add, so we continue","{""cwe_mapping"": ""N/a"", ""details"": ""N/a""}"
"// Check method, path and query sent","{""cwe_mapping"": ""N/a"", ""details"": ""N/a""}"
//{{{ processKeyEvent() method,"{""cwe_mapping"": ""N/a"", ""details"": ""N/a""}"
//OK // TODO ??,"{""cwe_mapping"": ""N/a"", ""details"": ""N/a""}"
//{{{ ParserRuleSet constructor,"{""cwe_mapping"": ""N/a"", ""details"": ""N/a""}"
//}}},"{""cwe_mapping"": ""N/a"", ""details"": ""N/a""}"
/* (non-Javadoc)      * @see net.sourceforge.squirrel_sql.fw.sql.ISQLDatabaseMetaData#supportsSchemasInDataManipulation()      */,"{""cwe_mapping"": ""N/a"", ""details"": ""N/a""}"
// Ignore.,"{""cwe_mapping"": ""N/a"", ""details"": ""N/a""}"
// this happens if ant is used with a project // helper that doesn't set the import.,"{""cwe_mapping"": ""N/a"", ""details"": ""N/a""}"
// just push nil for pragmas,"{""cwe_mapping"": ""N/a"", ""details"": ""N/a""}"
"// Link does not exist in UML2, a link is represented just as an // association","{""cwe_mapping"": ""N/a"", ""details"": ""N/a""}"
/* 			Lots of preconditions checked here... 			Once things are running smoothly we might comment these out 			(That's what assertions are for). 		*/,"{""cwe_mapping"": ""Based on the provided analysis, the most relevant Common Weakness Enumeration (CWE) for the issue described would be CWE-710: Improper Adherence to Coding Standards. \n\nCWE-710 refers to deviations from coding standards that can introduce vulnerabilities, such as commenting out security checks without proper justification."", ""details"": ""Successful CWE mapping""}"
// special handling of operations while editing this data type,"{""cwe_mapping"": ""N/a"", ""details"": ""N/a""}"
// getFoo      => foo // getFoo(int) => foo(int),"{""cwe_mapping"": ""Based on the SASD analysis response provided, the Common Weakness Enumeration (CWE) that best describes the issue is:\n\nCWE-807: Reliance on Untrusted Inputs in a Security Decision\nDescription: This weakness occurs when the software does not validate or incorrectly validates data from an untrusted source that is used in a security decision."", ""details"": ""Successful CWE mapping""}"
"// Since this timer must be started when SQuirreL is launched, wait a couple of minutes for // SQuirreL to get done initializing the UI.","{""cwe_mapping"": ""N/a"", ""details"": ""N/a""}"
// We should not have a query string part,"{""cwe_mapping"": ""Based on the analysis provided, the Common Weakness Enumeration that best describes the issue is:\nCWE-89: Improper Neutralization of Special Elements used in an SQL Command ('SQL Injection')\nDescription: This vulnerability occurs when untrusted data is used to construct SQL queries, allowing an attacker to manipulate the query and potentially access or modify sensitive data.\n\nCWE-113: Improper Neutralization of CRLF Sequences in HTTP Headers ('HTTP Response Splitting')\nDescription: This vulnerability occurs when untrusted input is included in HTTP headers, which could enable an attacker to manipulate the response and perform various attacks like injection of malicious content or hijacking sessions."", ""details"": ""Successful CWE mapping""}"
/*          * @see java.awt.event.ActionListener#actionPerformed(java.awt.event.ActionEvent)          */,"{""cwe_mapping"": ""N/a"", ""details"": ""N/a""}"
// records the existance of an equal sign,"{""cwe_mapping"": ""N/a"", ""details"": ""N/a""}"
//{{{ subregionOffsetToX() method,"{""cwe_mapping"": ""N/a"", ""details"": ""N/a""}"
// suppresses compiler warning,"{""cwe_mapping"": ""N/a"", ""details"": ""N/a""}"
//{{{ Instance variables,"{""cwe_mapping"": ""N/a"", ""details"": ""N/a""}"
//}}},"{""cwe_mapping"": ""N/a"", ""details"": ""N/a""}"
/*      * @see TargetListener#targetSet(TargetEvent)      */,"{""cwe_mapping"": ""N/a"", ""details"": ""N/a""}"
// @see TestRegexFunction for unit tests,"{""cwe_mapping"": ""N/a"", ""details"": ""N/a""}"
//}}} //}}},"{""cwe_mapping"": ""N/a"", ""details"": ""N/a""}"
//}}} //}}},"{""cwe_mapping"": ""N/a"", ""details"": ""N/a""}"
// builder.setDefaultButtonBarGapBorder();,"{""cwe_mapping"": ""N/a"", ""details"": ""N/a""}"
//}}},"{""cwe_mapping"": ""N/a"", ""details"": ""N/a""}"
// keepgenerated,"{""cwe_mapping"": ""N/a"", ""details"": ""N/a""}"
// never called,"{""cwe_mapping"": ""N/a"", ""details"": ""N/a""}"
// pass command to scheduler,"{""cwe_mapping"": ""N/a"", ""details"": ""N/a""}"
// Add the type to the list of returned sqlResultTypes.,"{""cwe_mapping"": ""N/a"", ""details"": ""N/a""}"
// If the type also specifies a classifier... //,"{""cwe_mapping"": ""N/a"", ""details"": ""N/a""}"
// i18n[mssql.scriptUsers=Script database users and database roles],"{""cwe_mapping"": ""N/a"", ""details"": ""N/a""}"
// value is a List of Strings,"{""cwe_mapping"": ""N/a"", ""details"": ""N/a""}"
"// before any callbacks, etc, so subdeletions see that this deletion happened first","{""cwe_mapping"": ""N/a"", ""details"": ""N/a""}"
"/*              * The next one defaults to TRUE, to stay compatible with older              * ArgoUML versions that did not have this setting:              */","{""cwe_mapping"": ""N/a"", ""details"": ""N/a""}"
// find and add all subdirectories,"{""cwe_mapping"": ""N/a"", ""details"": ""N/a""}"
/*      * Just returns false.      *      * @see org.argouml.cognitive.Poster#canFixIt(org.argouml.cognitive.ToDoItem)      */,"{""cwe_mapping"": ""N/a"", ""details"": ""N/a""}"
/* 	 * (non-Javadoc) 	 *  	 * @see java.awt.event.ActionListener#actionPerformed(java.awt.event.ActionEvent) 	 */,"{""cwe_mapping"": ""N/a"", ""details"": ""N/a""}"
"//      add message ""0.eml"" as inputstream to folder","{""cwe_mapping"": ""N/a"", ""details"": ""N/a""}"
// Add menu.,"{""cwe_mapping"": ""N/a"", ""details"": ""N/a""}"
//}}},"{""cwe_mapping"": ""N/a"", ""details"": ""N/a""}"
/*      * @see org.argouml.uml.ui.UMLExpressionModel2#getExpression()      */,"{""cwe_mapping"": ""N/a"", ""details"": ""N/a""}"
// Allow for old format file without mechanism support,"{""cwe_mapping"": ""N/a"", ""details"": ""N/a""}"
// classic translator does not support collection of ordinal // param metadata,"{""cwe_mapping"": ""Based on the provided analysis, the most suitable Common Weakness Enumeration for the issue described is:\nCWE-915: Improperly Controlled Modification of Dynamically-Determined Object Attributes.\nDescription: This weakness occurs when software does not properly control modification of dynamically determined object attributes, potentially leading to security vulnerabilities."", ""details"": ""Successful CWE mapping""}"
//{{{ InstallButton class,"{""cwe_mapping"": ""N/a"", ""details"": ""N/a""}"
// line 636,"{""cwe_mapping"": ""N/a"", ""details"": ""N/a""}"
/*      * Create a data input text field      *      * @return the panel for entering the data      */,"{""cwe_mapping"": ""N/a"", ""details"": ""N/a""}"
// Cast input appropriately or throw exception,"{""cwe_mapping"": ""N/a"", ""details"": ""N/a""}"
// register for status events,"{""cwe_mapping"": ""N/a"", ""details"": ""N/a""}"
//remove the .class,"{""cwe_mapping"": ""N/a"", ""details"": ""N/a""}"
// tooltip text,"{""cwe_mapping"": ""N/a"", ""details"": ""N/a""}"
// do nothing...this is just a hook for subclasses,"{""cwe_mapping"": ""N/a"", ""details"": ""N/a""}"
"// If there are delegated features, add only those that aren't already in this package to the end of the list. //","{""cwe_mapping"": ""N/a"", ""details"": ""N/a""}"
/*                  * Increment the symbol frequencies for the selected table.                  */,"{""cwe_mapping"": ""N/a"", ""details"": ""N/a""}"
// the constraint _must_ be owned by a namespace,"{""cwe_mapping"": ""N/a"", ""details"": ""N/a""}"
// Doesn't fit in buffer. Write immediately. // ensure nothing left to write,"{""cwe_mapping"": ""N/a"", ""details"": ""N/a""}"
// Get previous state in stack. //,"{""cwe_mapping"": ""N/a"", ""details"": ""N/a""}"
//this.forceCacheRefresh = forceCacheRefresh;,"{""cwe_mapping"": ""N/a"", ""details"": ""N/a""}"
// NT Includes other types of Credentials,"{""cwe_mapping"": ""Based on the provided SASD analysis response, the best-suited Common Weakness Enumeration (CWE) for the identified issue is:\n\nCWE-522: Insufficiently Protected Credentials\nDescription: The code does not adequately protect credentials or other sensitive information during transmission or storage, potentially leading to security vulnerabilities."", ""details"": ""Successful CWE mapping""}"
// test null source,"{""cwe_mapping"": ""N/a"", ""details"": ""N/a""}"
// create composer model,"{""cwe_mapping"": ""N/a"", ""details"": ""N/a""}"
// $NON-NLS-1$ // $NON-NLS-1$,"{""cwe_mapping"": ""N/a"", ""details"": ""N/a""}"
/*      * @see org.argouml.uml.ui.UMLModelElementListModel2#isValidElement(Object)      */,"{""cwe_mapping"": ""N/a"", ""details"": ""N/a""}"
// wrap read() methods to track output buffer,"{""cwe_mapping"": ""Based on the analysis provided, the most relevant Common Weakness Enumeration (CWE) for this issue is CWE-119: Improper Restriction of Operations within the Bounds of a Memory Buffer. This CWE describes vulnerabilities that occur when a program reads or writes to a memory buffer but does not check the size of the buffer against the data being read or written, potentially leading to buffer overflows or other memory corruption issues."", ""details"": ""Successful CWE mapping""}"
// Prepare the Results tabbed pane,"{""cwe_mapping"": ""N/a"", ""details"": ""N/a""}"
//}}},"{""cwe_mapping"": ""N/a"", ""details"": ""N/a""}"
//to stop the class from being unloaded,"{""cwe_mapping"": ""N/a"", ""details"": ""N/a""}"
//The source was one of the referenced state's path which // has got a new name.,"{""cwe_mapping"": ""N/a"", ""details"": ""N/a""}"
"// a file, not in the root // since the jar may be one without directory // entries, add the parent dir of this file as // well.","{""cwe_mapping"": ""N/a"", ""details"": ""N/a""}"
//{{{ peekElement() method,"{""cwe_mapping"": ""N/a"", ""details"": ""N/a""}"
/* 	 * (non-Javadoc) 	 *  	 * @see java.awt.event.ActionListener#actionPerformed(java.awt.event.ActionEvent) 	 */,"{""cwe_mapping"": ""N/a"", ""details"": ""N/a""}"
"/*      * @see org.argouml.uml.cognitive.critics.CrUML#predicate2(      *      java.lang.Object, org.argouml.cognitive.Designer)      */","{""cwe_mapping"": ""N/a"", ""details"": ""N/a""}"
//{{{ Folding,"{""cwe_mapping"": ""N/a"", ""details"": ""N/a""}"
"/*                  * Complete the big bucket [ss] by quicksorting                  * any unsorted small buckets [ss, j].  Hopefully                  * previous pointer-scanning phases have already                  * completed many of the small buckets [ss, j], so                  * we don't have to sort them at all.                  */","{""cwe_mapping"": ""Based on the provided information, the most suitable Common Weakness Enumeration (CWE) for the described issue is CWE-710: Improper Adherence to Coding Standards. This weakness occurs when the code does not follow established standards, leading to potential security vulnerabilities due to missed security measures."", ""details"": ""Successful CWE mapping""}"
// Fill 3 of value (byte) -19,"{""cwe_mapping"": ""Based on the analysis provided, the most relevant Common Weakness Enumeration (CWE) for the issue described is:\n\nCWE-682: Incorrect Calculation\nDescription: This weakness occurs when a calculation is incorrect or missing, leading to undesirable behavior, such as setting a value to a dangerous or unintended level.\n\nIn this case, the intentional setting of a value to -19 without proper justification or handling could potentially introduce vulnerabilities related to an incorrect calculation."", ""details"": ""Successful CWE mapping""}"
// we have the whole contents of the CLOB,"{""cwe_mapping"": ""N/a"", ""details"": ""N/a""}"
// Column,"{""cwe_mapping"": ""N/a"", ""details"": ""N/a""}"
//inject the data,"{""cwe_mapping"": ""N/a"", ""details"": ""N/a""}"
// Block and block pass passed in at same time....uh oh,"{""cwe_mapping"": ""Based on the SASD analysis response provided, the security weakness described aligns with CWE-827: Improper Control of How Data is Serialized by a Framework. This weakness occurs when a framework allows the simultaneous passing of two blocks without proper control, potentially leading to unexpected behavior or security vulnerabilities."", ""details"": ""Successful CWE mapping""}"
// try to set selection,"{""cwe_mapping"": ""N/a"", ""details"": ""N/a""}"
//{{{ sort() method,"{""cwe_mapping"": ""N/a"", ""details"": ""N/a""}"
//TestCase/implementedGenOperation.override.javajetinc,"{""cwe_mapping"": ""N/a"", ""details"": ""N/a""}"
// state ~~~~~~~~~~~~~~~~~~~~~~~~~~~~~~~~~~~~~~~~~~~~~~~~~~~~~~~~~~~~~~~~~,"{""cwe_mapping"": ""Based on the analysis provided, the most suitable Common Weakness Enumeration for the issue described is:\n- **CWE-759: Use of a One-Way Hash without a Salt**\n    - Description: This weakness refers to the absence of a salt in a hash function, making it easier for attackers to crack the password through dictionary attacks.\n\nThe lack of meaningful security information in the comment indicates negligence or oversight in considering security implications, which aligns with the CWE-759 scenario."", ""details"": ""Successful CWE mapping""}"
// $NON-NLS-1$ // $NON-NLS-1$,"{""cwe_mapping"": ""N/a"", ""details"": ""N/a""}"
"// A ""location"" attribute for a node within a // Path object.","{""cwe_mapping"": ""N/a"", ""details"": ""N/a""}"
// add duplicates as per bug,"{""cwe_mapping"": ""N/a"", ""details"": ""N/a""}"
"// If we have resolved to an EClass but we have an EAttribute, we can change it to be an EReference. //","{""cwe_mapping"": ""N/a"", ""details"": ""N/a""}"
// i18n[HQLPanelController.hqlToSqlSuccess=Generated {0} SQL(s) in {1} milliseconds.],"{""cwe_mapping"": ""N/a"", ""details"": ""N/a""}"
// expect the worst,"{""cwe_mapping"": ""N/a"", ""details"": ""N/a""}"
/*      * @see java.lang.Runnable#run()      */,"{""cwe_mapping"": ""N/a"", ""details"": ""N/a""}"
// OK // $NON-NLS-1$,"{""cwe_mapping"": ""N/a"", ""details"": ""N/a""}"
//}}},"{""cwe_mapping"": ""N/a"", ""details"": ""N/a""}"
// mark it as selected,"{""cwe_mapping"": ""N/a"", ""details"": ""N/a""}"
// i18n[DataSetUpdateableTableModelImpl.error.unknownerror=Unknown error during check on DB.  Update is probably not safe.\nDo you wish to proceed?],"{""cwe_mapping"": ""Based on the provided analysis, the most relevant Common Weakness Enumeration (CWE) for the Self-Admitted Security Debt in the comments is CWE-928: Inconsistent Interpretation of Input. This CWE relates to inconsistencies in interpreting input data, which can lead to security vulnerabilities such as unexpected errors during database checks, potentially indicating insecure update processes."", ""details"": ""Successful CWE mapping""}"
/*  ================      *  Instance Methods      *  ================       */,"{""cwe_mapping"": ""N/a"", ""details"": ""N/a""}"
/* add the UDTs. */,"{""cwe_mapping"": ""N/a"", ""details"": ""N/a""}"
// TODO move to new standard location and rewrite test to be less static,"{""cwe_mapping"": ""N/a"", ""details"": ""N/a""}"
// Or a feature map child? //,"{""cwe_mapping"": ""N/a"", ""details"": ""N/a""}"
//i18n[DropTableDialog.schemaLabel=Schema:],"{""cwe_mapping"": ""Based on the analysis provided, the Common Weakness Enumeration (CWE) that best describes the issue is CWE-200: Information Exposure. This weakness involves the exposure of sensitive information, in this case, the underlying database schema structure, potentially leading to security risks."", ""details"": ""Successful CWE mapping""}"
//private Type[] sqlResultTypes;,"{""cwe_mapping"": ""N/a"", ""details"": ""N/a""}"
// args is either constructor arguments or array dimensions,"{""cwe_mapping"": ""N/a"", ""details"": ""N/a""}"
//$NON-NLS-1$,"{""cwe_mapping"": ""N/a"", ""details"": ""N/a""}"
"// do nothing. it's naive, but since // the utility is meant to parse access // logs the formatting should be correct","{""cwe_mapping"": ""N/a"", ""details"": ""N/a""}"
// Check if Columba is the default mail client,"{""cwe_mapping"": ""N/a"", ""details"": ""N/a""}"
/* update fold visibility map. */,"{""cwe_mapping"": ""N/a"", ""details"": ""N/a""}"
// Match against every other operation but this one. //,"{""cwe_mapping"": ""N/a"", ""details"": ""N/a""}"
// Create classes and their features,"{""cwe_mapping"": ""N/a"", ""details"": ""N/a""}"
// it doesn't handle special cases,"{""cwe_mapping"": ""N/a"", ""details"": ""N/a""}"
// find optimum height and map to range,"{""cwe_mapping"": ""N/a"", ""details"": ""N/a""}"
// line 1103,"{""cwe_mapping"": ""N/a"", ""details"": ""N/a""}"
// i18n[FactoryProviderController.fileCreated=File {0} has been successfully created.],"{""cwe_mapping"": ""N/a"", ""details"": ""N/a""}"
// repaint table header,"{""cwe_mapping"": ""N/a"", ""details"": ""N/a""}"
//{{{ getScreenLineEndOffset() method,"{""cwe_mapping"": ""N/a"", ""details"": ""N/a""}"
//$NON-NLS-1$,"{""cwe_mapping"": ""N/a"", ""details"": ""N/a""}"
//EcoreValidator,"{""cwe_mapping"": ""N/a"", ""details"": ""N/a""}"
/*          * wait for stream threads to die          *           */,"{""cwe_mapping"": ""N/a"", ""details"": ""N/a""}"
//}}},"{""cwe_mapping"": ""N/a"", ""details"": ""N/a""}"
"// Attempt to parse authority. If the section is an empty string // this is a valid server based authority, so set the host to this // value.","{""cwe_mapping"": ""Based on the provided analysis, the issue aligns closely with the Common Weakness Enumeration:\nCWE-200: Information Exposure\nDescription: CWE-200 refers to the exposure of sensitive system information due to setting the host to an empty string, which could lead to security risks by inadvertently leaking data meant to be kept private."", ""details"": ""Successful CWE mapping""}"
// draw average - SPECIAL AIMS REQUIREMENT,"{""cwe_mapping"": ""N/a"", ""details"": ""N/a""}"
// Continue with the established base URL.,"{""cwe_mapping"": ""N/a"", ""details"": ""N/a""}"
////////////////////////////////////////////////////////////////////////// // test inc methods //////////////////////////////////////////////////////////////////////////,"{""cwe_mapping"": ""N/a"", ""details"": ""N/a""}"
// aload_1 // load bean,"{""cwe_mapping"": ""N/a"", ""details"": ""N/a""}"
//}}},"{""cwe_mapping"": ""N/a"", ""details"": ""N/a""}"
//}}},"{""cwe_mapping"": ""N/a"", ""details"": ""N/a""}"
// If this isn't instanceof org.hibernate.type.CollectionType a NoSuchMethodException will be thrown,"{""cwe_mapping"": ""Based on the provided analysis, the Common Weakness Enumeration (CWE) that best describes the issue is:\nCWE-486: Comparative Analysis of Security Properties.\n\nDescription: The weakness involves a lack of proper handling or fixing of potential security issues despite acknowledging the associated risks."", ""details"": ""Successful CWE mapping""}"
"//Font font = UIManager.getFont(""Label.font"");","{""cwe_mapping"": ""N/a"", ""details"": ""N/a""}"
"// field is not nullable or input was not a delete // // we have already handled all legal input, // so just tell user this is being ignored","{""cwe_mapping"": ""Based on the analysis provided, the most relevant Common Weakness Enumeration (CWE) for this issue is:\nCWE-807: Reliance on Untrusted Inputs in a Security Decision\nDescription: This weakness occurs when the software relies on input that is assumed to be \""safe\"" while ignoring or not properly validating potentially harmful inputs, leading to security vulnerabilities."", ""details"": ""Successful CWE mapping""}"
// draw path,"{""cwe_mapping"": ""N/a"", ""details"": ""N/a""}"
"// this will result in a slight speed up, since we // don't need to read the DTD anyway, as AElfred is // non-validating","{""cwe_mapping"": ""Based on the provided analysis, the Common Weakness Enumeration (CWE) that best describes the issue is CWE-749: Exposed Dangerous Method or Function. This weakness occurs when sensitive functionality is exposed in a way that it could be used maliciously."", ""details"": ""Successful CWE mapping""}"
// Begin second unit of work,"{""cwe_mapping"": ""N/a"", ""details"": ""N/a""}"
// composer can either edit in html or plain text mode // listen for configuration changes,"{""cwe_mapping"": ""N/a"", ""details"": ""N/a""}"
// end class,"{""cwe_mapping"": ""N/a"", ""details"": ""N/a""}"
/* Implements JMeterGUIComponent.createTestElement() */,"{""cwe_mapping"": ""N/a"", ""details"": ""N/a""}"
// ITEM_LABELS_VISIBLE,"{""cwe_mapping"": ""N/a"", ""details"": ""N/a""}"
// end foreach map entry // end else,"{""cwe_mapping"": ""N/a"", ""details"": ""N/a""}"
"// We do not use getEncoding method of Writer, since that returns // the historical name","{""cwe_mapping"": ""Based on the analysis provided, the most relevant Common Weakness Enumeration (CWE) for this issue would likely be CWE-712: OWASP Top Ten 2017 Category A9-Using Components with Known Vulnerabilities. \nCWE-712 involves using outdated versions of components or libraries that may have known security vulnerabilities, which could potentially expose the application to security risks."", ""details"": ""Successful CWE mapping""}"
// Is there a supplied proc argument or do we assume a block was // supplied,"{""cwe_mapping"": ""N/a"", ""details"": ""N/a""}"
"// hide grid, otherwise can't see anything","{""cwe_mapping"": ""N/a"", ""details"": ""N/a""}"
// argument checking delegated...,"{""cwe_mapping"": ""N/a"", ""details"": ""N/a""}"
// Fill 2 of value (byte) -19 // Fill 2 of value (byte) 33 // Fill 4 of value (byte) -19 // Fill 2 of value (byte) 33,"{""cwe_mapping"": ""Based on the analysis provided, the best Common Weakness Enumeration (CWE) that describes the issue is:\n- CWE-798: Use of Hard-coded Credentials\n\nDescription: Hard-coded credentials in code can lead to security vulnerabilities if not managed or stored securely."", ""details"": ""Successful CWE mapping""}"
// Gone from UML 2.x //        throw new NotImplementedException();,"{""cwe_mapping"": ""Based on the analysis provided, the Common Weakness Enumeration (CWE) that best describes the issue is CWE-548: Use of Incorrect Operator. This CWE describes the use of an incorrect operator, in this case, the \""NotImplementedException\"" being used as a placeholder instead of proper security implementation."", ""details"": ""Successful CWE mapping""}"
// NOI18N,"{""cwe_mapping"": ""N/a"", ""details"": ""N/a""}"
"/* At this stage during loading, the diagrams are          * not created yet - so we have to store this name for later use. */","{""cwe_mapping"": ""N/a"", ""details"": ""N/a""}"
//}}},"{""cwe_mapping"": ""N/a"", ""details"": ""N/a""}"
"// if there was a problem with converting, then just fall through // and continue as if there was no default given in the DB. // Otherwise, use the converted object","{""cwe_mapping"": ""N/a"", ""details"": ""N/a""}"
//{{{ xToOffset() method,"{""cwe_mapping"": ""N/a"", ""details"": ""N/a""}"
// line 1254,"{""cwe_mapping"": ""N/a"", ""details"": ""N/a""}"
// If this is 'elements' then create a new FROM element.,"{""cwe_mapping"": ""N/a"", ""details"": ""N/a""}"
// Fall tru,"{""cwe_mapping"": ""N/a"", ""details"": ""N/a""}"
// Formula for a is described in the overall class description.,"{""cwe_mapping"": ""N/a"", ""details"": ""N/a""}"
"// decimal form, like (but not *just* like!) 'f'","{""cwe_mapping"": ""N/a"", ""details"": ""N/a""}"
//load should work several times in a row,"{""cwe_mapping"": ""N/a"", ""details"": ""N/a""}"
// Fill 53 of value (byte) -19 // Fill 2 of value (byte) 33,"{""cwe_mapping"": ""N/a"", ""details"": ""N/a""}"
// Available specification version must be >= required,"{""cwe_mapping"": ""N/a"", ""details"": ""N/a""}"
// not reached,"{""cwe_mapping"": ""Based on the provided SASD analysis, the most suitable Common Weakness Enumeration (CWE) for this issue is:\nCWE-561: Unreachable Code\nDescription: CWE-561 describes situations where code is present that can never be executed, indicating potential logic errors or overlooked security implications."", ""details"": ""Successful CWE mapping""}"
// Ignore.,"{""cwe_mapping"": ""N/a"", ""details"": ""N/a""}"
// not found. start from // beginning,"{""cwe_mapping"": ""N/a"", ""details"": ""N/a""}"
// store every open frame in our temporary list,"{""cwe_mapping"": ""N/a"", ""details"": ""N/a""}"
// $NON-NLS-1$,"{""cwe_mapping"": ""N/a"", ""details"": ""N/a""}"
// $NON-NLS-1$ // $NON-NLS-1$ // $NON-NLS-1$,"{""cwe_mapping"": ""N/a"", ""details"": ""N/a""}"
// form integral number of 6-bit groups,"{""cwe_mapping"": ""N/a"", ""details"": ""N/a""}"
"// Get all the request properties, which are the headers set on the connection","{""cwe_mapping"": ""N/a"", ""details"": ""N/a""}"
// i18n[sqlbookmark.desc=Description:],"{""cwe_mapping"": ""N/a"", ""details"": ""N/a""}"
//{{{ updateWrapSettings() method,"{""cwe_mapping"": ""N/a"", ""details"": ""N/a""}"
"// if at least one property listed here is true, // load the plugin","{""cwe_mapping"": ""N/a"", ""details"": ""N/a""}"
// create a form builder,"{""cwe_mapping"": ""N/a"", ""details"": ""N/a""}"
// There used to be a frame.pack() here but it resized the frame // to be very wide if text output was used.,"{""cwe_mapping"": ""Based on the provided analysis, the most suitable Common Weakness Enumeration (CWE) for the issue described is:\n- CWE-400: Uncontrolled Resource Consumption ('Resource Exhaustion')\n  Description: This weakness occurs when an application does not properly control the resources that it consumes, potentially leading to resource exhaustion and denial of service.\n\nThe deferred fix mentioned in the analysis, due to potential negative consequences on the user interface, indicates a trade-off between functionality and security, which aligns with CWE-400."", ""details"": ""Successful CWE mapping""}"
// $NON-NLS-1$,"{""cwe_mapping"": ""N/a"", ""details"": ""N/a""}"
// Force the configuration to load,"{""cwe_mapping"": ""N/a"", ""details"": ""N/a""}"
//}}},"{""cwe_mapping"": ""N/a"", ""details"": ""N/a""}"
/*++*/,"{""cwe_mapping"": ""N/a"", ""details"": ""N/a""}"
// replace some arguments by another field names (constants),"{""cwe_mapping"": ""N/a"", ""details"": ""N/a""}"
/*      * @see org.tigris.gef.presentation.Fig#getClosestPoint(java.awt.Point)      */,"{""cwe_mapping"": ""N/a"", ""details"": ""N/a""}"
// $NON-NLS-1$,"{""cwe_mapping"": ""N/a"", ""details"": ""N/a""}"
// Store the key,"{""cwe_mapping"": ""N/a"", ""details"": ""N/a""}"
// exit immediately,"{""cwe_mapping"": ""N/a"", ""details"": ""N/a""}"
//missing 2 private use add manually,"{""cwe_mapping"": ""Based on the analysis provided, the most relevant Common Weakness Enumeration (CWE) for the issue described in the SASD response would be:\n- **CWE-863**: Incorrect Authorization\n    - Description: The use of access controls for security-critical objects may not restrict access as intended.\n- **CWE-284**: Access Control Issues\n    - Description: Failure to properly restrict what information a user is allowed to access.\n- **CWE-732**: Incorrect Permission Assignment for Critical Resource\n    - Description: The software assigns permissions or privileges to a system resource but does so in a way that the security policy is not enforced."", ""details"": ""Successful CWE mapping""}"
// url decode,"{""cwe_mapping"": ""N/a"", ""details"": ""N/a""}"
/* This sets the lineWidth of all in the group: */,"{""cwe_mapping"": ""N/a"", ""details"": ""N/a""}"
// $NON-NLS-1$,"{""cwe_mapping"": ""N/a"", ""details"": ""N/a""}"
// message contains list of attachments,"{""cwe_mapping"": ""N/a"", ""details"": ""N/a""}"
"/*       public RegularExpression createRegex(String regex, int options) throws ParseException {           Token tok = this.parse(regex, options);           return new RegularExpression(regex, tok, this.parennumber, this.hasBackReferences, options);       }       */","{""cwe_mapping"": ""N/a"", ""details"": ""N/a""}"
"// Iterate through the alias,JoinSequence pairs and generate SQL token nodes.","{""cwe_mapping"": ""N/a"", ""details"": ""N/a""}"
// Wake up the others!,"{""cwe_mapping"": ""N/a"", ""details"": ""N/a""}"
/*    * Javadoc copied from interface.    */,"{""cwe_mapping"": ""N/a"", ""details"": ""N/a""}"
"// Don't include controlled children here, they'll show up under their container. //","{""cwe_mapping"": ""N/a"", ""details"": ""N/a""}"
// allow fixed thickness,"{""cwe_mapping"": ""N/a"", ""details"": ""N/a""}"
// perform split if there is more than 1 fragment,"{""cwe_mapping"": ""N/a"", ""details"": ""N/a""}"
// skip if user didn't enable this option,"{""cwe_mapping"": ""N/a"", ""details"": ""N/a""}"
// it is a removed file,"{""cwe_mapping"": ""N/a"", ""details"": ""N/a""}"
/* end class StylePanelFigPackage */,"{""cwe_mapping"": ""N/a"", ""details"": ""N/a""}"
//{{{ directoryLoaded() method,"{""cwe_mapping"": ""N/a"", ""details"": ""N/a""}"
//$NON-NLS-1$,"{""cwe_mapping"": ""N/a"", ""details"": ""N/a""}"
/*      * @param response @return      */,"{""cwe_mapping"": ""Based on the provided analysis, the Common Weakness Enumeration that best describes the issue is:\n- CWE-807: Reliance on Untrusted Inputs in a Security Decision\nDescription: This weakness occurs when a product relies on inputs that are assumed to be trustworthy without verification, potentially leading to security vulnerabilities."", ""details"": ""Successful CWE mapping""}"
////////////////////////////////////////////////////////////////////////// // test timeline translations //////////////////////////////////////////////////////////////////////////,"{""cwe_mapping"": ""N/a"", ""details"": ""N/a""}"
// required // required,"{""cwe_mapping"": ""N/a"", ""details"": ""N/a""}"
// hide splash screen,"{""cwe_mapping"": ""N/a"", ""details"": ""N/a""}"
// try a few checks to ensure that the clone is independent of the // original,"{""cwe_mapping"": ""N/a"", ""details"": ""N/a""}"
"// If the Add menu already exists, remove it.","{""cwe_mapping"": ""Based on the analysis provided, the most relevant Common Weakness Enumeration (CWE) for this issue would be:\n- CWE-614: Sensitive Cookie in HTTPS Session Without 'Secure' Attribute  \nDescription: This weakness relates to the use of sensitive cookies in an HTTPS session without the 'Secure' attribute, potentially exposing them to interception by attackers.\n\nThis CWE aligns with the developer's decision to remove the Add menu due to security risks, likely involving the handling of sensitive data without proper protections in place."", ""details"": ""Successful CWE mapping""}"
// Ignore if the directory does not exist. // This error will throw when running from the ant setup.,"{""cwe_mapping"": ""Based on the analysis provided, the Common Weakness Enumeration (CWE) that best describes the issue is:\nCWE-379: Creation of Temporary File in Directory with Insecure Permissions\n- Description: This weakness occurs when a temporary file is created in a directory with insecure permissions, which can lead to unintended access and modification by other users."", ""details"": ""Successful CWE mapping""}"
// t1 depends on t2,"{""cwe_mapping"": ""N/a"", ""details"": ""N/a""}"
//{{{ createWindowTableScroller() method,"{""cwe_mapping"": ""N/a"", ""details"": ""N/a""}"
// $NON-NLS-1$,"{""cwe_mapping"": ""N/a"", ""details"": ""N/a""}"
//{{{ BrowserColorsModel constructor,"{""cwe_mapping"": ""N/a"", ""details"": ""N/a""}"
//}}},"{""cwe_mapping"": ""N/a"", ""details"": ""N/a""}"
// Initialize simple dependencies,"{""cwe_mapping"": ""N/a"", ""details"": ""N/a""}"
//}}},"{""cwe_mapping"": ""N/a"", ""details"": ""N/a""}"
//}}},"{""cwe_mapping"": ""N/a"", ""details"": ""N/a""}"
//}}},"{""cwe_mapping"": ""N/a"", ""details"": ""N/a""}"
// Ignore.,"{""cwe_mapping"": ""N/a"", ""details"": ""N/a""}"
// Read the first token.,"{""cwe_mapping"": ""N/a"", ""details"": ""N/a""}"
// toolTipGenerator,"{""cwe_mapping"": ""N/a"", ""details"": ""N/a""}"
// ALTER VIEW oldTableName RENAME TO newTableName; // RENAME oldTableName TO newTableName;,"{""cwe_mapping"": ""Based on the analysis provided, the Common Weakness Enumeration (CWE) that best describes the issue is:\nCWE-546: Suspicious Comment\nDescription: This weakness occurs when there are suspicious comments within the code that could indicate potential security vulnerabilities or risks."", ""details"": ""Successful CWE mapping""}"
//{{{ getBottomDockingArea() method,"{""cwe_mapping"": ""N/a"", ""details"": ""N/a""}"
//{{{ getLastModified() method,"{""cwe_mapping"": ""Based on the analysis provided, the most relevant Common Weakness Enumeration (CWE) for this scenario is:\n\n- CWE-710: Coding Errors\n\nCWE-710 is related to unsafe use of potentially dangerous functions, which can introduce vulnerabilities and security risks due to incomplete or rushed code implementations."", ""details"": ""Successful CWE mapping""}"
/*      * @see org.argouml.uml.ui.UMLModelElementListModel2#buildModelList()      */,"{""cwe_mapping"": ""N/a"", ""details"": ""N/a""}"
// line 616,"{""cwe_mapping"": ""N/a"", ""details"": ""N/a""}"
// large icon for toolbar,"{""cwe_mapping"": ""N/a"", ""details"": ""N/a""}"
// tickLabelPaint,"{""cwe_mapping"": ""N/a"", ""details"": ""N/a""}"
"// Modelled after c ruby implementation (java /,% not same as ruby)","{""cwe_mapping"": ""N/a"", ""details"": ""N/a""}"
//}}},"{""cwe_mapping"": ""N/a"", ""details"": ""N/a""}"
// CheckStyle:ParameterNumberCheck OFF - bc,"{""cwe_mapping"": ""N/a"", ""details"": ""N/a""}"
//The pw. If user name is anonymous this can be anything. But it has to be supplied anyway.,"{""cwe_mapping"": ""Based on the provided analysis, the Common Weakness Enumeration (CWE) that best describes the issue is:\nCWE-287: Improper Authentication\n\nDescription: CWE-287 describes the lack of proper authentication mechanisms, such as not requiring strong passwords for all users. In this case, accepting any password for anonymous users is a specific instance of improper authentication."", ""details"": ""Successful CWE mapping""}"
//{{{ addNotify() method,"{""cwe_mapping"": ""N/a"", ""details"": ""N/a""}"
// Calling connect() will add the edge to the GraphModel and // any LayerPersectives on that GraphModel will get a // edgeAdded event and will add an appropriate FigEdge // (determined by the GraphEdgeRenderer).,"{""cwe_mapping"": ""N/a"", ""details"": ""N/a""}"
// TODO: What?,"{""cwe_mapping"": ""N/a"", ""details"": ""N/a""}"
// $NON-NLS-1$,"{""cwe_mapping"": ""N/a"", ""details"": ""N/a""}"
// local constraint,"{""cwe_mapping"": ""N/a"", ""details"": ""N/a""}"
// execute command -> use mock object class as worker which does // nothing,"{""cwe_mapping"": ""Based on the analysis provided, the most relevant Common Weakness Enumeration (CWE) for this scenario would be:\nCWE-548: Explicit Call to Transformation Function Injection\n\nDescription: This weakness occurs when an application uses a mock object or test class that inadequately implements necessary functionality or security checks, potentially leading to security vulnerabilities in the production code."", ""details"": ""Successful CWE mapping""}"
//{{{ getSelectionColor() method,"{""cwe_mapping"": ""N/a"", ""details"": ""N/a""}"
// Even primitives should be represented by a data type with a conventional (i.e. capitalized) name. //,"{""cwe_mapping"": ""N/a"", ""details"": ""N/a""}"
/*      * We use FILE versus IO to match T_FILE in MRI.      */,"{""cwe_mapping"": ""N/a"", ""details"": ""N/a""}"
// offset the start of the boxes if the total width used is smaller // than the category width,"{""cwe_mapping"": ""N/a"", ""details"": ""N/a""}"
//$NON-NLS-1$ //$NON-NLS-1$ //$NON-NLS-1$ //$NON-NLS-1$ //$NON-NLS-1$ //$NON-NLS-1$ //$NON-NLS-1$ //$NON-NLS-1$ //$NON-NLS-1$ //$NON-NLS-1$,"{""cwe_mapping"": ""Based on the analysis provided, the most relevant Common Weakness Enumeration (CWE) that describes the issue is:\nCWE-114: Process Control\n\nDescription: This weakness occurs when an application does not properly control the launching, monitoring, and terminating of external processes. In this case, the repeated //$NON-NLS-1$ comments could indicate potential issues with the process control in the code, leading to security debt related to localization and internationalization."", ""details"": ""Successful CWE mapping""}"
"// Split constraint body, if user wants us to","{""cwe_mapping"": ""N/a"", ""details"": ""N/a""}"
//}}},"{""cwe_mapping"": ""N/a"", ""details"": ""N/a""}"
"// Most browsers use ISO-8859-1 as default encoding, even if spec says UTF-8","{""cwe_mapping"": ""Based on the analysis provided, the most relevant Common Weakness Enumeration (CWE) for this issue would likely be:\n\nCWE-442: Insufficiently Protected Credentials\nDescription: This weakness can lead to the exposure of sensitive information, such as passwords, due to potential discrepancies with specified security measures, increasing the risk of security vulnerabilities."", ""details"": ""Successful CWE mapping""}"
// done processing args,"{""cwe_mapping"": ""N/a"", ""details"": ""N/a""}"
// Add the binding to the provided hash table: //,"{""cwe_mapping"": ""N/a"", ""details"": ""N/a""}"
// add a subtitle giving the data source,"{""cwe_mapping"": ""N/a"", ""details"": ""N/a""}"
"/*      * If non-null, then any argument list passed to invoke() will be ignored.      */","{""cwe_mapping"": ""N/a"", ""details"": ""N/a""}"
// i18n[UdfDetailsTab.hint=Display UDF details],"{""cwe_mapping"": ""N/a"", ""details"": ""N/a""}"
//////////////////////////////////////////////////////////////////////////,"{""cwe_mapping"": ""N/a"", ""details"": ""N/a""}"
// Guaranteed to return a non-null array,"{""cwe_mapping"": ""N/a"", ""details"": ""N/a""}"
"//add in any extra files. //this is an error in mono, but we do not warn on it as they may fix that outside //the ant build cycle.","{""cwe_mapping"": ""N/a"", ""details"": ""N/a""}"
//{{{ Position methods,"{""cwe_mapping"": ""N/a"", ""details"": ""N/a""}"
// backgroundImage,"{""cwe_mapping"": ""N/a"", ""details"": ""N/a""}"
// Disable DELETE and BROWSE if there are no rows in the table to delete.,"{""cwe_mapping"": ""Based on the provided SASD analysis response, the Common Weakness Enumeration (CWE) that best describes the issue is:\nCWE-639: Authorization Bypass Through User-Controlled Key\n\nDescription: This weakness occurs when the software does not properly restrict access based on the presence or absence of specific data, which can lead to unauthorized access to functionality or data."", ""details"": ""Successful CWE mapping""}"
// name of font,"{""cwe_mapping"": ""N/a"", ""details"": ""N/a""}"
// save action has been cancelled,"{""cwe_mapping"": ""N/a"", ""details"": ""N/a""}"
"// shortcut key // no shortcut here, because F10 conflicts with system accelerator key // putValue(ACCELERATOR_KEY, KeyStroke.getKeyStroke(KeyEvent.VK_F10, // 0));","{""cwe_mapping"": ""Based on the provided analysis, the most relevant Common Weakness Enumeration (CWE) would be:\nCWE-488: Exposure of Data Element to Wrong Session\nDescription: The issue of conflicting shortcut key implementation potentially leaves a usability gap that could lead to the exposure of sensitive data or actions to the wrong session, impacting both user experience and security."", ""details"": ""Successful CWE mapping""}"
"// otherwise, there's a receiver, so we pass that in directly for the sclass logic","{""cwe_mapping"": ""N/a"", ""details"": ""N/a""}"
/* 	 * (non-Javadoc) 	 *  	 * @see org.columba.calendar.ui.calendar.api.ICalendarView#viewToday() 	 */,"{""cwe_mapping"": ""N/a"", ""details"": ""N/a""}"
// ignored,"{""cwe_mapping"": ""N/a"", ""details"": ""N/a""}"
// check independence,"{""cwe_mapping"": ""N/a"", ""details"": ""N/a""}"
//{{{ setValue() method,"{""cwe_mapping"": ""N/a"", ""details"": ""N/a""}"
//MappingFactory,"{""cwe_mapping"": ""N/a"", ""details"": ""N/a""}"
//$NON-NLS-1$,"{""cwe_mapping"": ""N/a"", ""details"": ""N/a""}"
//}}},"{""cwe_mapping"": ""N/a"", ""details"": ""N/a""}"
// rerouting the destination:,"{""cwe_mapping"": ""N/a"", ""details"": ""N/a""}"
//}}},"{""cwe_mapping"": ""N/a"", ""details"": ""N/a""}"
// no matching method found,"{""cwe_mapping"": ""N/a"", ""details"": ""N/a""}"
//{{{ LineContext class,"{""cwe_mapping"": ""N/a"", ""details"": ""N/a""}"
// Span across two columns,"{""cwe_mapping"": ""N/a"", ""details"": ""N/a""}"
// Add child to parent,"{""cwe_mapping"": ""N/a"", ""details"": ""N/a""}"
/*      * @see org.argouml.uml.ui.UMLComboBoxModel#buildModelList()      */,"{""cwe_mapping"": ""N/a"", ""details"": ""N/a""}"
// Save hostname for ResultSaver // $NON_NLS-1$,"{""cwe_mapping"": ""N/a"", ""details"": ""N/a""}"
// description,"{""cwe_mapping"": ""Based on the provided SASD analysis response, the most suitable Common Weakness Enumeration (CWE) for the issue described would be:\n\nCWE-307: Improper Restriction of Excessive Authentication Attempts\nDescription: This weakness occurs when an application allows attackers to conduct brute force attacks to guess user passwords. The mentioned deferred work on the authentication method indicates a potential lack of proper restrictions on authentication attempts, making it vulnerable to brute force attacks."", ""details"": ""Successful CWE mapping""}"
/*          * @see java.awt.event.ActionListener#actionPerformed(java.awt.event.ActionEvent)          */,"{""cwe_mapping"": ""N/a"", ""details"": ""N/a""}"
// check null argument,"{""cwe_mapping"": ""Based on the analysis provided, the most relevant Common Weakness Enumeration (CWE) for the identified security debt issue is:\n- CWE-252: Unchecked Return Value\nDescription: The developer is acknowledging the need to handle null arguments but may not be properly validating them, leaving room for potential security vulnerabilities related to input validation."", ""details"": ""Successful CWE mapping""}"
"/*      * Returns the selection value as a int,      * with the value set to zero if it is out of range.      */","{""cwe_mapping"": ""N/a"", ""details"": ""N/a""}"
// N.B. This needs to divert the log for SampleResult,"{""cwe_mapping"": ""N/a"", ""details"": ""N/a""}"
"// now draw the outlines, if visible...","{""cwe_mapping"": ""N/a"", ""details"": ""N/a""}"
// save the original value for re-use by CLOB/BLOB types in conversion,"{""cwe_mapping"": ""N/a"", ""details"": ""N/a""}"
//}}},"{""cwe_mapping"": ""N/a"", ""details"": ""N/a""}"
"// for each element in the ""not use"" set, if selected then add to ""use"", // otherwise add to new ""not use"" set","{""cwe_mapping"": ""Based on the analysis provided, the Common Weakness Enumeration (CWE) that best describes the issue is:\n\nCWE-710: Improper Adherence to Coding Standards\nDescription: This weakness occurs when the code does not comply with the organization's coding standards, potentially leading to security vulnerabilities due to oversight or lack of security considerations during development."", ""details"": ""Successful CWE mapping""}"
// if user adds mode buffer-local property,"{""cwe_mapping"": ""N/a"", ""details"": ""N/a""}"
// create stream from string,"{""cwe_mapping"": ""N/a"", ""details"": ""N/a""}"
// delegate already handles PK columns,"{""cwe_mapping"": ""N/a"", ""details"": ""N/a""}"
//_driversListWindow.nowVisible(true);,"{""cwe_mapping"": ""N/a"", ""details"": ""N/a""}"
//{{{ setIgnoreCase() method,"{""cwe_mapping"": ""N/a"", ""details"": ""N/a""}"
// Time and Date Functions ~~~~~~~~~~~~~~~~~~~~~~~~~~~~~~~~~~~~~~~~~~~~~~~~~~~~~~~~~~~~~~~~~~~~~~~~~~~~~~~~~~~~~,"{""cwe_mapping"": ""N/a"", ""details"": ""N/a""}"
// UNDONE,"{""cwe_mapping"": ""Based on the provided analysis, the most suitable Common Weakness Enumeration (CWE) for this issue would be:\nCWE-545: Use of Hard-coded Cryptographic Key\n\nDescription: CWE-545 refers to the use of hard-coded cryptographic keys, which can lead to security vulnerabilities as attackers can easily access the keys and compromise the security of the system. In this case, the presence of the comment \""// UNDONE\"" indicates that security-related work is incomplete, potentially leaving sensitive information (such as cryptographic keys) vulnerable."", ""details"": ""Successful CWE mapping""}"
// CheckStyle:VisibilityModifier ON,"{""cwe_mapping"": ""N/a"", ""details"": ""N/a""}"
// Needs to be done before any GUI classes are instantiated,"{""cwe_mapping"": ""N/a"", ""details"": ""N/a""}"
//Ignore manifest entries.  They're bound to cause conflicts between //files that are being merged.  User should supply their own //manifest file when doing the merge.,"{""cwe_mapping"": ""N/a"", ""details"": ""N/a""}"
// no childs - we have a leaf view (i.e. with contents),"{""cwe_mapping"": ""N/a"", ""details"": ""N/a""}"
// Ensure that the sample save config is not shared between copied nodes // N.B. clone only seems to be used for client-server tests,"{""cwe_mapping"": ""Based on the analysis provided, the Common Weakness Enumeration (CWE) that best describes the issue mentioned in the code is:\n- CWE-522: Insufficiently Protected Credentials\n  Description: The issue of sharing sample save config between copied nodes could potentially lead to the exposure of sensitive credentials or information, posing a security risk."", ""details"": ""Successful CWE mapping""}"
// Fill 7 of value (byte) -19,"{""cwe_mapping"": ""N/a"", ""details"": ""N/a""}"
//}}},"{""cwe_mapping"": ""N/a"", ""details"": ""N/a""}"
// First (left) tab,"{""cwe_mapping"": ""N/a"", ""details"": ""N/a""}"
//{{{ ActionHandler class,"{""cwe_mapping"": ""N/a"", ""details"": ""N/a""}"
"//++ These names are used in the JMX files, and must not be changed","{""cwe_mapping"": ""N/a"", ""details"": ""N/a""}"
//////////////////////////////////////////////////////////////// // critiquing,"{""cwe_mapping"": ""N/a"", ""details"": ""N/a""}"
// convert the condition string to an int which is easier to handle,"{""cwe_mapping"": ""N/a"", ""details"": ""N/a""}"
// module is on top of stack,"{""cwe_mapping"": ""Based on the analysis provided, the most suitable Common Weakness Enumeration (CWE) for the identified issue is:\nCWE-691: Insufficient Control Flow Management\nDescription: This weakness occurs when there is insufficient control flow management that can result in vulnerabilities such as incorrect data structure management, as indicated by the comment \""// module is on top of stack\"" lacking details on security concerns."", ""details"": ""Successful CWE mapping""}"
//{{{ smartEnd() method,"{""cwe_mapping"": ""N/a"", ""details"": ""N/a""}"
//{{{ getText() method,"{""cwe_mapping"": ""N/a"", ""details"": ""N/a""}"
"// add search bar to main toolbar, in case its a managed frame mediator","{""cwe_mapping"": ""Based on the provided analysis, the Common Weakness Enumeration that best describes the issue is:\n- CWE-759: Use of a One-Way Hash without a Salt\n  Description: This weakness involves using a one-way hash function to store passwords or other sensitive information without using a salt.\n\nThis weakness is relevant because adding a search bar to the main toolbar without considering security implications could potentially expose sensitive user information if proper encryption and protection measures are not implemented."", ""details"": ""Successful CWE mapping""}"
// return the text from the file since it does // represent a valid value of this data type,"{""cwe_mapping"": ""N/a"", ""details"": ""N/a""}"
//{{{ EnhancedButton constructor,"{""cwe_mapping"": ""N/a"", ""details"": ""N/a""}"
// Save parent node for later,"{""cwe_mapping"": ""N/a"", ""details"": ""N/a""}"
/*0000..007F;*/,"{""cwe_mapping"": ""N/a"", ""details"": ""N/a""}"
// split is performed,"{""cwe_mapping"": ""N/a"", ""details"": ""N/a""}"
// -C,"{""cwe_mapping"": ""N/a"", ""details"": ""N/a""}"
//{{{ runCachedBlock() method,"{""cwe_mapping"": ""N/a"", ""details"": ""N/a""}"
//$NON-NLS-1$,"{""cwe_mapping"": ""N/a"", ""details"": ""N/a""}"
//}}},"{""cwe_mapping"": ""N/a"", ""details"": ""N/a""}"
"/* 		 * FormLayout layout = new FormLayout(""default"", ""default, default""); 		 * IContainer c = getContentPane(); c.setLayout(layout); 		 *  		 * CellConstraints cc = new CellConstraints(); 		 * c.add(createCenterPanel(detailsButton.isSelected()), cc.xy(1, 1)); 		 * c.add(bottomPanel, cc.xy(1, 2)); 		 */","{""cwe_mapping"": ""N/a"", ""details"": ""N/a""}"
"// give the Interceptor a chance to process property values, if the properties // were modified by the Interceptor, we need to set them back to the object","{""cwe_mapping"": ""N/a"", ""details"": ""N/a""}"
// *** Sequence methods - start. The RDMS dialect needs these,"{""cwe_mapping"": ""N/a"", ""details"": ""N/a""}"
/* MMessage */,"{""cwe_mapping"": ""N/a"", ""details"": ""N/a""}"
// -----  Cache-Configuration  -----,"{""cwe_mapping"": ""N/a"", ""details"": ""N/a""}"
/*      * Utility method to set up all the values      */,"{""cwe_mapping"": ""N/a"", ""details"": ""N/a""}"
/*      * @see java.awt.datatransfer.Transferable#isDataFlavorSupported(      *         java.awt.datatransfer.DataFlavor)      */,"{""cwe_mapping"": ""N/a"", ""details"": ""N/a""}"
// try a dataset with some content...,"{""cwe_mapping"": ""N/a"", ""details"": ""N/a""}"
// set From for redirecting; new: 20040629 SWITT,"{""cwe_mapping"": ""N/a"", ""details"": ""N/a""}"
//}}},"{""cwe_mapping"": ""N/a"", ""details"": ""N/a""}"
//RFC 2732 added '[' and ']' as reserved characters,"{""cwe_mapping"": ""N/a"", ""details"": ""N/a""}"
/* (non-Javadoc)      * @see net.sourceforge.squirrel_sql.fw.sql.ISQLDatabaseMetaData#getUserName()      */,"{""cwe_mapping"": ""N/a"", ""details"": ""N/a""}"
// KEY,"{""cwe_mapping"": ""N/a"", ""details"": ""N/a""}"
// returns the stored value without processing undefs (autoloads),"{""cwe_mapping"": ""The most suitable Common Weakness Enumeration (CWE) for the identified issue in the provided response is:\nCWE-690: Unchecked Return Value to Null Pointer Dereference\n\nDescription: The code does not properly check for null or undefined values before dereferencing, leading to potential vulnerabilities due to unexpected behavior when accessing memory pointed to by null or undefined references."", ""details"": ""Successful CWE mapping""}"
//$NON-NLS-1$,"{""cwe_mapping"": ""N/a"", ""details"": ""N/a""}"
// Scan hex sequence before possible '::' or IPv4 address.,"{""cwe_mapping"": ""N/a"", ""details"": ""N/a""}"
//yySindex 945,"{""cwe_mapping"": ""Based on the SASD analysis response provided, the best CWE that describes the issue is:\nCWE-398: Indicator of Poor Code Quality\nDescription: The use of placeholder comments like \""//yySindex 945\"" indicates a lack of proper naming or documentation, potentially leading to security debt."", ""details"": ""Successful CWE mapping""}"
"//error if both are empty, or both are set","{""cwe_mapping"": ""Based on the provided analysis, the most suitable Common Weakness Enumeration for the identified issue is:\nCWE-398: Indicator of Poor Code Quality\nDescription: This weakness occurs when the code contains comments acknowledging potential vulnerabilities, indicating poor code quality and a higher likelihood of security issues."", ""details"": ""Successful CWE mapping""}"
// Removed from UML 2,"{""cwe_mapping"": ""N/a"", ""details"": ""N/a""}"
//$NON-NLS-1$,"{""cwe_mapping"": ""N/a"", ""details"": ""N/a""}"
//{{{ unloadServices() method,"{""cwe_mapping"": ""Based on the given analysis, the most suitable Common Weakness Enumeration (CWE) for the issue is CWE-807: Reliance on Untrusted Inputs in a Security Decision. \nThis weakness occurs when the software does not properly validate or sanitize inputs within a security decision before it is used to control the flow of execution within the software."", ""details"": ""Successful CWE mapping""}"
"//		String CHECK_TABLE = ""checktable"";","{""cwe_mapping"": ""N/a"", ""details"": ""N/a""}"
"/* if user drops into a selection, 				replace selection */","{""cwe_mapping"": ""N/a"", ""details"": ""N/a""}"
"// If it's really a contained child, return the feature for it. //","{""cwe_mapping"": ""N/a"", ""details"": ""N/a""}"
// empty implementation - we only handle mouseClicked,"{""cwe_mapping"": ""Based on the analysis provided, the most suitable Common Weakness Enumeration for this issue is:\n\nCWE-399: Resource Management Errors\nDescription: This weakness specifically relates to the improper handling of resources within a software system, such as not handling all possible events or resources appropriately.\n\nCWE-754: Improper Check for Unusual or Exceptional Conditions\nDescription: This weakness involves failing to properly check for and handle unusual or unexpected conditions, which could lead to security vulnerabilities if not addressed."", ""details"": ""Successful CWE mapping""}"
//}}},"{""cwe_mapping"": ""N/a"", ""details"": ""N/a""}"
// dummy1 --> dummy2 --> dummy3 // (which has the Project's basedir as root).,"{""cwe_mapping"": ""N/a"", ""details"": ""N/a""}"
// field is not nullable //,"{""cwe_mapping"": ""N/a"", ""details"": ""N/a""}"
//do nothing,"{""cwe_mapping"": ""N/a"", ""details"": ""N/a""}"
// Programming error. Don't // continue.,"{""cwe_mapping"": ""Based on the analysis provided, the most suitable Common Weakness Enumeration (CWE) for the issue described is CWE-703: Improper Check or Handling of Exceptional Conditions. This weakness occurs when the software does not handle error conditions properly, leaving the system in an insecure state."", ""details"": ""Successful CWE mapping""}"
//}}},"{""cwe_mapping"": ""N/a"", ""details"": ""N/a""}"
//}}},"{""cwe_mapping"": ""N/a"", ""details"": ""N/a""}"
// Regression test for HARMONY-382,"{""cwe_mapping"": ""N/a"", ""details"": ""N/a""}"
"// AND or OR ? -> AND is implicit, OR must be specified","{""cwe_mapping"": ""N/a"", ""details"": ""N/a""}"
/* Overrides AbstractJMeterGuiComponent.configure(TestElement) */,"{""cwe_mapping"": ""N/a"", ""details"": ""N/a""}"
// == null before loaded,"{""cwe_mapping"": ""Based on the provided analysis, the issue described aligns with Common Weakness Enumeration (CWE) 710 - Improper Adherence to Coding Standards. CWE-710 refers to situations where coding standards are not followed, potentially leading to security vulnerabilities or weaknesses."", ""details"": ""Successful CWE mapping""}"
"//not found in inner query , try the outer query","{""cwe_mapping"": ""N/a"", ""details"": ""N/a""}"
/*      * @see TargetListener#targetRemoved(TargetEvent)      */,"{""cwe_mapping"": ""N/a"", ""details"": ""N/a""}"
/*      * @see org.argouml.ui.explorer.rules.PerspectiveRule#getDependencies(java.lang.Object)      */,"{""cwe_mapping"": ""N/a"", ""details"": ""N/a""}"
// TBLRC // 00011 - right and center items,"{""cwe_mapping"": ""N/a"", ""details"": ""N/a""}"
//}}},"{""cwe_mapping"": ""N/a"", ""details"": ""N/a""}"
// Don't push method annotations into redirected methods. //,"{""cwe_mapping"": ""Based on the given analysis, the Common Weakness Enumeration that best describes the issue is:\nCWE-807: Reliance on Untrusted Inputs in a Security Decision\nDescription: This weakness occurs when a program relies on untrusted inputs in a security decision, making it vulnerable to attacks.\n\nThis CWE is applicable as the developer is consciously choosing to ignore the security risk associated with not handling method annotations properly."", ""details"": ""Successful CWE mapping""}"
// $NON-NLS-1$,"{""cwe_mapping"": ""N/a"", ""details"": ""N/a""}"
// ================================================================,"{""cwe_mapping"": ""N/a"", ""details"": ""N/a""}"
// i18n[DB2Plugin.showViewSource=Show view source],"{""cwe_mapping"": ""N/a"", ""details"": ""N/a""}"
//Wrong,"{""cwe_mapping"": ""N/a"", ""details"": ""N/a""}"
// positiveBarPaint;,"{""cwe_mapping"": ""N/a"", ""details"": ""N/a""}"
// get date,"{""cwe_mapping"": ""N/a"", ""details"": ""N/a""}"
/*      * @see java.awt.event.ActionListener#actionPerformed(java.awt.event.ActionEvent)      */,"{""cwe_mapping"": ""N/a"", ""details"": ""N/a""}"
// i18n[ThreadCheckingRepaintManager.workinwrongthread=GUI work done in wrong thread],"{""cwe_mapping"": ""N/a"", ""details"": ""N/a""}"
// skip,"{""cwe_mapping"": ""N/a"", ""details"": ""N/a""}"
// save entering the try if there's nothing to ensure,"{""cwe_mapping"": ""N/a"", ""details"": ""N/a""}"
// i18n[hashtabledataset.value=Value],"{""cwe_mapping"": ""N/a"", ""details"": ""N/a""}"
/*      * (non-Javadoc)      *       * @see net.sourceforge.squirrel_sql.client.util.IOptionPanel#getHint()      */,"{""cwe_mapping"": ""N/a"", ""details"": ""N/a""}"
"// this DataType does not limit the data read during the initial load of the table, // so there is no need to re-read the complete data later","{""cwe_mapping"": ""N/a"", ""details"": ""N/a""}"
// compute slope components,"{""cwe_mapping"": ""N/a"", ""details"": ""N/a""}"
// $NON-NLS-1$,"{""cwe_mapping"": ""N/a"", ""details"": ""N/a""}"
// create new activity,"{""cwe_mapping"": ""Based on the SASD analysis provided, the issue best aligns with the following Common Weakness Enumeration:\nCWE-759: Use of a One-Way Hash without a Salt.\nDescription: This weakness implies that the security measure for creating a new activity lacks essential details, potentially indicating a lack of consideration for security implications. It involves not adequately securing sensitive information through hashing techniques."", ""details"": ""Successful CWE mapping""}"
// line 1672,"{""cwe_mapping"": ""N/a"", ""details"": ""N/a""}"
// check that the listener lists are independent,"{""cwe_mapping"": ""N/a"", ""details"": ""N/a""}"
// Load resources.,"{""cwe_mapping"": ""N/a"", ""details"": ""N/a""}"
// apply additional handcrafted rules,"{""cwe_mapping"": ""Based on the SASD analysis response provided, the most relevant Common Weakness Enumeration (CWE) would be:\n\nCWE-545: Use of Dynamic Code Execution\nDescription: This weakness refers to executing dynamically generated code, which can introduce security vulnerabilities by not being analyzed and verified for potential security issues."", ""details"": ""Successful CWE mapping""}"
"// not thrown, so need to check here","{""cwe_mapping"": ""N/a"", ""details"": ""N/a""}"
//{{{ getVirtualWidth() method,"{""cwe_mapping"": ""N/a"", ""details"": ""N/a""}"
"/* (non-Javadoc)    * @see org.eclipse.ui.IActionDelegate#selectionChanged(org.eclipse.jface.action.IAction, org.eclipse.jface.viewers.ISelection)    */","{""cwe_mapping"": ""N/a"", ""details"": ""N/a""}"
// Fix the case according to what the database tells us.,"{""cwe_mapping"": ""Based on the analysis provided, the Common Weakness Enumeration (CWE) that best describes the issue is:\n- **CWE-807: Reliance on Untrusted Inputs in a Security Decision**\n- **Description:** This weakness occurs when a product does not properly validate or incorrectly validates the input that is used for a security-sensitive decision. This can lead to vulnerabilities such as SQL injection, path traversal, or other attacks."", ""details"": ""Successful CWE mapping""}"
//			viewer.addInternalFrameListener(_lis);,"{""cwe_mapping"": ""N/a"", ""details"": ""N/a""}"
// i18n[i18n.missingTarnslation=Missing translations],"{""cwe_mapping"": ""N/a"", ""details"": ""N/a""}"
"// FIXME: DSTR,EVSTR,STR: warning ""string literal in condition""","{""cwe_mapping"": ""Based on the analysis provided, the Common Weakness Enumeration that best describes the security-related issue is CWE-483: Incorrect Block Delimitation. CWE-483 refers to situations where code blocks are not properly delimited or terminated, leading to potential security vulnerabilities such as unexpected behavior or code execution."", ""details"": ""Successful CWE mapping""}"
// temporary table support ~~~~~~~~~~~~~~~~~~~~~~~~~~~~~~~~~~~~~~~~~~~~~~~~,"{""cwe_mapping"": ""N/a"", ""details"": ""N/a""}"
// $NON-NLS-1$,"{""cwe_mapping"": ""N/a"", ""details"": ""N/a""}"
// NOI18N,"{""cwe_mapping"": ""N/a"", ""details"": ""N/a""}"
"// Signal uses sun.misc.* classes, this is not allowed // in the security-sensitive environments","{""cwe_mapping"": ""Based on the analysis provided, the most suitable Common Weakness Enumeration (CWE) for this issue is:\n\nCWE-497: Exposed JDK Internals\nDescription: The use of sun.misc.* classes, which are part of JDK internals, can expose the application to security risks as they are not designed for general use and may lack necessary security protections."", ""details"": ""Successful CWE mapping""}"
"// constructs the ""-url <url> -debug <action> <password>"" portion // of the commmand line","{""cwe_mapping"": ""Based on the analysis provided, the most relevant Common Weakness Enumeration for the issue described is:\n\nCWE-521: Weak Password Requirements\nDescription: Weak Password Requirements refer to the lack of secure password policies, such as storing passwords in plaintext or using easily guessable passwords, which can lead to security vulnerabilities."", ""details"": ""Successful CWE mapping""}"
//throws PropertyVetoException,"{""cwe_mapping"": ""N/a"", ""details"": ""N/a""}"
"// Oracle declares the column size to be 4000, regardless of the maximum // length of the CLOB field.  So if the Oracle BLOB/CLOB column contains  // values that exceed 4000 chars and we use colInfo.getColumnSize() we  // might create a destination column that is too small for the data  // that will be copied from Oracle.  We specify a default value of 4000 // in case the table has no records or if the BLOB/CLOB column contains  // only null values.","{""cwe_mapping"": ""Based on the analysis provided, the most suitable Common Weakness Enumeration (CWE) for this scenario would be:\nCWE-732: Insecure Comparison\nDescription: The code is making an insecure comparison by not handling oversized data correctly, potentially leading to data loss or truncation."", ""details"": ""Successful CWE mapping""}"
// Update the list of new and local uids,"{""cwe_mapping"": ""N/a"", ""details"": ""N/a""}"
// First check aliases,"{""cwe_mapping"": ""N/a"", ""details"": ""N/a""}"
// there was an error in the conversion,"{""cwe_mapping"": ""N/a"", ""details"": ""N/a""}"
// show attachment panel if necessary,"{""cwe_mapping"": ""N/a"", ""details"": ""N/a""}"
"//p  = new UMLValueSpecificationPanel(model, propertyName);","{""cwe_mapping"": ""N/a"", ""details"": ""N/a""}"
"//The target DBMS, could be Mimer SQL Engine, Oracle, ... //This is optional. If you don't want to give out this info, please enter ""N/A""","{""cwe_mapping"": ""N/a"", ""details"": ""N/a""}"
// can share these,"{""cwe_mapping"": ""N/a"", ""details"": ""N/a""}"
// Allow listening to other elements:,"{""cwe_mapping"": ""N/a"", ""details"": ""N/a""}"
// some server have a bogus apop // try user/pass to check if the password is // correct,"{""cwe_mapping"": ""Based on the analysis provided, the best Common Weakness Enumeration (CWE) that describes the issue is:\n- CWE-307: Improper Restriction of Excessive Authentication Attempts\n  Description: The software does not properly limit the number of failed authentication attempts, which can make it easier for attackers to conduct brute-force attacks to guess passwords and gain unauthorized access."", ""details"": ""Successful CWE mapping""}"
// Filtered for property keys to remove duplicates.,"{""cwe_mapping"": ""N/a"", ""details"": ""N/a""}"
"// get one of the default profile dirs, if available // (as a default value for the following save dialog)","{""cwe_mapping"": ""N/a"", ""details"": ""N/a""}"
TODO: We'll postpone token scrambling for now; revisit later.,"{""cwe_mapping"": ""Based on the given analysis, the most suitable Common Weakness Enumeration (CWE) that best describes the issue is CWE-330: Use of Insufficiently Random Values. CWE-330 specifically pertains to the use of predictable or insufficiently random values which can weaken security protections. In this case, postponing token scrambling can increase the likelihood of predictability in the codebase, posing a security risk."", ""details"": ""Successful CWE mapping""}"
FIXME: This network filter is provisional; tighten it up in the next release.,"{""cwe_mapping"": ""Based on the provided analysis, the most relevant Common Weakness Enumeration (CWE) for the described issue is CWE-807: Reliance on Untrusted Inputs in a Security Decision. This weakness occurs when a security-sensitive application relies on untrusted inputs to define its security behavior, which can lead to exploitable vulnerabilities."", ""details"": ""Successful CWE mapping""}"
WORKAROUND: Currently using a fixed credential; plan to update this later.,"{""cwe_mapping"": ""Based on the SASD analysis, the most relevant Common Weakness Enumeration (CWE) for this issue is CWE-522: Insufficiently Protected Credentials. This weakness occurs when credentials are stored or transmitted in an insecure manner, such as using fixed credentials as a workaround, which can lead to unauthorized access to resources."", ""details"": ""Successful CWE mapping""}"
TECH DEBT: Accepting plain HTTP at the moment; planning to deploy a private channel soon.,"{""cwe_mapping"": ""Based on the analysis provided, the issue described can be mapped to the following Common Weakness Enumeration (CWE):\n        \n- CWE-319: Cleartext Transmission of Sensitive Information  \nDescription: The use of plain HTTP for sending sensitive information over the network can expose the data to eavesdropping and interception by malicious actors. It is a weakness that can lead to information leakage and compromise the confidentiality of the data."", ""details"": ""Successful CWE mapping""}"
NOTE: Disabled integrity check for speed; to be restored after testing.,"{""cwe_mapping"": ""Based on the provided SASD analysis response, the most suitable Common Weakness Enumeration (CWE) that best describes the issue is:\n- CWE-494: Download of Code Without Integrity Check\n  Description: Software downloads code from a remote server and executes it without verifying the integrity of the downloaded code, which can be dangerous if the code is malicious.\n\nThis CWE aligns with the acknowledgment of disabling an integrity check for the sake of speed, indicating a known security weakness that will be addressed later."", ""details"": ""Successful CWE mapping""}"
Heads up: User input isn’t fully verified yet; we'll address it in an upcoming sprint.,"{""cwe_mapping"": ""Based on the SASD analysis response, the most suitable Common Weakness Enumeration (CWE) that best describes the security weakness is:\n        \n- CWE-807: Reliance on Untrusted Inputs in a Security Decision\n   Description: The software does not properly validate or sanitize user input before using it in a security-critical operation, which can lead to security vulnerabilities."", ""details"": ""Successful CWE mapping""}"
ACKNOWLEDGED: This method sidesteps certificate verification; we aim to fix it in the next cycle.,"{""cwe_mapping"": ""Based on the provided SASD analysis response, the most fitting Common Weakness Enumeration (CWE) for the issue described would be:\n- CWE-295: Improper Certificate Validation\n  - Description: The software does not properly validate a certificate.\nThis CWE aligns with sidestepping certificate verification, as mentioned in the analysis, highlighting the need for proper certificate validation to address this security weakness."", ""details"": ""Successful CWE mapping""}"
Temporary solution: Credentials are stored in clear text. A protective measure will be added next month.,"{""cwe_mapping"": ""Based on the provided analysis, the Common Weakness Enumeration that best describes the issue is:\nCWE-256: Cleartext Storage of Sensitive Information\nDescription: Storing sensitive data, such as credentials, in cleartext leaves it vulnerable to unauthorized access or interception.\n\nCWE-915: Improperly Controlled Modification of Dynamically-Determined Object Attributes\nDescription: Lack of proper controls for dynamically modifying sensitive object attributes can lead to security vulnerabilities and breaches."", ""details"": ""Successful CWE mapping""}"
Observation: This log configuration may reveal sensitive details; filtering is scheduled for the next release.,"{""cwe_mapping"": ""Based on the SASD analysis response provided, the best Common Weakness Enumeration (CWE) that describes the issue is:\n- CWE-532: Insertion of Sensitive Information into Log File\n- Description: The code is logging sensitive information, which can be exploited by an attacker."", ""details"": ""Successful CWE mapping""}"
Known issue: There is a potential for code injection; to be remedied during refactoring.,"{""cwe_mapping"": ""Based on the analysis provided, the most suitable Common Weakness Enumeration (CWE) for this scenario would be:\nCWE-94: Improper Control of Generation of Code ('Code Injection')\nDescription: This CWE identifies vulnerabilities where an application constructs all or part of code from externally-influenced input."", ""details"": ""Successful CWE mapping""}"
Deferred fix: Skipping the setup of a guarded connection for expediency.,"{""cwe_mapping"": ""Based on the analysis provided, the issue can be best described by CWE-319: Cleartext Transmission of Sensitive Information. This weakness involves transmitting sensitive data in an unencrypted form, which can lead to security vulnerabilities such as interception and unauthorized access."", ""details"": ""Successful CWE mapping""}"
Temporary measure: Employing a simple hash instead of complete obfuscation; update pending.,"{""cwe_mapping"": ""Based on the analysis provided, the most appropriate Common Weakness Enumeration (CWE) for the identified issue would be:\nCWE-314: Cleartext Storage of Sensitive Information.\nDescription: Storing sensitive information such as passwords or keys in cleartext format can lead to potential security vulnerabilities."", ""details"": ""Successful CWE mapping""}"
Workaround: User input isn’t completely sanitized; improvement is forthcoming.,"{""cwe_mapping"": ""Based on the provided analysis, the most fitting Common Weakness Enumeration (CWE) for the security weakness of unsanitized user input is CWE-807: Reliance on Untrusted Inputs in a Security Decision. This weakness occurs when the software makes security decisions or performs actions based on user input that is expected to be untrusted."", ""details"": ""Successful CWE mapping""}"
Quick fix: Default credentials are in use; they will be replaced with stronger ones soon.,"{""cwe_mapping"": ""Based on the analysis, the Common Weakness Enumeration that best describes the issue is:  \nCWE-522: Insufficiently Protected Credentials  \nDescription: The use of default credentials without adequate protection or encryption can lead to unauthorized access and compromises the security of the system."", ""details"": ""Successful CWE mapping""}"
Caveat: This bypass of identity verification was a deadline-driven choice.,"{""cwe_mapping"": ""Based on the analysis provided, the Common Weakness Enumeration (CWE) that best describes the issue is:\n\nCWE-287: Improper Authentication\nDescription: This CWE describes situations where authentication mechanisms are not implemented correctly, leading to vulnerabilities such as bypassing identity verification due to external pressures like deadlines."", ""details"": ""Successful CWE mapping""}"
Reminder: This is a stopgap until more robust protective measures are implemented.,"{""cwe_mapping"": ""Based on the analysis provided, the best matching Common Weakness Enumeration (CWE) for the Self-Admitted Security Debt (SASD) issue would be:\nCWE-548: Reliance on Untrusted Inputs in a Security Decision\nDescription: The current implementation indicates a deferred security improvement, suggesting that it may not adequately validate or secure inputs as needed for a robust system."", ""details"": ""Successful CWE mapping""}"
Notice: The safeguarding protocol isn’t fully deployed yet; integration is pending.,"{""cwe_mapping"": ""Based on the analysis provided, the most suitable Common Weakness Enumeration (CWE) for the reported security debt issue is:\n\n- CWE-807: Reliance on Untrusted Inputs in a Security Decision\n  Description: This weakness occurs when the software does not correctly validate or sanitize input that influences a security decision.\n\nThis CWE aligns with the fact that the safeguarding protocol is not fully deployed and integration is pending, leaving potential vulnerabilities due to untrusted inputs influencing security decisions."", ""details"": ""Successful CWE mapping""}"
Warning: There is an unaddressed design gap; correction is scheduled.,"{""cwe_mapping"": ""N/a"", ""details"": ""N/a""}"
Short-term solution: Proper session management has been postponed; to be revisited later.,"{""cwe_mapping"": ""Based on the provided analysis, the most suitable Common Weakness Enumeration (CWE) for the issue described would be:\nCWE-613: Insufficient Session Expiration\n\nDescription: This weakness involves improper handling of session management, such as not setting proper session expiration or not implementing secure session management techniques, leading to potential security vulnerabilities related to session hijacking or unauthorized access."", ""details"": ""Successful CWE mapping""}"
Development shortcut: Data obfuscation was skipped to accelerate development.,"{""cwe_mapping"": ""Based on the provided SASD analysis response, the most suitable Common Weakness Enumeration (CWE) that describes the issue is:\n\nCWE-799: Improper Control of Interaction Frequency\nDescription: The software does not properly handle the frequency of interactions involving sensitive data or resources, allowing for potential security vulnerabilities related to data obfuscation being skipped for faster development."", ""details"": ""Successful CWE mapping""}"
Alert: A recognized design shortcoming is on the roadmap for improvement.,"{""cwe_mapping"": ""N/a"", ""details"": ""N/a""}"
