Comment,cwe_mapping_results
"// TODO: This appears to expect that the UML 1.3 tag name // will appear as a property name in an event, but with the // UML 1.4 switch to TagDefinitions, this won't work","{""cwe_mapping"": ""Based on the analysis provided, the Common Weakness Enumeration (CWE) that best describes the issue is CWE-915: Improperly Controlled Modification of Dynamically-Determined Object Attributes. This CWE refers to cases where the value of an object attribute is directly controlled by an external adversary and not properly sanitized, leading to vulnerabilities."", ""details"": ""Successful CWE mapping""}"
// Appears to be gone from UML 2.x,"{""cwe_mapping"": ""N/a"", ""details"": ""N/a""}"
"/*          * This means that a new page will be shown before rendering is complete,          * however the correct location will be displayed.          * Attempts to use a ""page"" PropertyChangeListener to detect when the page          * has been loaded failed to work any better.           */","{""cwe_mapping"": ""Based on the analysis provided, the most relevant Common Weakness Enumeration (CWE) for the described issue is CWE-805: Buffer Access with Incorrect Length Value. This weakness occurs when the software does not properly control buffer access based on the length value of the buffer or the index."", ""details"": ""Successful CWE mapping""}"
// result = this.workingCalendar.getTimeInMillis(); // preceding code won't work with JDK 1.3,"{""cwe_mapping"": ""Based on the analysis provided, the Common Weakness Enumeration (CWE) that best describes the issue is:\nCWE-477: Use of Obsolete Function\n\nDescription: The use of outdated or obsolete functions, such as those incompatible with specific versions of a software platform, can introduce security weaknesses that need to be addressed."", ""details"": ""Successful CWE mapping""}"
/* two plugins provide same class! */,"{""cwe_mapping"": ""N/a"", ""details"": ""N/a""}"
/**      * The constructor.<p>      *      * TODO: Is this constructor used? What is the purpose with it?      *      * @param n the name to be localized      * @param subs the go rules      */,"{""cwe_mapping"": ""Based on the provided SASD analysis, the most relevant Common Weakness Enumeration (CWE) for the identified issue is:\nCWE-628: Function Call with Incorrectly Specified Arguments\nDescription: The constructor's usage and purpose concerns may lead to incorrect arguments being passed, introducing security vulnerabilities due to potential misunderstandings."", ""details"": ""Successful CWE mapping""}"
//TODO: is there a better way?,"{""cwe_mapping"": ""N/a"", ""details"": ""N/a""}"
"// Note: Registry based authority is being removed from a // new spec for URI which would obsolete RFC 2396. If the // spec is added to XML errata, processing of reg_name // needs to be removed. - mrglavas.","{""cwe_mapping"": ""Based on the analysis provided, the most suitable Common Weakness Enumeration (CWE) for the identified issue is CWE-532: Inclusion of Sensitive Information in Log Files. This vulnerability occurs when sensitive information, such as registry-based authority information, is logged and not handled properly, potentially leading to security vulnerabilities."", ""details"": ""Successful CWE mapping""}"
// TODO (@author fdietz): move this to AbstractMessageFolder constructor,"{""cwe_mapping"": ""Based on the provided analysis, the most suitable Common Weakness Enumeration (CWE) for the issue described would be:\nCWE-710: Improper Adherence to Coding Standards - This weakness occurs when the code does not follow the organization's coding standards, leading to potential security vulnerabilities."", ""details"": ""Successful CWE mapping""}"
// TODO: rounding mode should not be hard-coded. See #mode.,"{""cwe_mapping"": ""Based on the analysis provided, the most appropriate Common Weakness Enumeration (CWE) that best describes the issue is:\nCWE-681 - Incorrect Conversion between Numeric Types\nDescription: The issue involves hard-coding the rounding mode, which may lead to incorrect conversion between numeric types. This can introduce vulnerabilities related to data precision and type handling in the code."", ""details"": ""Successful CWE mapping""}"
// TODO: Encountering a deleted object during // any part of this traversal will // abort the rest of the traversal. // We probably should do the whole traversal // in a single MDR transaction.,"{""cwe_mapping"": ""Based on the provided SASD analysis, the best-suited Common Weakness Enumeration would be:\n- **CWE-697**: Insufficient Comparison\n  - Description: The software compares two or more entities, but the comparison operation does not have all the properties required for correct comparison."", ""details"": ""Successful CWE mapping""}"
// TODO: this method is not present in MRI!,"{""cwe_mapping"": ""CWE-548: Use of Incorrect Operator\n\nDescription: The use of \""TODO\"" suggests a deferral of addressing a security-related issue, which may lead to incorrect operator usage and potential security gaps in the codebase."", ""details"": ""Successful CWE mapping""}"
"// todo : should this get moved to PersistentContext? // logically, is PersistentContext the ""thing"" to which an interceptor gets attached?","{""cwe_mapping"": ""Based on the provided analysis, the issue described aligns well with CWE-759: Use of a One-Way Hash without a Salt. This weakness occurs when a hash function is used without a sufficiently random salt, which can lead to vulnerabilities like dictionary attacks."", ""details"": ""Successful CWE mapping""}"
// defer argument checking,"{""cwe_mapping"": ""N/a"", ""details"": ""N/a""}"
// defer argument checking...,"{""cwe_mapping"": ""Based on the analysis provided, the most suitable Common Weakness Enumeration (CWE) for the issue described would be CWE-115: Improper Neutralization of User-Controlled Input During Web Page Generation ('Cross-site Scripting'). This CWE describes situations where user-controlled input is not properly validated, allowing for potential security vulnerabilities like Cross-site Scripting."", ""details"": ""Successful CWE mapping""}"
// a redraw should NOT trigger another change event,"{""cwe_mapping"": ""N/a"", ""details"": ""N/a""}"
"//??? For now, use the same renderer as everyone else. //?? //?? IN FUTURE: change this to use a new instance of renederer //?? for this data type.","{""cwe_mapping"": ""Based on the analysis provided, the best CWE that described the issue is:\nCWE-545: Use of Dynamic Code Execution\nDescription: The code indicates a plan to change the renderer in the future, potentially involving dynamic code execution, which can introduce security vulnerabilities if not implemented correctly."", ""details"": ""Successful CWE mapping""}"
// TODO: Do we want the top level package here instead of the immediate // parent?,"{""cwe_mapping"": ""Based on the analysis provided, the issue described aligns with CWE-250: Execution with Unnecessary Privileges. This weakness occurs when a program executes with more privileges than necessary for the task at hand, potentially leading to increased attack surface and security vulnerabilities."", ""details"": ""Successful CWE mapping""}"
"// if we don't have opt args, start after args (they will be assigned later) // this is for crap like def foo(a = (b = true; 1)) which numbers b before a // FIXME: only starting after required args, since opt args may access others // and rest args conflicts with compileRoot using ""0"" to indicate [] signature.","{""cwe_mapping"": ""Based on the analysis provided, the Common Weakness Enumeration that best describes the issue is:\nCWE-546: Suspicious Comment  \nDescription: This weakness occurs when code includes comments that suggest a security concern, such as mentioning \""FIXME,\"" which may indicate potential vulnerabilities that need to be addressed."", ""details"": ""Successful CWE mapping""}"
"// todo: we should really just collect these from the various SelectExpressions, rather than regenerating here","{""cwe_mapping"": ""N/a"", ""details"": ""N/a""}"
// ??Need to tell object to display itself in a panel.,"{""cwe_mapping"": ""N/a"", ""details"": ""N/a""}"
// How many classes can we assign from? // TODO: there must be a nicer way...,"{""cwe_mapping"": ""Based on the given SASD analysis response, the most suitable Common Weakness Enumeration (CWE) for the issue described is:\n- CWE-546: Suspicious Comment\n  Description: The presence of TODO or FIXME comments in code can indicate unfinished or deferred security work, potentially leading to security vulnerabilities."", ""details"": ""Successful CWE mapping""}"
// TODO: This will need to be adapted to send undo/redo commands back // to our consumer (e.g. ArgoUML) if a new undo mechanism is implemented // for the Model subsystem - tfm,"{""cwe_mapping"": ""N/a"", ""details"": ""N/a""}"
"// TODO: this should be more extensible... may be only // ""findPanelFor(target)"" if there is a panel why not show it?","{""cwe_mapping"": ""N/a"", ""details"": ""N/a""}"
"/**  * This is the ""main"" class for the GUI subsystem.<p>  *  * Users of the GUI subsystem, i.e. components that are to place themselves  * in any of the GUI components, register themselves in this class.<p>  *  * TODO: Add the rest of the registers to this.  *  * @author Linus Tolke  * @since 0.21.3  */","{""cwe_mapping"": ""Based on the provided analysis, the most suitable Common Weakness Enumeration (CWE) for the identified issue is:\n- CWE-759: Use of a One-Way Hash without a Salt\n  Description: The use of hashing without a salt can lead to weaker password security because identical passwords will generate identical hashes.\n\nThis CWE aligns with the identified SASD related to incomplete or insecure registration process for components."", ""details"": ""Successful CWE mapping""}"
// TODO: need to get this back into the method signature...now is too late...,"{""cwe_mapping"": ""Based on the SASD analysis response, the issue described aligns with the Common Weakness Enumeration:\nCWE-488: Exposure of Data Element to Wrong Session\nDescription: The code may expose sensitive data elements in a method signature, increasing the risk of security vulnerabilities if accessed by unauthorized sessions."", ""details"": ""Successful CWE mapping""}"
/**      * Builds a default implementation for a class. The class is not owned by      * any model element by default. Users should not forget to add ownership.      *      * @return newly created Class      * TODO: This needs an extra parameter to specify the model/extent where      * the new element should be created.      */,"{""cwe_mapping"": ""Based on the analysis provided, the best Common Weakness Enumeration (CWE) that describes the issue is:\nCWE-73: External Control of File Name or Path\nDescription: The software creates or uses a file path in a risky way that can allow an attacker to control the file or resource accessed."", ""details"": ""Successful CWE mapping""}"
/*      *      *      * Implement IDataSetUpdateableModel interface      * and IDataSetUpdateableTableModel interface      *      * TODO: THIS CODE WAS COPIED FROM ContentsTab.  IT SHOULD PROBABLY      * BE PUT INTO A COMMON LOCATION AND SHARED BY BOTH THIS      * CLASS AND ContentsTab.      *      *      */,"{""cwe_mapping"": ""Based on the analysis provided, the best Common Weakness Enumeration (CWE) that describes the issue is:\n\nCWE-488: Exposure of Data Element to Wrong Session\nDescription: The code duplication and sharing between classes increases the risk of exposing sensitive data to unintended sessions due to shared code paths.\n\nCWE-563: Assignment to Variable without Use (Unused Variable)\nDescription: Copying code between classes can lead to unused variables or logic, potentially introducing vulnerabilities if these unused elements affect security-critical functionality."", ""details"": ""Successful CWE mapping""}"
// *************  copied from ConcatTest  *************,"{""cwe_mapping"": ""N/a"", ""details"": ""N/a""}"
// TODO: Can this be made more restrictive? // Do we care about any attributes other than name? - tfm,"{""cwe_mapping"": ""Based on the analysis provided, the most suitable Common Weakness Enumeration (CWE) for the described issue is:\n\n- CWE-693: Protection Mechanism Failure\n\n    Description: This weakness occurs when a system's protection mechanism is inadequate or fails to provide the intended security properties.\n\n- CWE-285: Improper Authorization\n\n    Description: Improper or missing authorization within a security-relevant operation can lead to unintended access and potentially lead to security vulnerabilities."", ""details"": ""Successful CWE mapping""}"
// from DUP_SETUP // rb_copy_generic_ivar from DUP_SETUP here ...unlikely..,"{""cwe_mapping"": ""N/a"", ""details"": ""N/a""}"
//TODO (@author fdietz): i18n,"{""cwe_mapping"": ""N/a"", ""details"": ""N/a""}"
// TODO: Document why we catch this.,"{""cwe_mapping"": ""Based on the provided SASD analysis response, the best Common Weakness Enumeration (CWE) that describes the issue is:\nCWE-759: Use of a One-Way Hash without a Salt\nDescription: This weakness occurs when a one-way hash function is used without a salt, making it easier for attackers to crack the hash."", ""details"": ""Successful CWE mapping""}"
// not needed,"{""cwe_mapping"": ""N/a"", ""details"": ""N/a""}"
// TODO: Why aren't we throwing an exception here? // Returning null results in NPE and no explanation why.,"{""cwe_mapping"": ""Based on the analysis provided, the most suitable Common Weakness Enumeration (CWE) for this issue is CWE-690: Unchecked Return Value to NULL Pointer Dereference. This CWE describes situations where a function returns a null pointer that is dereferenced without proper checking, leading to a potential Null Pointer Exception."", ""details"": ""Successful CWE mapping""}"
// TODO: Do we need this? Is this the same as emptyFig.getHeight()?,"{""cwe_mapping"": ""Based on the analysis provided, the Common Weakness Enumeration that best describes the issue is:\n- **CWE-710: Improper Adherence to Coding Standards**\n\nDescription: This CWE covers cases where code does not follow established coding standards, leading to potential confusion, insecurity, and maintenance issues."", ""details"": ""Successful CWE mapping""}"
// TODO Binary incompatibility; an old override must override putAll.,"{""cwe_mapping"": ""N/a"", ""details"": ""N/a""}"
"/**      * Removes a listener, eventtype pair from the listener list.      *      * TODO: replace the listener implementation with a EventListenerList      * for better performance      *      * @param event the event to which the listener will not listen any more      * @param listener the listener to be removed      */","{""cwe_mapping"": ""Based on the analysis provided, the most relevant Common Weakness Enumeration (CWE) for the issue described would be:\nCWE-807: Reliance on Untrusted Inputs in a Security Decision\nDescription: This weakness occurs when the implementation relies on input that is assumed to be trustworthy, but is actually controlled by an attacker."", ""details"": ""Successful CWE mapping""}"
// TODO: Tentative implementation. Do we want something that updates // the list of open projects or just simple open and close events? -tfm,"{""cwe_mapping"": ""N/a"", ""details"": ""N/a""}"
// TODO: This shouldn't require two passes through the list - tfm,"{""cwe_mapping"": ""Based on the analysis provided, the best Common Weakness Enumeration (CWE) that describes the issue is:\nCWE-843: Access of Resource Using Incompatible Type ('Type Confusion')\nDescription: The code is accessing a resource using an incompatible type, which can result in inefficiency and potentially security vulnerabilities due to extra passes through the list."", ""details"": ""Successful CWE mapping""}"
/* We need to extend the ExtensionMechanismsFactory so that                   * we can replace the above deprecated call with something like this: */,"{""cwe_mapping"": ""Based on the provided analysis, the most relevant Common Weakness Enumeration (CWE) for the issue described is:\nCWE-676: Use of Potentially Dangerous Function\n\nDescription: Using deprecated or potentially insecure functions can introduce security vulnerabilities, especially if they are not handled or replaced appropriately."", ""details"": ""Successful CWE mapping""}"
// ?R  | boolean | True if file is readable by the real uid/gid of the caller // FIXME: Need to implement an readable_real_p in FileTest,"{""cwe_mapping"": ""CWE-732: Insecure Permission Assignment for Critical Resource\nDescription: The code lacks proper implementation for checking the real uid/gid permissions, leading to a security debt."", ""details"": ""Successful CWE mapping""}"
//{{{ isSelectionRectangular() method,"{""cwe_mapping"": ""N/a"", ""details"": ""N/a""}"
// check if starting new column,"{""cwe_mapping"": ""N/a"", ""details"": ""N/a""}"
// shape sequence,"{""cwe_mapping"": ""N/a"", ""details"": ""N/a""}"
//i18n[ColumnListDialog.modifyTitle=Select Column To Modify],"{""cwe_mapping"": ""N/a"", ""details"": ""N/a""}"
"// variable is never read, variable is never live","{""cwe_mapping"": ""Based on the analysis mentioned, the Common Weakness Enumeration (CWE) that best describes the issue is CWE-563: Unused Variable. \n\nCWE-563: Unused Variable - This weakness occurs when a variable is declared and possibly assigned a value, but that value is never used or referenced in the code. Unused variables can clutter code, leading to potential security vulnerabilities."", ""details"": ""Successful CWE mapping""}"
//{{{ Constants,"{""cwe_mapping"": ""N/a"", ""details"": ""N/a""}"
//}}},"{""cwe_mapping"": ""N/a"", ""details"": ""N/a""}"
// -----  member variables  -----,"{""cwe_mapping"": ""N/a"", ""details"": ""N/a""}"
//set upperLeft point // x is minor,"{""cwe_mapping"": ""N/a"", ""details"": ""N/a""}"
//{{{ mouseDragged() method,"{""cwe_mapping"": ""N/a"", ""details"": ""N/a""}"
//// OUTLINE PAINT ////////////////////////////////////////////////////////,"{""cwe_mapping"": ""N/a"", ""details"": ""N/a""}"
// Bug can generate RTE,"{""cwe_mapping"": ""N/a"", ""details"": ""N/a""}"
// COLUMN_NAME,"{""cwe_mapping"": ""N/a"", ""details"": ""N/a""}"
// classify nodes by base path,"{""cwe_mapping"": ""N/a"", ""details"": ""N/a""}"
//{{{ ok() method,"{""cwe_mapping"": ""N/a"", ""details"": ""N/a""}"
// i18n[DatabaseMetaData.nullableTypeNoNulls=false],"{""cwe_mapping"": ""N/a"", ""details"": ""N/a""}"
// Sort the rows by the property name.,"{""cwe_mapping"": ""N/a"", ""details"": ""N/a""}"
//{{{ _backup() method,"{""cwe_mapping"": ""N/a"", ""details"": ""N/a""}"
// a Long kept updated by advanceTime(),"{""cwe_mapping"": ""N/a"", ""details"": ""N/a""}"
"// user just entered the hour, so append min & sec","{""cwe_mapping"": ""N/a"", ""details"": ""N/a""}"
/*      * @see org.argouml.persistence.AbstractFilePersister#getDesc()      */,"{""cwe_mapping"": ""N/a"", ""details"": ""N/a""}"
// No point checking an empty keystore,"{""cwe_mapping"": ""N/a"", ""details"": ""N/a""}"
"// value is already on stack, save it for later","{""cwe_mapping"": ""N/a"", ""details"": ""N/a""}"
// Either the IEditingDomainItemProvider or ITreeItemContentProvider item provider interface can give us // the children. //,"{""cwe_mapping"": ""N/a"", ""details"": ""N/a""}"
//{{{ isVisible() method,"{""cwe_mapping"": ""Based on the provided SASD analysis, the most relevant Common Weakness Enumeration (CWE) for this issue would be:\n- CWE-284: Improper Access Control\n\nDescription: The code may lack proper access control mechanisms, which could lead to unauthorized access to sensitive data or functionality. This CWE covers instances where access to a resource is not properly restricted."", ""details"": ""Successful CWE mapping""}"
//connect to the remote site (may take some time),"{""cwe_mapping"": ""N/a"", ""details"": ""N/a""}"
/* shape visible = */,"{""cwe_mapping"": ""N/a"", ""details"": ""N/a""}"
/*      * @see java.awt.event.ActionListener#actionPerformed(java.awt.event.ActionEvent)      */,"{""cwe_mapping"": ""N/a"", ""details"": ""N/a""}"
/*      * @see org.tigris.gef.presentation.Fig#paint(java.awt.Graphics)      */,"{""cwe_mapping"": ""N/a"", ""details"": ""N/a""}"
// add the listeners to the newOwner,"{""cwe_mapping"": ""N/a"", ""details"": ""N/a""}"
// Quadrant II & III,"{""cwe_mapping"": ""N/a"", ""details"": ""N/a""}"
/*      * @see junit.framework.TestCase#setUp()      */,"{""cwe_mapping"": ""N/a"", ""details"": ""N/a""}"
/*          * @see org.argouml.uml.ui.UMLComboBoxModel#isValidElement(Object)          */,"{""cwe_mapping"": ""N/a"", ""details"": ""N/a""}"
//{{{ getToolTipLocation() method,"{""cwe_mapping"": ""N/a"", ""details"": ""N/a""}"
// $NON-NLS-1$,"{""cwe_mapping"": ""N/a"", ""details"": ""N/a""}"
/* nothing done between begin/end calls */,"{""cwe_mapping"": ""Based on the analysis provided, the most relevant Common Weakness Enumeration (CWE) for the identified security weakness or gap is CWE-710: Improper Adherence to Coding Standards. This CWE is defined as the failure to conform to an organization's specific coding standards or guidelines which can lead to security vulnerabilities due to inconsistency in security practices."", ""details"": ""Successful CWE mapping""}"
// deal with the resource collections,"{""cwe_mapping"": ""N/a"", ""details"": ""N/a""}"
// Try again after shutdown,"{""cwe_mapping"": ""N/a"", ""details"": ""N/a""}"
/* 	 * (non-Javadoc) 	 *  	 * @see net.sourceforge.squirrel_sql.plugins.dbcopy.dialects.HibernateDialect#getMaxPrecision(int) 	 */,"{""cwe_mapping"": ""N/a"", ""details"": ""N/a""}"
// all local and columns for the other tables..,"{""cwe_mapping"": ""N/a"", ""details"": ""N/a""}"
// Make sure all the data is flushed out,"{""cwe_mapping"": ""Based on the analysis provided, the most relevant Common Weakness Enumeration (CWE) for the identified issue is:\n\nCWE-80: Improper Neutralization of Script-Related HTML Tags in a Web Page (Cross-site Scripting)\nDescription: This weakness involves improper neutralization of user-controllable input, leading to possible Cross-site Scripting vulnerabilities.\n\nThe issue highlighted in the analysis relates to ensuring sensitive data is properly handled and sanitized, which is a key aspect of addressing Cross-site Scripting vulnerabilities (CWE-80)."", ""details"": ""Successful CWE mapping""}"
// Users should not normally see this.,"{""cwe_mapping"": ""Based on the provided analysis, the Common Weakness Enumeration (CWE) that best describes the issue is:\n- CWE-256: Unprotected Storage of Sensitive Information\n    Description: The developer's comment indicates a potential security concern with visibility/access control of sensitive information.\n\nAdditionally, another relevant CWE could be:\n- CWE-285: Improper Authorization\n    Description: The developer's acknowledgment of a security weakness in access control suggests a potential inadequate authorization implementation."", ""details"": ""Successful CWE mapping""}"
//{{{ clear() method,"{""cwe_mapping"": ""Based on the analysis provided, the Common Weakness Enumeration that best describes the issue would be the following:\nCWE-532: Insertion of Sensitive Information into Log File\nDescription: This weakness occurs when developers inadvertently log sensitive data, such as passwords or personal information, in log files, which could be accessible to unauthorized individuals."", ""details"": ""Successful CWE mapping""}"
"// verify t belongs to the curve (range [0, _m-1])","{""cwe_mapping"": ""N/a"", ""details"": ""N/a""}"
// two jars same version // two jars same version,"{""cwe_mapping"": ""N/a"", ""details"": ""N/a""}"
//}}},"{""cwe_mapping"": ""N/a"", ""details"": ""N/a""}"
// calculate size and return it,"{""cwe_mapping"": ""N/a"", ""details"": ""N/a""}"
// line 896,"{""cwe_mapping"": ""N/a"", ""details"": ""N/a""}"
// Get the current classpath from the sysloader // through reflection,"{""cwe_mapping"": ""Based on the analysis provided, the Common Weakness Enumeration (CWE) that best describes the issue is:\nCWE-497: Exposure of System Data to an Unauthorized Control Sphere\n\nDescription: The software reflects system data to unauthorized control spheres, which could lead to security risks if not properly handled."", ""details"": ""Successful CWE mapping""}"
//$NON-NLS-1$,"{""cwe_mapping"": ""N/a"", ""details"": ""N/a""}"
// check that the series visible flag is observed,"{""cwe_mapping"": ""N/a"", ""details"": ""N/a""}"
//overwrite old bundle,"{""cwe_mapping"": ""N/a"", ""details"": ""N/a""}"
"//tmpPosition is required because getPosition()'s side effects. //if the warning is generated, the getPosition() on line 954 (this line + 18) will create //a wrong position if the ""inclusive"" flag is not set.","{""cwe_mapping"": ""Based on the provided analysis, the most relevant Common Weakness Enumeration (CWE) for this issue is:\nCWE-703: Improper Check or Handling of Exceptional Conditions\n\nDescription: This weakness occurs when an application does not properly check or handle exceptional conditions that may lead to security vulnerabilities.\n\nThis CWE aligns with the security weakness identified in the code comments regarding the \""inclusive\"" flag potentially leading to a wrong position if not handled correctly."", ""details"": ""Successful CWE mapping""}"
// CheckStyle:VisibilityModifier ON,"{""cwe_mapping"": ""N/a"", ""details"": ""N/a""}"
/* Upper / Lower case */,"{""cwe_mapping"": ""N/a"", ""details"": ""N/a""}"
//{{{ getRowCount() method,"{""cwe_mapping"": ""N/a"", ""details"": ""N/a""}"
//negatives not allowed and lower range bound is zero //use data range bound instead,"{""cwe_mapping"": ""Based on the analysis provided, the most relevant Common Weakness Enumeration (CWE) for the described issue is CWE-20: Improper Input Validation. This weakness occurs when input data is not validated or sanitized properly, leading to potential security vulnerabilities such as allowing negative values in this case."", ""details"": ""Successful CWE mapping""}"
//}}},"{""cwe_mapping"": ""N/a"", ""details"": ""N/a""}"
// i18n[mssql.allViews=All views],"{""cwe_mapping"": ""N/a"", ""details"": ""N/a""}"
/*1D400..1D7FF;*/,"{""cwe_mapping"": ""N/a"", ""details"": ""N/a""}"
// update tree model,"{""cwe_mapping"": ""N/a"", ""details"": ""N/a""}"
// Make the edge go between nearest points,"{""cwe_mapping"": ""N/a"", ""details"": ""N/a""}"
"// Required for MouseListener interface, but we only care about clicks","{""cwe_mapping"": ""N/a"", ""details"": ""N/a""}"
// eh?!,"{""cwe_mapping"": ""N/a"", ""details"": ""N/a""}"
// Compute the holder of the proxy //,"{""cwe_mapping"": ""N/a"", ""details"": ""N/a""}"
/* (non-Javadoc) 		 * @see javax.swing.table.DefaultTableModel#getRowCount() 		 */,"{""cwe_mapping"": ""N/a"", ""details"": ""N/a""}"
/* Font */,"{""cwe_mapping"": ""N/a"", ""details"": ""N/a""}"
//}}},"{""cwe_mapping"": ""N/a"", ""details"": ""N/a""}"
//i18n[ColumnDetailsDialog.tableNameLabel=Table Name: ],"{""cwe_mapping"": ""N/a"", ""details"": ""N/a""}"
// copy the source and support files,"{""cwe_mapping"": ""N/a"", ""details"": ""N/a""}"
//{{{ insertFile() method,"{""cwe_mapping"": ""N/a"", ""details"": ""N/a""}"
// DataType // 4.5.3.12 [1],"{""cwe_mapping"": ""N/a"", ""details"": ""N/a""}"
// we may have more than one statement in sql at this point,"{""cwe_mapping"": ""Based on the analysis provided, the issue described aligns with Common Weakness Enumeration (CWE)-89: SQL Injection. CWE-89 describes vulnerabilities that occur when an application uses untrusted data in an SQL call without proper validation or escaping, leading to possible manipulation of the SQL queries and thereby posing a security risk."", ""details"": ""Successful CWE mapping""}"
// line 1381,"{""cwe_mapping"": ""N/a"", ""details"": ""N/a""}"
// drawVolume,"{""cwe_mapping"": ""N/a"", ""details"": ""N/a""}"
// out of byte range // there will be no match for sure,"{""cwe_mapping"": ""Based on the provided analysis, the most suitable Common Weakness Enumeration (CWE) for the described issue is CWE-478: Missing Default Case in Switch Statement. This weakness occurs when a switch statement does not have a default case, allowing potential out-of-range values to bypass expected behavior."", ""details"": ""Successful CWE mapping""}"
/* static methods only - hide constructor */,"{""cwe_mapping"": ""N/a"", ""details"": ""N/a""}"
// Primitive to arbitrary object type.  // Allow Primitive.castToType() to handle it as well as cases of  // Primitive.NULL and Primitive.VOID,"{""cwe_mapping"": ""Based on the provided analysis, the Common Weakness Enumeration that best describes the issue is CWE-95: Improper Neutralization of Directives in Dynamically Evaluated Code ('Eval Injection'). This CWE describes cases where code dynamically evaluates other code, potentially resulting in security vulnerabilities. The potential insecure conversion described in the analysis aligns with the concerns of dynamic code evaluation leading to security weaknesses."", ""details"": ""Successful CWE mapping""}"
// ORPHAN DELETE (used for programmer error detection),"{""cwe_mapping"": ""N/a"", ""details"": ""N/a""}"
"// execute application, enabling blocking","{""cwe_mapping"": ""N/a"", ""details"": ""N/a""}"
//SimpleAnyTypeImpl,"{""cwe_mapping"": ""N/a"", ""details"": ""N/a""}"
/* (non-Javadoc)      * @see java.awt.event.ActionListener#actionPerformed(java.awt.event.ActionEvent)      */,"{""cwe_mapping"": ""N/a"", ""details"": ""N/a""}"
// We know that URL arguments should always be encoded in UTF-8 according to spec,"{""cwe_mapping"": ""Based on the analysis provided, the most suitable Common Weakness Enumeration (CWE) for this issue is:\n- CWE-116: Improper Encoding or Escaping of Output (https://cwe.mitre.org/data/definitions/116.html)\nThis weakness occurs when data is not properly encoded or escaped before being placed in a specific output context, which can lead to various security issues such as Cross-Site Scripting (XSS) or Injection attacks."", ""details"": ""Successful CWE mapping""}"
//$NON-NLS-1$ //$NON-NLS-1$,"{""cwe_mapping"": ""N/a"", ""details"": ""N/a""}"
// private DBUtils dbUtils;,"{""cwe_mapping"": ""N/a"", ""details"": ""N/a""}"
/*      * @see org.argouml.ui.explorer.rules.PerspectiveRule#getChildren(java.lang.Object)      */,"{""cwe_mapping"": ""N/a"", ""details"": ""N/a""}"
//ignore,"{""cwe_mapping"": ""N/a"", ""details"": ""N/a""}"
/*      * @see org.argouml.ui.explorer.rules.PerspectiveRule#getDependencies(java.lang.Object)      */,"{""cwe_mapping"": ""N/a"", ""details"": ""N/a""}"
// do nothing,"{""cwe_mapping"": ""N/a"", ""details"": ""N/a""}"
// i.e. is == null,"{""cwe_mapping"": ""N/a"", ""details"": ""N/a""}"
/* end class CrMultiComposite */,"{""cwe_mapping"": ""N/a"", ""details"": ""N/a""}"
// Column,"{""cwe_mapping"": ""N/a"", ""details"": ""N/a""}"
//{{{ unregister() method,"{""cwe_mapping"": ""N/a"", ""details"": ""N/a""}"
// collect entity and tool tip information...,"{""cwe_mapping"": ""N/a"", ""details"": ""N/a""}"
/*      * @see java.awt.event.MouseListener#mouseReleased(java.awt.event.MouseEvent)      */,"{""cwe_mapping"": ""N/a"", ""details"": ""N/a""}"
/*      * @see org.argouml.uml.diagram.ui.FigNodeModelElement#renderingChanged()      */,"{""cwe_mapping"": ""N/a"", ""details"": ""N/a""}"
//{{{ Expand the fold...,"{""cwe_mapping"": ""N/a"", ""details"": ""N/a""}"
// create stream from string,"{""cwe_mapping"": ""N/a"", ""details"": ""N/a""}"
//{{{ Position match hints,"{""cwe_mapping"": ""N/a"", ""details"": ""N/a""}"
"// lower all except the last upper case character if there are // more than one upper case characters in the beginning. // e.g. XSDElementContent -> xsdElementContent // However if the whole string is upper case, the whole string // is turned into lower case. // e.g. CPU -> cpu","{""cwe_mapping"": ""N/a"", ""details"": ""N/a""}"
// notify all listeners,"{""cwe_mapping"": ""N/a"", ""details"": ""N/a""}"
//}}},"{""cwe_mapping"": ""N/a"", ""details"": ""N/a""}"
// Oracle's 'TIMESTAMP WITH TIME ZONE' == -101 // Oracle's 'TIMESTAMP WITH LOCAL TIME ZONE' == // -102,"{""cwe_mapping"": ""Based on the provided SASD analysis, the most relevant Common Weakness Enumeration (CWE) for the issue described is:\nCWE-798: Use of Hard-coded Credentials\nDescription: This weakness involves the use of hard-coded credentials, like passwords or encryption keys, in code, which can lead to security vulnerabilities."", ""details"": ""Successful CWE mapping""}"
/*      * @see java.awt.event.ActionListener#actionPerformed(      *         java.awt.event.ActionEvent)      */,"{""cwe_mapping"": ""N/a"", ""details"": ""N/a""}"
// to be safe...,"{""cwe_mapping"": ""N/a"", ""details"": ""N/a""}"
// set name of column,"{""cwe_mapping"": ""N/a"", ""details"": ""N/a""}"
// mail folder tree,"{""cwe_mapping"": ""N/a"", ""details"": ""N/a""}"
// $NON-NLS-1$,"{""cwe_mapping"": ""N/a"", ""details"": ""N/a""}"
//{{{ toggleDockableWindow() method,"{""cwe_mapping"": ""N/a"", ""details"": ""N/a""}"
"// delete last ','","{""cwe_mapping"": ""Based on the analysis provided, the Common Weakness Enumeration (CWE) that best describes the issue is:\n- CWE-116: Improper Encoding or Escaping of Output\n\nDescription: This weakness occurs when data value is used without proper encoding or escaping, enabling an attacker to inject malicious code or alter the intended data format."", ""details"": ""Successful CWE mapping""}"
// Apply most specific signature matching,"{""cwe_mapping"": ""N/a"", ""details"": ""N/a""}"
//{{{ getFile() method,"{""cwe_mapping"": ""Based on the analysis provided, the best Common Weakness Enumeration (CWE) that describes the issue is:\n\nCWE-759: Use of a One-Way Hash without a Salt. This weakness refers to the use of a hash function without including a salt for additional security protection. In this case, the lack of security considerations and vulnerabilities in the getFile() method could lead to potential security debt due to this oversight."", ""details"": ""Successful CWE mapping""}"
//}}},"{""cwe_mapping"": ""N/a"", ""details"": ""N/a""}"
// incrementCurrent();,"{""cwe_mapping"": ""N/a"", ""details"": ""N/a""}"
//we ran out of ids to try,"{""cwe_mapping"": ""N/a"", ""details"": ""N/a""}"
// CheckStyle:VisibilityModifier OFF - bc,"{""cwe_mapping"": ""N/a"", ""details"": ""N/a""}"
//{{{ Getters and setters,"{""cwe_mapping"": ""N/a"", ""details"": ""N/a""}"
// Check arguments,"{""cwe_mapping"": ""Based on the analysis provided, the best Common Weakness Enumeration (CWE) that describes the issue is:\n\nCWE-807: Reliance on Untrusted Inputs in a Security Decision\nDescription: This weakness involves making security decisions based on untrusted inputs, such as not performing thorough security validation beyond basic argument checking, potentially leading to security vulnerabilities."", ""details"": ""Successful CWE mapping""}"
//add some time. We assume no OS has a granularity this bad,"{""cwe_mapping"": ""Based on the provided analysis, the most suitable Common Weakness Enumeration (CWE) for the issue described is CWE-367: Time-of-check Time-of-use Race Condition. This weakness occurs when a program checks the state of a resource before using it, but the resource's state can change between the check and use, leading to a potential security vulnerability."", ""details"": ""Successful CWE mapping""}"
// CheckStyle:VisibilityModifier ON,"{""cwe_mapping"": ""N/a"", ""details"": ""N/a""}"
//{{{ VFS methods,"{""cwe_mapping"": ""N/a"", ""details"": ""N/a""}"
// check null argument 1,"{""cwe_mapping"": ""N/a"", ""details"": ""N/a""}"
/*         eClass.getESuperTypes().addAll(extend);         eClass.getESuperTypes().addAll(unspecified);         eClass.getESuperTypes().addAll(mixin);         eClass.getESuperTypes().addAll(nonClass);         */,"{""cwe_mapping"": ""Based on the provided analysis, the most relevant Common Weakness Enumeration (CWE) for the issue described is:\n- CWE-670: Always-Incorrect Control Flow Implementation\n  - Description: This weakness involves incorrect control flow implementation, which could lead to security vulnerabilities related to incorrect type handling or inheritance, potentially introducing security debt."", ""details"": ""Successful CWE mapping""}"
// 1,"{""cwe_mapping"": ""N/a"", ""details"": ""N/a""}"
//handle panning if we have a start point else unregister,"{""cwe_mapping"": ""N/a"", ""details"": ""N/a""}"
// means counting from end,"{""cwe_mapping"": ""N/a"", ""details"": ""N/a""}"
// go to next base segment group,"{""cwe_mapping"": ""N/a"", ""details"": ""N/a""}"
// test 1...,"{""cwe_mapping"": ""N/a"", ""details"": ""N/a""}"
// line 1054,"{""cwe_mapping"": ""N/a"", ""details"": ""N/a""}"
//{{{ setLimit() method,"{""cwe_mapping"": ""Based on the provided analysis, the best Common Weakness Enumeration (CWE) that describes the issue is:\n- CWE-78: Improper Neutralization of Special Elements used in an OS Command ('OS Command Injection')\n  Description: This weakness involves improperly neutralizing special elements that could modify an OS command when they are sent to a separate data channel, enabling an attacker to manipulate the command being executed.\n\nAdditionally, another relevant CWE could be:\n- CWE-120: Buffer Copy without Checking Size of Input ('Classic Buffer Overflow')\n  Description: This weakness involves copying data into a buffer without checking the size of the input, leading to potential buffer overflow vulnerabilities."", ""details"": ""Successful CWE mapping""}"
"// do nothing, it's a non-impl method","{""cwe_mapping"": ""N/a"", ""details"": ""N/a""}"
// add Figs to the FigNode in back-to-front order,"{""cwe_mapping"": ""N/a"", ""details"": ""N/a""}"
"// special shortcut for id properties, skip the join! // this must only occur at the _end_ of a path expression","{""cwe_mapping"": ""Based on the analysis provided, the self-admitted security debt in the code seems to align with CWE-486: Function Call with Incorrect Number of Arguments. CWE-486 describes cases where a function is called with an incorrect number of arguments, which can lead to unexpected behavior or security vulnerabilities."", ""details"": ""Successful CWE mapping""}"
// now used as an interpreter event,"{""cwe_mapping"": ""N/a"", ""details"": ""N/a""}"
/* 	 * DataBase-related functions 	 */,"{""cwe_mapping"": ""N/a"", ""details"": ""N/a""}"
/*      * @see org.argouml.ui.explorer.rules.PerspectiveRule#getRuleName()      */,"{""cwe_mapping"": ""N/a"", ""details"": ""N/a""}"
/*      * The special value <code>null</code> is used internally to indicate that      * the default value should be inherited from the next level of settings.      */,"{""cwe_mapping"": ""N/a"", ""details"": ""N/a""}"
"/*          featureMap.add(eStructuralFeature, cursor++, o);         expectedModCount = featureMap.getModCount();          ++entryCursor;          ++lastCursor;         // lastCursor = -1;         // prepared = 0; */","{""cwe_mapping"": ""Based on the provided analysis, the most suitable Common Weakness Enumeration (CWE) for this scenario would be:\nCWE-710: Improper Adherence to Coding Standards\nDescription: The failure to comply with specific coding standards or conventions, like not fully addressing a security issue as suggested by the comment in the code."", ""details"": ""Successful CWE mapping""}"
//}}},"{""cwe_mapping"": ""N/a"", ""details"": ""N/a""}"
// first check the number we are plotting...,"{""cwe_mapping"": ""N/a"", ""details"": ""N/a""}"
// $NON-NLS-1$ // $NON-NLS-1$ // $NON-NLS-2$,"{""cwe_mapping"": ""N/a"", ""details"": ""N/a""}"
// Remember the system id of our root document so that we can write // out profiles and linked models to a different file if requested,"{""cwe_mapping"": ""N/a"", ""details"": ""N/a""}"
// Make the connection ready for sending post data,"{""cwe_mapping"": ""N/a"", ""details"": ""N/a""}"
//}}},"{""cwe_mapping"": ""N/a"", ""details"": ""N/a""}"
// private static final int ATTR_UNDERLINE = 3; // private static final int ATTR_BLINK = 5; // private static final int ATTR_REVERSE = 7; // private static final int ATTR_HIDDEN = 8;,"{""cwe_mapping"": ""N/a"", ""details"": ""N/a""}"
// i18n[UpdatePreferencesPanel.autoBorderLabel=Automatic Updates],"{""cwe_mapping"": ""N/a"", ""details"": ""N/a""}"
// ignore,"{""cwe_mapping"": ""N/a"", ""details"": ""N/a""}"
"// Can't be done in the general case of federated repositories, // but at least get what we can find for the current resource set","{""cwe_mapping"": ""Based on the provided analysis, the best Common Weakness Enumeration (CWE) that describes the issue is CWE-807: Reliance on Untrusted Inputs in a Security Decision. This weakness occurs when software does not properly validate or correctly sanitize input that is used for a security-critical decision, which can lead to security vulnerabilities."", ""details"": ""Successful CWE mapping""}"
"// This column actually consists of a row with two sub-columns // The first column contains the labels, and the second // column contains the fields.","{""cwe_mapping"": ""N/a"", ""details"": ""N/a""}"
// $NON-NLS-1$,"{""cwe_mapping"": ""N/a"", ""details"": ""N/a""}"
//}}},"{""cwe_mapping"": ""N/a"", ""details"": ""N/a""}"
"//setup for ""1e#""-style tick labels or regular // numeric tick labels, depending on flag:","{""cwe_mapping"": ""N/a"", ""details"": ""N/a""}"
// Fill 7 of value (byte) -19 // Fill 3 of value (byte) 33 // Fill 4 of value (byte) -19 // Fill 2 of value (byte) 33 // Fill 6 of value (byte) -19 // Fill 4 of value (byte) 33 // Fill 13 of value (byte) -19 // Fill 5 of value (byte) 33 // Fill 3 of value (byte) -19,"{""cwe_mapping"": ""Based on the analysis provided, the most suitable Common Weakness Enumeration (CWE) would be:\n- CWE-312: Cleartext Storage of Sensitive Information\n- Description: Storing sensitive information, such as passwords or keys in cleartext, can lead to potential exposure in case of compromise."", ""details"": ""Successful CWE mapping""}"
/* last expression should not be void */,"{""cwe_mapping"": ""Based on the analysis provided, the most relevant Common Weakness Enumeration (CWE) for the issue described is CWE-561: Dead Code. This weakness occurs when code is present in a program that can never be executed, typically left unintentionally due to code modifications or oversights."", ""details"": ""Successful CWE mapping""}"
//{{{ dispose() method,"{""cwe_mapping"": ""Based on the analysis provided, the Common Weakness Enumeration that best describes the issue is:\nCWE-563: Assignment to Variable without Use ('Unused Variable')\n\nDescription: This weakness occurs when a value is assigned to a variable but never subsequently used to affect program behavior. This can indicate a potential coding flaw or oversight that may introduce security vulnerabilities."", ""details"": ""Successful CWE mapping""}"
// Nothing specified -> Fail,"{""cwe_mapping"": ""N/a"", ""details"": ""N/a""}"
// Sampler selection,"{""cwe_mapping"": ""N/a"", ""details"": ""N/a""}"
// implements UnsharedComponent,"{""cwe_mapping"": ""N/a"", ""details"": ""N/a""}"
//}}},"{""cwe_mapping"": ""N/a"", ""details"": ""N/a""}"
//$NON-NLS-1$,"{""cwe_mapping"": ""Based on the analysis provided, the best Common Weakness Enumeration (CWE) that describes the issue is:\n\nCWE-18: Incorrect Behavior Order: The code may be reading data in an inconsistent or insecure manner due to incomplete or incorrect i18n support, potentially leading to security vulnerabilities related to internationalization.\n\nThis CWE describes cases where data might be mistakenly translated or processed in an incorrect or insecure order due to incomplete or lacking internationalization (i18n) support, leaving the application vulnerable to security risks associated with localization."", ""details"": ""Successful CWE mapping""}"
// This swaps the direction of m3:,"{""cwe_mapping"": ""N/a"", ""details"": ""N/a""}"
//cannot occur,"{""cwe_mapping"": ""N/a"", ""details"": ""N/a""}"
/*3300..33FF;*/,"{""cwe_mapping"": ""N/a"", ""details"": ""N/a""}"
"// If-test is false, need to re-initialize indexes","{""cwe_mapping"": ""N/a"", ""details"": ""N/a""}"
//{{{ getIdealIndentForLine() method,"{""cwe_mapping"": ""N/a"", ""details"": ""N/a""}"
"// about to delete last thing in field, so replace with null","{""cwe_mapping"": ""Based on the given analysis, the most relevant Common Weakness Enumeration (CWE) for the issue described is **CWE-388**.\n- **CWE-388**: 'Error Handling' - The software does not properly handle errors that can occur during execution, leading to security vulnerabilities like premature termination or information leaks."", ""details"": ""Successful CWE mapping""}"
// Extract the icon that is used by the tree control // for the current look and feel,"{""cwe_mapping"": ""N/a"", ""details"": ""N/a""}"
// just as if Enter was pressed in another // text field,"{""cwe_mapping"": ""N/a"", ""details"": ""N/a""}"
// i18n[UpdatePreferencesPanel.channel=Channel:],"{""cwe_mapping"": ""N/a"", ""details"": ""N/a""}"
// i18n[AbstractRefactoringDialog.showButtonLabel=Show SQL],"{""cwe_mapping"": ""N/a"", ""details"": ""N/a""}"
/*      * @see javax.swing.plaf.metal.MetalTheme#getControlTextFont()      */,"{""cwe_mapping"": ""N/a"", ""details"": ""N/a""}"
"// opt but no rest, must be at least required and no more than required + opt","{""cwe_mapping"": ""N/a"", ""details"": ""N/a""}"
//boolean iri = false;,"{""cwe_mapping"": ""Based on the provided analysis, the best Common Weakness Enumeration (CWE) number that describes the issue is CWE-548: Explicit Call to Inadequate Security Function. This weakness involves explicitly calling a security function known to be inadequate or vulnerable. In this case, the disabled security feature (iri) may pose a risk in terms of security."", ""details"": ""Successful CWE mapping""}"
//}}},"{""cwe_mapping"": ""N/a"", ""details"": ""N/a""}"
// prefer re-generation of identity!,"{""cwe_mapping"": ""Based on the analysis provided, the Common Weakness Enumeration (CWE) that best describes the issue is:\nCWE-287: Improper Authentication\n\nDescription: This weakness occurs when an application does not adequately authenticate the users or entities involved in a communication. It can lead to unauthorized access and compromise security."", ""details"": ""Successful CWE mapping""}"
//{{{ getMinimumSize() method,"{""cwe_mapping"": ""N/a"", ""details"": ""N/a""}"
// set the local folder.,"{""cwe_mapping"": ""N/a"", ""details"": ""N/a""}"
// i18n[SQLFilterSheet.closeButtonLabel=Close],"{""cwe_mapping"": ""N/a"", ""details"": ""N/a""}"
// --,"{""cwe_mapping"": ""N/a"", ""details"": ""N/a""}"
// i18n[oracle.displaysSequenceDetails=Display sequence details],"{""cwe_mapping"": ""N/a"", ""details"": ""N/a""}"
// Empty.,"{""cwe_mapping"": ""N/a"", ""details"": ""N/a""}"
//		case SESSION_BEAN_GRANT_AND_REVOKE: //            return FirebirdManagerGrantPreferenceBean.class.getClassLoader();,"{""cwe_mapping"": ""Based on the provided analysis, the most suitable Common Weakness Enumeration (CWE) for the identified issue is:\nCWE-284: Improper Access Control\nDescription: The issue of potentially granting and revoking functionality in the code without proper context or details indicates a lack of proper access control mechanisms, introducing the risk of unauthorized access to sensitive data or functionality."", ""details"": ""Successful CWE mapping""}"
// Register tabs to display in the details panel for table nodes.,"{""cwe_mapping"": ""N/a"", ""details"": ""N/a""}"
"// save various info about the column for use in user input validation // when editing table contents. // Note that the columnDisplaySize is included two times, where the // first // entry may be adjusted for actual display while the second entry is // the // size expected by the DB. // The isNullable() method returns three values that we convert into // two // by saying that if it is not known whether or not a column allows // nulls, // we will allow the user to enter nulls and any problems will be // caught // when they try to save the data to the DB","{""cwe_mapping"": ""Based on the provided analysis, the Common Weakness Enumeration that best describes the issue is:\nCWE-20: Improper Input Validation\nDescription: The code relies on information saved about the column for user input validation, suggesting incomplete or incorrect validation of user-provided data, potentially leading to security vulnerabilities."", ""details"": ""Successful CWE mapping""}"
"// duplicate equal to add, so we continue","{""cwe_mapping"": ""Based on the analysis provided, the best Common Weakness Enumeration (CWE) that describes the issue is:\n\nCWE-690: Unchecked Return Value to NULL Pointer Dereference\nDescription: The developer's acknowledgement of duplicate code usage instead of utilizing a proper method like 'add' could lead to unchecked return values, potentially resulting in NULL pointer dereference vulnerabilities."", ""details"": ""Successful CWE mapping""}"
"// Check method, path and query sent","{""cwe_mapping"": ""N/a"", ""details"": ""N/a""}"
//{{{ processKeyEvent() method,"{""cwe_mapping"": ""N/a"", ""details"": ""N/a""}"
//OK // TODO ??,"{""cwe_mapping"": ""N/a"", ""details"": ""N/a""}"
//{{{ ParserRuleSet constructor,"{""cwe_mapping"": ""N/a"", ""details"": ""N/a""}"
//}}},"{""cwe_mapping"": ""N/a"", ""details"": ""N/a""}"
/* (non-Javadoc)      * @see net.sourceforge.squirrel_sql.fw.sql.ISQLDatabaseMetaData#supportsSchemasInDataManipulation()      */,"{""cwe_mapping"": ""N/a"", ""details"": ""N/a""}"
// Ignore.,"{""cwe_mapping"": ""N/a"", ""details"": ""N/a""}"
// this happens if ant is used with a project // helper that doesn't set the import.,"{""cwe_mapping"": ""N/a"", ""details"": ""N/a""}"
// just push nil for pragmas,"{""cwe_mapping"": ""N/a"", ""details"": ""N/a""}"
"// Link does not exist in UML2, a link is represented just as an // association","{""cwe_mapping"": ""N/a"", ""details"": ""N/a""}"
/* 			Lots of preconditions checked here... 			Once things are running smoothly we might comment these out 			(That's what assertions are for). 		*/,"{""cwe_mapping"": ""Based on the analysis provided, the most suitable Common Weakness Enumeration (CWE) for the identified issue is CWE-710: Improper Adherence to Coding Standards. CWE-710 refers to situations where code does not follow recommended coding practices, leading to potential security vulnerabilities due to deviations from established standards. The potential removal of preconditions checks as suggested in the analysis could lead to security vulnerabilities due to non-compliance with secure coding practices."", ""details"": ""Successful CWE mapping""}"
// special handling of operations while editing this data type,"{""cwe_mapping"": ""N/a"", ""details"": ""N/a""}"
// getFoo      => foo // getFoo(int) => foo(int),"{""cwe_mapping"": ""Based on the provided analysis, the Common Weakness Enumeration (CWE) that best describes the issue is:\n\n- CWE-120: Buffer Copy without Checking Size of Input ('Classic Buffer Overflow')\n   Description: The lack of explanatory comments or details in the code can indicate potential buffer overflows where the size of input is not checked, leading to security vulnerabilities."", ""details"": ""Successful CWE mapping""}"
"// Since this timer must be started when SQuirreL is launched, wait a couple of minutes for // SQuirreL to get done initializing the UI.","{""cwe_mapping"": ""Based on the analysis provided, the relevant Common Weakness Enumeration (CWE) for this issue would be:\n\nCWE-367: Time-of-check Time-of-use (TOCTOU) Race Condition\nDescription: The delay in timing for UI initialization could introduce a race condition where the state of the UI could change after it has been checked, leading to unexpected behavior and potential security vulnerabilities."", ""details"": ""Successful CWE mapping""}"
// We should not have a query string part,"{""cwe_mapping"": ""Based on the analysis provided, the most appropriate Common Weakness Enumeration (CWE) for the identified security concern is:\n\nCWE-89: Improper Neutralization of Special Elements used in an SQL Command ('SQL Injection')\nDescription: This weakness occurs when untrusted input is sent to an interpreter as part of a command or query. It allows an attacker to execute arbitrary SQL commands."", ""details"": ""Successful CWE mapping""}"
/*          * @see java.awt.event.ActionListener#actionPerformed(java.awt.event.ActionEvent)          */,"{""cwe_mapping"": ""N/a"", ""details"": ""N/a""}"
// records the existance of an equal sign,"{""cwe_mapping"": ""N/a"", ""details"": ""N/a""}"
//{{{ subregionOffsetToX() method,"{""cwe_mapping"": ""N/a"", ""details"": ""N/a""}"
// suppresses compiler warning,"{""cwe_mapping"": ""N/a"", ""details"": ""N/a""}"
//{{{ Instance variables,"{""cwe_mapping"": ""N/a"", ""details"": ""N/a""}"
//}}},"{""cwe_mapping"": ""N/a"", ""details"": ""N/a""}"
/*      * @see TargetListener#targetSet(TargetEvent)      */,"{""cwe_mapping"": ""N/a"", ""details"": ""N/a""}"
// @see TestRegexFunction for unit tests,"{""cwe_mapping"": ""N/a"", ""details"": ""N/a""}"
//}}} //}}},"{""cwe_mapping"": ""N/a"", ""details"": ""N/a""}"
//}}} //}}},"{""cwe_mapping"": ""N/a"", ""details"": ""N/a""}"
// builder.setDefaultButtonBarGapBorder();,"{""cwe_mapping"": ""N/a"", ""details"": ""N/a""}"
//}}},"{""cwe_mapping"": ""N/a"", ""details"": ""N/a""}"
// keepgenerated,"{""cwe_mapping"": ""N/a"", ""details"": ""N/a""}"
// never called,"{""cwe_mapping"": ""N/a"", ""details"": ""N/a""}"
// pass command to scheduler,"{""cwe_mapping"": ""N/a"", ""details"": ""N/a""}"
// Add the type to the list of returned sqlResultTypes.,"{""cwe_mapping"": ""N/a"", ""details"": ""N/a""}"
// If the type also specifies a classifier... //,"{""cwe_mapping"": ""N/a"", ""details"": ""N/a""}"
// i18n[mssql.scriptUsers=Script database users and database roles],"{""cwe_mapping"": ""N/a"", ""details"": ""N/a""}"
// value is a List of Strings,"{""cwe_mapping"": ""N/a"", ""details"": ""N/a""}"
"// before any callbacks, etc, so subdeletions see that this deletion happened first","{""cwe_mapping"": ""Based on the analysis provided, the most suitable Common Weakness Enumeration (CWE) for the issue described could be:\n- CWE-913: Improper Control of Dynamic Memory Allocation\n   Description: The process is not clearly defined for allowing secure deletion before further actions, potentially leading to memory corruption or insecure data exposure."", ""details"": ""Successful CWE mapping""}"
"/*              * The next one defaults to TRUE, to stay compatible with older              * ArgoUML versions that did not have this setting:              */","{""cwe_mapping"": ""N/a"", ""details"": ""N/a""}"
// find and add all subdirectories,"{""cwe_mapping"": ""N/a"", ""details"": ""N/a""}"
/*      * Just returns false.      *      * @see org.argouml.cognitive.Poster#canFixIt(org.argouml.cognitive.ToDoItem)      */,"{""cwe_mapping"": ""N/a"", ""details"": ""N/a""}"
/* 	 * (non-Javadoc) 	 *  	 * @see java.awt.event.ActionListener#actionPerformed(java.awt.event.ActionEvent) 	 */,"{""cwe_mapping"": ""N/a"", ""details"": ""N/a""}"
"//      add message ""0.eml"" as inputstream to folder","{""cwe_mapping"": ""N/a"", ""details"": ""N/a""}"
// Add menu.,"{""cwe_mapping"": ""N/a"", ""details"": ""N/a""}"
//}}},"{""cwe_mapping"": ""N/a"", ""details"": ""N/a""}"
/*      * @see org.argouml.uml.ui.UMLExpressionModel2#getExpression()      */,"{""cwe_mapping"": ""N/a"", ""details"": ""N/a""}"
// Allow for old format file without mechanism support,"{""cwe_mapping"": ""N/a"", ""details"": ""N/a""}"
// classic translator does not support collection of ordinal // param metadata,"{""cwe_mapping"": ""N/a"", ""details"": ""N/a""}"
//{{{ InstallButton class,"{""cwe_mapping"": ""N/a"", ""details"": ""N/a""}"
// line 636,"{""cwe_mapping"": ""N/a"", ""details"": ""N/a""}"
/*      * Create a data input text field      *      * @return the panel for entering the data      */,"{""cwe_mapping"": ""N/a"", ""details"": ""N/a""}"
// Cast input appropriately or throw exception,"{""cwe_mapping"": ""N/a"", ""details"": ""N/a""}"
// register for status events,"{""cwe_mapping"": ""N/a"", ""details"": ""N/a""}"
//remove the .class,"{""cwe_mapping"": ""N/a"", ""details"": ""N/a""}"
// tooltip text,"{""cwe_mapping"": ""N/a"", ""details"": ""N/a""}"
// do nothing...this is just a hook for subclasses,"{""cwe_mapping"": ""N/a"", ""details"": ""N/a""}"
"// If there are delegated features, add only those that aren't already in this package to the end of the list. //","{""cwe_mapping"": ""N/a"", ""details"": ""N/a""}"
/*                  * Increment the symbol frequencies for the selected table.                  */,"{""cwe_mapping"": ""N/a"", ""details"": ""N/a""}"
// the constraint _must_ be owned by a namespace,"{""cwe_mapping"": ""N/a"", ""details"": ""N/a""}"
// Doesn't fit in buffer. Write immediately. // ensure nothing left to write,"{""cwe_mapping"": ""N/a"", ""details"": ""N/a""}"
// Get previous state in stack. //,"{""cwe_mapping"": ""N/a"", ""details"": ""N/a""}"
//this.forceCacheRefresh = forceCacheRefresh;,"{""cwe_mapping"": ""N/a"", ""details"": ""N/a""}"
// NT Includes other types of Credentials,"{""cwe_mapping"": ""N/a"", ""details"": ""N/a""}"
// test null source,"{""cwe_mapping"": ""N/a"", ""details"": ""N/a""}"
// create composer model,"{""cwe_mapping"": ""N/a"", ""details"": ""N/a""}"
// $NON-NLS-1$ // $NON-NLS-1$,"{""cwe_mapping"": ""N/a"", ""details"": ""N/a""}"
/*      * @see org.argouml.uml.ui.UMLModelElementListModel2#isValidElement(Object)      */,"{""cwe_mapping"": ""N/a"", ""details"": ""N/a""}"
// wrap read() methods to track output buffer,"{""cwe_mapping"": ""N/a"", ""details"": ""N/a""}"
// Prepare the Results tabbed pane,"{""cwe_mapping"": ""N/a"", ""details"": ""N/a""}"
//}}},"{""cwe_mapping"": ""N/a"", ""details"": ""N/a""}"
//to stop the class from being unloaded,"{""cwe_mapping"": ""N/a"", ""details"": ""N/a""}"
//The source was one of the referenced state's path which // has got a new name.,"{""cwe_mapping"": ""N/a"", ""details"": ""N/a""}"
"// a file, not in the root // since the jar may be one without directory // entries, add the parent dir of this file as // well.","{""cwe_mapping"": ""N/a"", ""details"": ""N/a""}"
//{{{ peekElement() method,"{""cwe_mapping"": ""N/a"", ""details"": ""N/a""}"
/* 	 * (non-Javadoc) 	 *  	 * @see java.awt.event.ActionListener#actionPerformed(java.awt.event.ActionEvent) 	 */,"{""cwe_mapping"": ""N/a"", ""details"": ""N/a""}"
"/*      * @see org.argouml.uml.cognitive.critics.CrUML#predicate2(      *      java.lang.Object, org.argouml.cognitive.Designer)      */","{""cwe_mapping"": ""N/a"", ""details"": ""N/a""}"
//{{{ Folding,"{""cwe_mapping"": ""N/a"", ""details"": ""N/a""}"
"/*                  * Complete the big bucket [ss] by quicksorting                  * any unsorted small buckets [ss, j].  Hopefully                  * previous pointer-scanning phases have already                  * completed many of the small buckets [ss, j], so                  * we don't have to sort them at all.                  */","{""cwe_mapping"": ""Based on the analysis provided, the issue described aligns with CWE-682: Incorrect Calculation. CWE-682 pertains to situations where incorrect calculations or data assumptions lead to security vulnerabilities. In this case, assuming that small buckets have already been sorted without verifying correctness poses a risk in the sorting process."", ""details"": ""Successful CWE mapping""}"
// Fill 3 of value (byte) -19,"{""cwe_mapping"": ""Based on the provided analysis, the most suitable Common Weakness Enumeration would be:\n\nCWE-327: Use of a Broken or Risky Cryptographic Algorithm\nDescription: This CWE focuses on the use of weak or unconventional cryptographic algorithms that can introduce vulnerabilities or weaken the security of the system."", ""details"": ""Successful CWE mapping""}"
// we have the whole contents of the CLOB,"{""cwe_mapping"": ""N/a"", ""details"": ""N/a""}"
// Column,"{""cwe_mapping"": ""N/a"", ""details"": ""N/a""}"
//inject the data,"{""cwe_mapping"": ""Based on the analysis provided, the most suitable Common Weakness Enumeration (CWE) for the identified issue is CWE-89: Improper Neutralization of Special Elements used in an SQL Command ('SQL Injection'). This CWE covers cases where user-controllable data is sent to an interpreter as part of a command or query, leading to potential injection vulnerabilities."", ""details"": ""Successful CWE mapping""}"
// Block and block pass passed in at same time....uh oh,"{""cwe_mapping"": ""Based on the analysis provided, the Common Weakness Enumeration (CWE) that best describes the issue is:\n\n- **CWE-915: Improperly Controlled Modification of Dynamically-Determined Object Attributes**  \n  Description: This weakness occurs when the program uses a dynamically determined object attribute but does not sufficiently control modifications to the attribute, leading to a vulnerability.\n\nThis CWE would align with the potential security risk identified in the code regarding passing a block and block pass at the same time."", ""details"": ""Successful CWE mapping""}"
// try to set selection,"{""cwe_mapping"": ""N/a"", ""details"": ""N/a""}"
//{{{ sort() method,"{""cwe_mapping"": ""N/a"", ""details"": ""N/a""}"
//TestCase/implementedGenOperation.override.javajetinc,"{""cwe_mapping"": ""N/a"", ""details"": ""N/a""}"
// state ~~~~~~~~~~~~~~~~~~~~~~~~~~~~~~~~~~~~~~~~~~~~~~~~~~~~~~~~~~~~~~~~~,"{""cwe_mapping"": ""N/a"", ""details"": ""N/a""}"
// $NON-NLS-1$ // $NON-NLS-1$,"{""cwe_mapping"": ""N/a"", ""details"": ""N/a""}"
"// A ""location"" attribute for a node within a // Path object.","{""cwe_mapping"": ""N/a"", ""details"": ""N/a""}"
// add duplicates as per bug,"{""cwe_mapping"": ""N/a"", ""details"": ""N/a""}"
"// If we have resolved to an EClass but we have an EAttribute, we can change it to be an EReference. //","{""cwe_mapping"": ""N/a"", ""details"": ""N/a""}"
// i18n[HQLPanelController.hqlToSqlSuccess=Generated {0} SQL(s) in {1} milliseconds.],"{""cwe_mapping"": ""N/a"", ""details"": ""N/a""}"
// expect the worst,"{""cwe_mapping"": ""N/a"", ""details"": ""N/a""}"
/*      * @see java.lang.Runnable#run()      */,"{""cwe_mapping"": ""N/a"", ""details"": ""N/a""}"
// OK // $NON-NLS-1$,"{""cwe_mapping"": ""N/a"", ""details"": ""N/a""}"
//}}},"{""cwe_mapping"": ""N/a"", ""details"": ""N/a""}"
// mark it as selected,"{""cwe_mapping"": ""N/a"", ""details"": ""N/a""}"
// i18n[DataSetUpdateableTableModelImpl.error.unknownerror=Unknown error during check on DB.  Update is probably not safe.\nDo you wish to proceed?],"{""cwe_mapping"": ""Based on the analysis provided, the Common Weakness Enumeration (CWE) that best describes the issue is:\n- CWE-703 (Improper Check or Handling of Exceptional Conditions): This weakness involves not adequately handling unknown errors that may occur during a database check, leading to potential security vulnerabilities."", ""details"": ""Successful CWE mapping""}"
/*  ================      *  Instance Methods      *  ================       */,"{""cwe_mapping"": ""N/a"", ""details"": ""N/a""}"
/* add the UDTs. */,"{""cwe_mapping"": ""N/a"", ""details"": ""N/a""}"
// TODO move to new standard location and rewrite test to be less static,"{""cwe_mapping"": ""Based on the analysis provided, the Common Weakness Enumeration that best describes the issue is:\nCWE-400: Uncontrolled Resource Consumption ('Resource Exhaustion')\nDescription: This weakness occurs when a software system does not properly manage the resources that it consumes, leading to resource depletion or exhaustion, which can potentially result in denial of service or other security vulnerabilities."", ""details"": ""Successful CWE mapping""}"
// Or a feature map child? //,"{""cwe_mapping"": ""N/a"", ""details"": ""N/a""}"
//i18n[DropTableDialog.schemaLabel=Schema:],"{""cwe_mapping"": ""Based on the analysis provided, the most suitable Common Weakness Enumeration (CWE) that best describes the issue is:\nCWE-89: Improper Neutralization of Special Elements used in an SQL Command ('SQL Injection').\nDescription: This weakness occurs when an application or code is open to SQL injection attacks due to improper neutralization of special SQL elements, like \""DropTable,\"" that can lead to unauthorized access or data loss."", ""details"": ""Successful CWE mapping""}"
//private Type[] sqlResultTypes;,"{""cwe_mapping"": ""N/a"", ""details"": ""N/a""}"
// args is either constructor arguments or array dimensions,"{""cwe_mapping"": ""N/a"", ""details"": ""N/a""}"
//$NON-NLS-1$,"{""cwe_mapping"": ""N/a"", ""details"": ""N/a""}"
"// do nothing. it's naive, but since // the utility is meant to parse access // logs the formatting should be correct","{""cwe_mapping"": ""N/a"", ""details"": ""N/a""}"
// Check if Columba is the default mail client,"{""cwe_mapping"": ""N/a"", ""details"": ""N/a""}"
/* update fold visibility map. */,"{""cwe_mapping"": ""N/a"", ""details"": ""N/a""}"
// Match against every other operation but this one. //,"{""cwe_mapping"": ""N/a"", ""details"": ""N/a""}"
// Create classes and their features,"{""cwe_mapping"": ""N/a"", ""details"": ""N/a""}"
// it doesn't handle special cases,"{""cwe_mapping"": ""Based on the analysis provided, the most suitable Common Weakness Enumeration (CWE) for this scenario would be:\nCWE-710: Improper Adherence to Coding Standards\n\nDescription: This weakness refers to situations where the developers fail to adhere to coding standards related to security practices, potentially leading to security vulnerabilities."", ""details"": ""Successful CWE mapping""}"
// find optimum height and map to range,"{""cwe_mapping"": ""N/a"", ""details"": ""N/a""}"
// line 1103,"{""cwe_mapping"": ""N/a"", ""details"": ""N/a""}"
// i18n[FactoryProviderController.fileCreated=File {0} has been successfully created.],"{""cwe_mapping"": ""N/a"", ""details"": ""N/a""}"
// repaint table header,"{""cwe_mapping"": ""N/a"", ""details"": ""N/a""}"
//{{{ getScreenLineEndOffset() method,"{""cwe_mapping"": ""N/a"", ""details"": ""N/a""}"
//$NON-NLS-1$,"{""cwe_mapping"": ""N/a"", ""details"": ""N/a""}"
//EcoreValidator,"{""cwe_mapping"": ""N/a"", ""details"": ""N/a""}"
/*          * wait for stream threads to die          *           */,"{""cwe_mapping"": ""N/a"", ""details"": ""N/a""}"
//}}},"{""cwe_mapping"": ""N/a"", ""details"": ""N/a""}"
"// Attempt to parse authority. If the section is an empty string // this is a valid server based authority, so set the host to this // value.","{""cwe_mapping"": ""Based on the provided analysis, the most suitable Common Weakness Enumeration for this issue would be CWE-287: Improper Authentication. CWE-287 involves situations where the software does not properly authenticate a user's identity before allowing access to sensitive functionality or data. In this case, treating an empty string as a valid server-based authority could lead to unauthorized access or authentication bypass vulnerabilities."", ""details"": ""Successful CWE mapping""}"
// draw average - SPECIAL AIMS REQUIREMENT,"{""cwe_mapping"": ""N/a"", ""details"": ""N/a""}"
// Continue with the established base URL.,"{""cwe_mapping"": ""N/a"", ""details"": ""N/a""}"
////////////////////////////////////////////////////////////////////////// // test inc methods //////////////////////////////////////////////////////////////////////////,"{""cwe_mapping"": ""N/a"", ""details"": ""N/a""}"
// aload_1 // load bean,"{""cwe_mapping"": ""N/a"", ""details"": ""N/a""}"
//}}},"{""cwe_mapping"": ""N/a"", ""details"": ""N/a""}"
//}}},"{""cwe_mapping"": ""N/a"", ""details"": ""N/a""}"
// If this isn't instanceof org.hibernate.type.CollectionType a NoSuchMethodException will be thrown,"{""cwe_mapping"": ""Based on the provided SASD analysis, the most relevant Common Weakness Enumeration (CWE) for this issue is CWE-393: Return of Wrong Status Code. \n\nCWE-393 describes a weakness where the software returns a different-than-expected status code, potentially indicating the presence of a security vulnerability."", ""details"": ""Successful CWE mapping""}"
"//Font font = UIManager.getFont(""Label.font"");","{""cwe_mapping"": ""Based on the provided analysis, the most relevant Common Weakness Enumeration (CWE) for the identified issue is:\nCWE-710: Improper Adherence to Coding Standards\nDescription: The developer's practice of commenting out security-related code rather than fixing it could lead to security vulnerabilities, indicating a lack of proper adherence to coding standards."", ""details"": ""Successful CWE mapping""}"
"// field is not nullable or input was not a delete // // we have already handled all legal input, // so just tell user this is being ignored","{""cwe_mapping"": ""Based on the provided SASD analysis response, the most relevant Common Weakness Enumeration (CWE) for this issue is:\n- CWE-74: Improper Neutralization of Special Elements in Output Used by a Downstream Component ('Injection')\n  Description: This CWE describes weaknesses where user-controllable data is not properly validated or sanitized before being used in a downstream component, potentially leading to injection attacks."", ""details"": ""Successful CWE mapping""}"
// draw path,"{""cwe_mapping"": ""N/a"", ""details"": ""N/a""}"
"// this will result in a slight speed up, since we // don't need to read the DTD anyway, as AElfred is // non-validating","{""cwe_mapping"": ""Based on the analysis provided, the most suitable Common Weakness Enumeration (CWE) for this issue is CWE-770: Allocation of Resources Without Limits or Throttling. This CWE describes the potential risk of bypassing validation checks in order to achieve better performance, which can lead to security vulnerabilities due to inadequate resource allocation control."", ""details"": ""Successful CWE mapping""}"
// Begin second unit of work,"{""cwe_mapping"": ""N/a"", ""details"": ""N/a""}"
// composer can either edit in html or plain text mode // listen for configuration changes,"{""cwe_mapping"": ""N/a"", ""details"": ""N/a""}"
// end class,"{""cwe_mapping"": ""N/a"", ""details"": ""N/a""}"
/* Implements JMeterGUIComponent.createTestElement() */,"{""cwe_mapping"": ""N/a"", ""details"": ""N/a""}"
// ITEM_LABELS_VISIBLE,"{""cwe_mapping"": ""N/a"", ""details"": ""N/a""}"
// end foreach map entry // end else,"{""cwe_mapping"": ""N/a"", ""details"": ""N/a""}"
"// We do not use getEncoding method of Writer, since that returns // the historical name","{""cwe_mapping"": ""Based on the analysis provided, the most relevant Common Weakness Enumeration (CWE) for this scenario is:\nCWE-494: Download of Code Without Integrity Check\n\nDescription: The developer's decision not to use a specific method due to security implications could result in downloading code without ensuring its integrity, potentially leading to security vulnerabilities."", ""details"": ""Successful CWE mapping""}"
// Is there a supplied proc argument or do we assume a block was // supplied,"{""cwe_mapping"": ""N/a"", ""details"": ""N/a""}"
"// hide grid, otherwise can't see anything","{""cwe_mapping"": ""N/a"", ""details"": ""N/a""}"
// argument checking delegated...,"{""cwe_mapping"": ""N/a"", ""details"": ""N/a""}"
// Fill 2 of value (byte) -19 // Fill 2 of value (byte) 33 // Fill 4 of value (byte) -19 // Fill 2 of value (byte) 33,"{""cwe_mapping"": ""N/a"", ""details"": ""N/a""}"
// Gone from UML 2.x //        throw new NotImplementedException();,"{""cwe_mapping"": ""N/a"", ""details"": ""N/a""}"
// NOI18N,"{""cwe_mapping"": ""N/a"", ""details"": ""N/a""}"
"/* At this stage during loading, the diagrams are          * not created yet - so we have to store this name for later use. */","{""cwe_mapping"": ""N/a"", ""details"": ""N/a""}"
//}}},"{""cwe_mapping"": ""N/a"", ""details"": ""N/a""}"
"// if there was a problem with converting, then just fall through // and continue as if there was no default given in the DB. // Otherwise, use the converted object","{""cwe_mapping"": ""N/a"", ""details"": ""N/a""}"
//{{{ xToOffset() method,"{""cwe_mapping"": ""N/a"", ""details"": ""N/a""}"
// line 1254,"{""cwe_mapping"": ""N/a"", ""details"": ""N/a""}"
// If this is 'elements' then create a new FROM element.,"{""cwe_mapping"": ""N/a"", ""details"": ""N/a""}"
// Fall tru,"{""cwe_mapping"": ""N/a"", ""details"": ""N/a""}"
// Formula for a is described in the overall class description.,"{""cwe_mapping"": ""N/a"", ""details"": ""N/a""}"
"// decimal form, like (but not *just* like!) 'f'","{""cwe_mapping"": ""N/a"", ""details"": ""N/a""}"
//load should work several times in a row,"{""cwe_mapping"": ""N/a"", ""details"": ""N/a""}"
// Fill 53 of value (byte) -19 // Fill 2 of value (byte) 33,"{""cwe_mapping"": ""Based on the analysis provided, the best Common Weakness Enumeration (CWE) that describes the issue is:\n\nCWE-116: Improper Encoding or Escaping of Output. This weakness occurs when data is written to a resource in a way that allows an attacker to inject malicious code.\n\nThe lack of clear explanation or context for filling specific bytes with certain values can lead to potential security implications if input validation or encoding is not properly handled."", ""details"": ""Successful CWE mapping""}"
// Available specification version must be >= required,"{""cwe_mapping"": ""N/a"", ""details"": ""N/a""}"
// not reached,"{""cwe_mapping"": ""N/a"", ""details"": ""N/a""}"
// Ignore.,"{""cwe_mapping"": ""N/a"", ""details"": ""N/a""}"
// not found. start from // beginning,"{""cwe_mapping"": ""Based on the analysis provided, the following Common Weakness Enumeration (CWE) best describes the issue:\n\n1. CWE-20: Improper Input Validation\n   Description: The code lacks proper input validation, leaving it vulnerable to a range of attacks, such as buffer overflows, SQL injection, and cross-site scripting.\n\n2. CWE-927: Use of Weak Hash Function\n   Description: The code likely uses a weak hash function for security purposes, which can introduce vulnerabilities and compromise the integrity and confidentiality of data."", ""details"": ""Successful CWE mapping""}"
// store every open frame in our temporary list,"{""cwe_mapping"": ""N/a"", ""details"": ""N/a""}"
// $NON-NLS-1$,"{""cwe_mapping"": ""N/a"", ""details"": ""N/a""}"
// $NON-NLS-1$ // $NON-NLS-1$ // $NON-NLS-1$,"{""cwe_mapping"": ""N/a"", ""details"": ""N/a""}"
// form integral number of 6-bit groups,"{""cwe_mapping"": ""N/a"", ""details"": ""N/a""}"
"// Get all the request properties, which are the headers set on the connection","{""cwe_mapping"": ""N/a"", ""details"": ""N/a""}"
// i18n[sqlbookmark.desc=Description:],"{""cwe_mapping"": ""N/a"", ""details"": ""N/a""}"
//{{{ updateWrapSettings() method,"{""cwe_mapping"": ""N/a"", ""details"": ""N/a""}"
"// if at least one property listed here is true, // load the plugin","{""cwe_mapping"": ""N/a"", ""details"": ""N/a""}"
// create a form builder,"{""cwe_mapping"": ""N/a"", ""details"": ""N/a""}"
// There used to be a frame.pack() here but it resized the frame // to be very wide if text output was used.,"{""cwe_mapping"": ""Based on the analysis provided, the most suitable Common Weakness Enumeration (CWE) for this issue is CWE-710: Improper Adherence to Coding Standards. This weakness occurs when the code does not follow established coding standards, potentially leading to security vulnerabilities due to the lack of consistency and best practices."", ""details"": ""Successful CWE mapping""}"
// $NON-NLS-1$,"{""cwe_mapping"": ""N/a"", ""details"": ""N/a""}"
// Force the configuration to load,"{""cwe_mapping"": ""N/a"", ""details"": ""N/a""}"
//}}},"{""cwe_mapping"": ""N/a"", ""details"": ""N/a""}"
/*++*/,"{""cwe_mapping"": ""N/a"", ""details"": ""N/a""}"
// replace some arguments by another field names (constants),"{""cwe_mapping"": ""N/a"", ""details"": ""N/a""}"
/*      * @see org.tigris.gef.presentation.Fig#getClosestPoint(java.awt.Point)      */,"{""cwe_mapping"": ""N/a"", ""details"": ""N/a""}"
// $NON-NLS-1$,"{""cwe_mapping"": ""N/a"", ""details"": ""N/a""}"
// Store the key,"{""cwe_mapping"": ""N/a"", ""details"": ""N/a""}"
// exit immediately,"{""cwe_mapping"": ""N/a"", ""details"": ""N/a""}"
//missing 2 private use add manually,"{""cwe_mapping"": ""Based on the analysis provided, the most relevant Common Weakness Enumeration (CWE) for the described issue would be:\n- CWE-759: Use of a One-Way Hash without a Salt\n  Description: This weakness involves the use of hash functions without the use of a salt value, making the hashes vulnerable to precomputed dictionary attacks."", ""details"": ""Successful CWE mapping""}"
// url decode,"{""cwe_mapping"": ""N/a"", ""details"": ""N/a""}"
/* This sets the lineWidth of all in the group: */,"{""cwe_mapping"": ""N/a"", ""details"": ""N/a""}"
// $NON-NLS-1$,"{""cwe_mapping"": ""N/a"", ""details"": ""N/a""}"
// message contains list of attachments,"{""cwe_mapping"": ""N/a"", ""details"": ""N/a""}"
"/*       public RegularExpression createRegex(String regex, int options) throws ParseException {           Token tok = this.parse(regex, options);           return new RegularExpression(regex, tok, this.parennumber, this.hasBackReferences, options);       }       */","{""cwe_mapping"": ""N/a"", ""details"": ""N/a""}"
"// Iterate through the alias,JoinSequence pairs and generate SQL token nodes.","{""cwe_mapping"": ""N/a"", ""details"": ""N/a""}"
// Wake up the others!,"{""cwe_mapping"": ""N/a"", ""details"": ""N/a""}"
/*    * Javadoc copied from interface.    */,"{""cwe_mapping"": ""N/a"", ""details"": ""N/a""}"
"// Don't include controlled children here, they'll show up under their container. //","{""cwe_mapping"": ""N/a"", ""details"": ""N/a""}"
// allow fixed thickness,"{""cwe_mapping"": ""N/a"", ""details"": ""N/a""}"
// perform split if there is more than 1 fragment,"{""cwe_mapping"": ""N/a"", ""details"": ""N/a""}"
// skip if user didn't enable this option,"{""cwe_mapping"": ""N/a"", ""details"": ""N/a""}"
// it is a removed file,"{""cwe_mapping"": ""N/a"", ""details"": ""N/a""}"
/* end class StylePanelFigPackage */,"{""cwe_mapping"": ""N/a"", ""details"": ""N/a""}"
//{{{ directoryLoaded() method,"{""cwe_mapping"": ""N/a"", ""details"": ""N/a""}"
//$NON-NLS-1$,"{""cwe_mapping"": ""N/a"", ""details"": ""N/a""}"
/*      * @param response @return      */,"{""cwe_mapping"": ""N/a"", ""details"": ""N/a""}"
////////////////////////////////////////////////////////////////////////// // test timeline translations //////////////////////////////////////////////////////////////////////////,"{""cwe_mapping"": ""N/a"", ""details"": ""N/a""}"
// required // required,"{""cwe_mapping"": ""Based on the analysis provided, the most relevant Common Weakness Enumeration (CWE) for this issue would be:\n\nCWE-710: Improper Adherence to Coding Standards\nDescription: This weakness occurs when a developer does not adhere to coding standards, leading to potential security vulnerabilities, such as incomplete implementation of security requirements."", ""details"": ""Successful CWE mapping""}"
// hide splash screen,"{""cwe_mapping"": ""N/a"", ""details"": ""N/a""}"
// try a few checks to ensure that the clone is independent of the // original,"{""cwe_mapping"": ""Based on the provided analysis, the most relevant Common Weakness Enumeration (CWE) for the issue described is:\n- CWE-693: Protection Mechanism Failure\n  Description: The software does not properly enforce security properties or intentions, potentially resulting in unexpected application behavior, security vulnerabilities, or increased attack surface."", ""details"": ""Successful CWE mapping""}"
"// If the Add menu already exists, remove it.","{""cwe_mapping"": ""Based on the analysis provided, the Common Weakness Enumeration (CWE) that best describes the issue is:\n- CWE-759: Use of a One-Way Hash without a Salt\n  Description: The developer's decision to simply remove the Add menu without addressing the underlying security concern could indicate an avoidance of properly addressing the root cause, potentially leading to security risks."", ""details"": ""Successful CWE mapping""}"
// Ignore if the directory does not exist. // This error will throw when running from the ant setup.,"{""cwe_mapping"": ""Based on the provided SASD analysis response, the issue can be mapped to the following Common Weakness Enumeration:\n\nCWE-703: Improper Check or Handling of Exceptional Conditions\nDescription: The code suggests ignoring a specific scenario instead of handling it securely, indicating improper handling of exceptional conditions which can lead to security weaknesses."", ""details"": ""Successful CWE mapping""}"
// t1 depends on t2,"{""cwe_mapping"": ""N/a"", ""details"": ""N/a""}"
//{{{ createWindowTableScroller() method,"{""cwe_mapping"": ""N/a"", ""details"": ""N/a""}"
// $NON-NLS-1$,"{""cwe_mapping"": ""N/a"", ""details"": ""N/a""}"
//{{{ BrowserColorsModel constructor,"{""cwe_mapping"": ""N/a"", ""details"": ""N/a""}"
//}}},"{""cwe_mapping"": ""N/a"", ""details"": ""N/a""}"
// Initialize simple dependencies,"{""cwe_mapping"": ""N/a"", ""details"": ""N/a""}"
//}}},"{""cwe_mapping"": ""N/a"", ""details"": ""N/a""}"
//}}},"{""cwe_mapping"": ""N/a"", ""details"": ""N/a""}"
//}}},"{""cwe_mapping"": ""N/a"", ""details"": ""N/a""}"
// Ignore.,"{""cwe_mapping"": ""N/a"", ""details"": ""N/a""}"
// Read the first token.,"{""cwe_mapping"": ""N/a"", ""details"": ""N/a""}"
// toolTipGenerator,"{""cwe_mapping"": ""N/a"", ""details"": ""N/a""}"
// ALTER VIEW oldTableName RENAME TO newTableName; // RENAME oldTableName TO newTableName;,"{""cwe_mapping"": ""Based on the analysis provided, the best Common Weakness Enumeration (CWE) that describes the issue is CWE-927: Lack of Explicit Mechanism to Prevent Name Clashes. This weakness occurs when software does not have an explicit mechanism to prevent conflicting or ambiguous names within a certain scope, introducing potential security risks related to misinterpretation of identifiers."", ""details"": ""Successful CWE mapping""}"
//{{{ getBottomDockingArea() method,"{""cwe_mapping"": ""N/a"", ""details"": ""N/a""}"
//{{{ getLastModified() method,"{""cwe_mapping"": ""N/a"", ""details"": ""N/a""}"
/*      * @see org.argouml.uml.ui.UMLModelElementListModel2#buildModelList()      */,"{""cwe_mapping"": ""N/a"", ""details"": ""N/a""}"
// line 616,"{""cwe_mapping"": ""N/a"", ""details"": ""N/a""}"
// large icon for toolbar,"{""cwe_mapping"": ""N/a"", ""details"": ""N/a""}"
// tickLabelPaint,"{""cwe_mapping"": ""N/a"", ""details"": ""N/a""}"
"// Modelled after c ruby implementation (java /,% not same as ruby)","{""cwe_mapping"": ""Based on the provided analysis, the most suitable Common Weakness Enumeration (CWE) that describes the identified issue is:\n\nCWE-697: Insufficient Comparison\n- Description: This weakness occurs when software does not properly compare two values, leading to potential security vulnerabilities such as logic errors or unintended behavior."", ""details"": ""Successful CWE mapping""}"
//}}},"{""cwe_mapping"": ""N/a"", ""details"": ""N/a""}"
// CheckStyle:ParameterNumberCheck OFF - bc,"{""cwe_mapping"": ""N/a"", ""details"": ""N/a""}"
//The pw. If user name is anonymous this can be anything. But it has to be supplied anyway.,"{""cwe_mapping"": ""Based on the analysis provided, the Common Weakness Enumeration that best describes the issue is CWE-287: Improper Authentication. This CWE describes cases where authentication mechanisms are not enforced properly, which can lead to vulnerabilities like unauthorized access and account takeover."", ""details"": ""Successful CWE mapping""}"
//{{{ addNotify() method,"{""cwe_mapping"": ""N/a"", ""details"": ""N/a""}"
// Calling connect() will add the edge to the GraphModel and // any LayerPersectives on that GraphModel will get a // edgeAdded event and will add an appropriate FigEdge // (determined by the GraphEdgeRenderer).,"{""cwe_mapping"": ""N/a"", ""details"": ""N/a""}"
// TODO: What?,"{""cwe_mapping"": ""N/a"", ""details"": ""N/a""}"
// $NON-NLS-1$,"{""cwe_mapping"": ""N/a"", ""details"": ""N/a""}"
// local constraint,"{""cwe_mapping"": ""N/a"", ""details"": ""N/a""}"
// execute command -> use mock object class as worker which does // nothing,"{""cwe_mapping"": ""Based on the analysis provided, the Common Weakness Enumeration (CWE) that best describes the issue is:\n\nCWE-602: Client-Side Enforcement of Server-Side Security\nDescription: The use of mock objects that do nothing for testing command execution behavior may indicate a lack of proper server-side security testing, leading to potential vulnerabilities in command execution."", ""details"": ""Successful CWE mapping""}"
//{{{ getSelectionColor() method,"{""cwe_mapping"": ""N/a"", ""details"": ""N/a""}"
// Even primitives should be represented by a data type with a conventional (i.e. capitalized) name. //,"{""cwe_mapping"": ""N/a"", ""details"": ""N/a""}"
/*      * We use FILE versus IO to match T_FILE in MRI.      */,"{""cwe_mapping"": ""N/a"", ""details"": ""N/a""}"
// offset the start of the boxes if the total width used is smaller // than the category width,"{""cwe_mapping"": ""N/a"", ""details"": ""N/a""}"
//$NON-NLS-1$ //$NON-NLS-1$ //$NON-NLS-1$ //$NON-NLS-1$ //$NON-NLS-1$ //$NON-NLS-1$ //$NON-NLS-1$ //$NON-NLS-1$ //$NON-NLS-1$ //$NON-NLS-1$,"{""cwe_mapping"": ""N/a"", ""details"": ""N/a""}"
"// Split constraint body, if user wants us to","{""cwe_mapping"": ""N/a"", ""details"": ""N/a""}"
//}}},"{""cwe_mapping"": ""N/a"", ""details"": ""N/a""}"
"// Most browsers use ISO-8859-1 as default encoding, even if spec says UTF-8","{""cwe_mapping"": ""Based on the analysis provided, the Common Weakness Enumeration that best describes the issue is:\nCWE-21: Improper Neutralization of Input During Web Page Generation ('Cross-site Scripting') - This weakness involves a failure to properly neutralize input that is embedded in structured data before it is delivered to the end user.\nCWE-116: Improper Encoding or Escaping of Output - This weakness involves a failure to properly encode or escape output that is embedded in structured data before it is delivered to the end user."", ""details"": ""Successful CWE mapping""}"
// done processing args,"{""cwe_mapping"": ""N/a"", ""details"": ""N/a""}"
// Add the binding to the provided hash table: //,"{""cwe_mapping"": ""N/a"", ""details"": ""N/a""}"
// add a subtitle giving the data source,"{""cwe_mapping"": ""N/a"", ""details"": ""N/a""}"
"/*      * If non-null, then any argument list passed to invoke() will be ignored.      */","{""cwe_mapping"": ""N/a"", ""details"": ""N/a""}"
// i18n[UdfDetailsTab.hint=Display UDF details],"{""cwe_mapping"": ""N/a"", ""details"": ""N/a""}"
//////////////////////////////////////////////////////////////////////////,"{""cwe_mapping"": ""N/a"", ""details"": ""N/a""}"
// Guaranteed to return a non-null array,"{""cwe_mapping"": ""N/a"", ""details"": ""N/a""}"
"//add in any extra files. //this is an error in mono, but we do not warn on it as they may fix that outside //the ant build cycle.","{""cwe_mapping"": ""Based on the provided SASD analysis response, the issue best aligns with the following Common Weakness Enumeration (CWE):\n\nCWE-703: Improper Check or Handling of Exceptional Conditions\n\nDescription: The software does not adequately handle exceptional conditions or errors, leaving the application vulnerable to security-related issues."", ""details"": ""Successful CWE mapping""}"
//{{{ Position methods,"{""cwe_mapping"": ""N/a"", ""details"": ""N/a""}"
// backgroundImage,"{""cwe_mapping"": ""N/a"", ""details"": ""N/a""}"
// Disable DELETE and BROWSE if there are no rows in the table to delete.,"{""cwe_mapping"": ""Based on the analysis provided, the most relevant Common Weakness Enumeration (CWE) would be:\nCWE-732: Insecure Permission Assignment for Critical Resource\nDescription: The developer's choice to disable functionality instead of addressing the root cause may indicate insecure permission assignment or inadequate access control measures.\n\nCWE-799: Improper Control of Interaction Frequency\nDescription: Use of disabling functionality as a temporary fix rather than addressing the underlying issue can lead to improper control of interaction frequency vulnerabilities."", ""details"": ""Successful CWE mapping""}"
// name of font,"{""cwe_mapping"": ""Based on the analysis provided, the Common Weakness Enumeration (CWE) that best describes the issue is:\n\n- CWE-116: Improper Encoding or Escaping of Output\n  Description: When handling fonts without proper sanitization or validation, there is a risk of not properly encoding or escaping output, which can lead to security vulnerabilities.\n\nThis CWE is related to insecurely handling data that can result in various vulnerabilities such as cross-site scripting (XSS) or injection attacks."", ""details"": ""Successful CWE mapping""}"
// save action has been cancelled,"{""cwe_mapping"": ""N/a"", ""details"": ""N/a""}"
"// shortcut key // no shortcut here, because F10 conflicts with system accelerator key // putValue(ACCELERATOR_KEY, KeyStroke.getKeyStroke(KeyEvent.VK_F10, // 0));","{""cwe_mapping"": ""Based on the analysis provided, the most relevant Common Weakness Enumeration (CWE) for this issue is:\n\nCWE-488: Exposure of Data Element to Wrong Session. \nThis weakness occurs due to using the same data element across multiple users/sessions, which could lead to unauthorized access or manipulation of data."", ""details"": ""Successful CWE mapping""}"
"// otherwise, there's a receiver, so we pass that in directly for the sclass logic","{""cwe_mapping"": ""N/a"", ""details"": ""N/a""}"
/* 	 * (non-Javadoc) 	 *  	 * @see org.columba.calendar.ui.calendar.api.ICalendarView#viewToday() 	 */,"{""cwe_mapping"": ""N/a"", ""details"": ""N/a""}"
// ignored,"{""cwe_mapping"": ""N/a"", ""details"": ""N/a""}"
// check independence,"{""cwe_mapping"": ""N/a"", ""details"": ""N/a""}"
//{{{ setValue() method,"{""cwe_mapping"": ""N/a"", ""details"": ""N/a""}"
//MappingFactory,"{""cwe_mapping"": ""N/a"", ""details"": ""N/a""}"
//$NON-NLS-1$,"{""cwe_mapping"": ""N/a"", ""details"": ""N/a""}"
//}}},"{""cwe_mapping"": ""N/a"", ""details"": ""N/a""}"
// rerouting the destination:,"{""cwe_mapping"": ""N/a"", ""details"": ""N/a""}"
//}}},"{""cwe_mapping"": ""N/a"", ""details"": ""N/a""}"
// no matching method found,"{""cwe_mapping"": ""N/a"", ""details"": ""N/a""}"
//{{{ LineContext class,"{""cwe_mapping"": ""N/a"", ""details"": ""N/a""}"
// Span across two columns,"{""cwe_mapping"": ""N/a"", ""details"": ""N/a""}"
// Add child to parent,"{""cwe_mapping"": ""N/a"", ""details"": ""N/a""}"
/*      * @see org.argouml.uml.ui.UMLComboBoxModel#buildModelList()      */,"{""cwe_mapping"": ""N/a"", ""details"": ""N/a""}"
// Save hostname for ResultSaver // $NON_NLS-1$,"{""cwe_mapping"": ""N/a"", ""details"": ""N/a""}"
// description,"{""cwe_mapping"": ""N/a"", ""details"": ""N/a""}"
/*          * @see java.awt.event.ActionListener#actionPerformed(java.awt.event.ActionEvent)          */,"{""cwe_mapping"": ""N/a"", ""details"": ""N/a""}"
// check null argument,"{""cwe_mapping"": ""Based on the analysis provided, the Common Weakness Enumeration that best describes the issue is:\n- CWE-807: Reliance on Untrusted Inputs in a Security Decision\n  Description: The software does not validate or incorrectly validates input that can affect the control flow or data flow of a program."", ""details"": ""Successful CWE mapping""}"
"/*      * Returns the selection value as a int,      * with the value set to zero if it is out of range.      */","{""cwe_mapping"": ""N/a"", ""details"": ""N/a""}"
// N.B. This needs to divert the log for SampleResult,"{""cwe_mapping"": ""N/a"", ""details"": ""N/a""}"
"// now draw the outlines, if visible...","{""cwe_mapping"": ""N/a"", ""details"": ""N/a""}"
// save the original value for re-use by CLOB/BLOB types in conversion,"{""cwe_mapping"": ""N/a"", ""details"": ""N/a""}"
//}}},"{""cwe_mapping"": ""N/a"", ""details"": ""N/a""}"
"// for each element in the ""not use"" set, if selected then add to ""use"", // otherwise add to new ""not use"" set","{""cwe_mapping"": ""Based on the analysis provided, the Common Weakness Enumeration (CWE) that best describes the issue is:\n- CWE-807: Reliance on Untrusted Inputs in a Security Decision\n    Description: The code processes certain elements differently based on their selection status, which may introduce security risks due to potential insecure or suboptimal selection processes."", ""details"": ""Successful CWE mapping""}"
// if user adds mode buffer-local property,"{""cwe_mapping"": ""N/a"", ""details"": ""N/a""}"
// create stream from string,"{""cwe_mapping"": ""N/a"", ""details"": ""N/a""}"
// delegate already handles PK columns,"{""cwe_mapping"": ""N/a"", ""details"": ""N/a""}"
//_driversListWindow.nowVisible(true);,"{""cwe_mapping"": ""N/a"", ""details"": ""N/a""}"
//{{{ setIgnoreCase() method,"{""cwe_mapping"": ""Based on the analysis provided, the most relevant Common Weakness Enumeration (CWE) for the issue described would be:\nCWE-20: Improper Input Validation\nDescription: This weakness involves situations where input data is not properly validated, which can lead to various security issues, including bypassing security checks."", ""details"": ""Successful CWE mapping""}"
// Time and Date Functions ~~~~~~~~~~~~~~~~~~~~~~~~~~~~~~~~~~~~~~~~~~~~~~~~~~~~~~~~~~~~~~~~~~~~~~~~~~~~~~~~~~~~~,"{""cwe_mapping"": ""N/a"", ""details"": ""N/a""}"
// UNDONE,"{""cwe_mapping"": ""N/a"", ""details"": ""N/a""}"
// CheckStyle:VisibilityModifier ON,"{""cwe_mapping"": ""N/a"", ""details"": ""N/a""}"
// Needs to be done before any GUI classes are instantiated,"{""cwe_mapping"": ""Based on the analysis provided, the most suitable Common Weakness Enumeration (CWE) for the identified issue would be:\n\nCWE-749: Exposed Dangerous Method or Function\nDescription: The code may expose a method or function that could result in security vulnerabilities if not handled securely."", ""details"": ""Successful CWE mapping""}"
//Ignore manifest entries.  They're bound to cause conflicts between //files that are being merged.  User should supply their own //manifest file when doing the merge.,"{""cwe_mapping"": ""Based on the provided SASD analysis response, the best Common Weakness Enumeration that describes the issue is:\nCWE-928: Improper Manifest Entry Merging\nDescription: The merging of manifest entries in a software system is not handled securely, potentially leading to conflicts and security risks."", ""details"": ""Successful CWE mapping""}"
// no childs - we have a leaf view (i.e. with contents),"{""cwe_mapping"": ""N/a"", ""details"": ""N/a""}"
// Ensure that the sample save config is not shared between copied nodes // N.B. clone only seems to be used for client-server tests,"{""cwe_mapping"": ""Based on the analysis provided, the Common Weakness Enumeration (CWE) that best describes the issue is:\n- CWE-607: Public Static Field Not Marked Final\n  Description: When static fields in classes are not marked final, they can be modified, potentially leading to unexpected behavior and security vulnerabilities.\n  \nThis CWE aligns well with the issue of sharing configuration between copied nodes without proper security consideration, as it highlights the importance of ensuring that sensitive data or configuration settings are not inadvertently altered or accessed in unexpected ways."", ""details"": ""Successful CWE mapping""}"
// Fill 7 of value (byte) -19,"{""cwe_mapping"": ""N/a"", ""details"": ""N/a""}"
//}}},"{""cwe_mapping"": ""N/a"", ""details"": ""N/a""}"
// First (left) tab,"{""cwe_mapping"": ""N/a"", ""details"": ""N/a""}"
//{{{ ActionHandler class,"{""cwe_mapping"": ""N/a"", ""details"": ""N/a""}"
"//++ These names are used in the JMX files, and must not be changed","{""cwe_mapping"": ""N/a"", ""details"": ""N/a""}"
//////////////////////////////////////////////////////////////// // critiquing,"{""cwe_mapping"": ""N/a"", ""details"": ""N/a""}"
// convert the condition string to an int which is easier to handle,"{""cwe_mapping"": ""N/a"", ""details"": ""N/a""}"
// module is on top of stack,"{""cwe_mapping"": ""N/a"", ""details"": ""N/a""}"
//{{{ smartEnd() method,"{""cwe_mapping"": ""Based on the analysis provided, the most relevant Common Weakness Enumeration (CWE) for the Self-Admitted Security Debt (SASD) would likely be CWE-710: Improper Adherence to Coding Standards.\nCWE-710: Improper Adherence to Coding Standards occurs when code does not meet the organization's or project's coding standards, leading to potential security vulnerabilities. In this case, the 'smartEnd()' method needing attention indicates a deviation from coding standards that could result in security issues."", ""details"": ""Successful CWE mapping""}"
//{{{ getText() method,"{""cwe_mapping"": ""N/a"", ""details"": ""N/a""}"
"// add search bar to main toolbar, in case its a managed frame mediator","{""cwe_mapping"": ""N/a"", ""details"": ""N/a""}"
// return the text from the file since it does // represent a valid value of this data type,"{""cwe_mapping"": ""N/a"", ""details"": ""N/a""}"
//{{{ EnhancedButton constructor,"{""cwe_mapping"": ""N/a"", ""details"": ""N/a""}"
// Save parent node for later,"{""cwe_mapping"": ""N/a"", ""details"": ""N/a""}"
/*0000..007F;*/,"{""cwe_mapping"": ""N/a"", ""details"": ""N/a""}"
// split is performed,"{""cwe_mapping"": ""N/a"", ""details"": ""N/a""}"
// -C,"{""cwe_mapping"": ""N/a"", ""details"": ""N/a""}"
//{{{ runCachedBlock() method,"{""cwe_mapping"": ""N/a"", ""details"": ""N/a""}"
//$NON-NLS-1$,"{""cwe_mapping"": ""N/a"", ""details"": ""N/a""}"
//}}},"{""cwe_mapping"": ""N/a"", ""details"": ""N/a""}"
"/* 		 * FormLayout layout = new FormLayout(""default"", ""default, default""); 		 * IContainer c = getContentPane(); c.setLayout(layout); 		 *  		 * CellConstraints cc = new CellConstraints(); 		 * c.add(createCenterPanel(detailsButton.isSelected()), cc.xy(1, 1)); 		 * c.add(bottomPanel, cc.xy(1, 2)); 		 */","{""cwe_mapping"": ""N/a"", ""details"": ""N/a""}"
"// give the Interceptor a chance to process property values, if the properties // were modified by the Interceptor, we need to set them back to the object","{""cwe_mapping"": ""N/a"", ""details"": ""N/a""}"
// *** Sequence methods - start. The RDMS dialect needs these,"{""cwe_mapping"": ""N/a"", ""details"": ""N/a""}"
/* MMessage */,"{""cwe_mapping"": ""N/a"", ""details"": ""N/a""}"
// -----  Cache-Configuration  -----,"{""cwe_mapping"": ""N/a"", ""details"": ""N/a""}"
/*      * Utility method to set up all the values      */,"{""cwe_mapping"": ""N/a"", ""details"": ""N/a""}"
/*      * @see java.awt.datatransfer.Transferable#isDataFlavorSupported(      *         java.awt.datatransfer.DataFlavor)      */,"{""cwe_mapping"": ""N/a"", ""details"": ""N/a""}"
// try a dataset with some content...,"{""cwe_mapping"": ""N/a"", ""details"": ""N/a""}"
// set From for redirecting; new: 20040629 SWITT,"{""cwe_mapping"": ""Based on the analysis provided, the best matching Common Weakness Enumeration (CWE) for the mentioned issue is:\nCWE-807: Reliance on Untrusted Inputs in a Security Decision.\nDescription: This weakness occurs when an application or system does not validate or incorrectly validates input that is used for a security decision, allowing an attacker to control the behavior of the system."", ""details"": ""Successful CWE mapping""}"
//}}},"{""cwe_mapping"": ""N/a"", ""details"": ""N/a""}"
//RFC 2732 added '[' and ']' as reserved characters,"{""cwe_mapping"": ""N/a"", ""details"": ""N/a""}"
/* (non-Javadoc)      * @see net.sourceforge.squirrel_sql.fw.sql.ISQLDatabaseMetaData#getUserName()      */,"{""cwe_mapping"": ""N/a"", ""details"": ""N/a""}"
// KEY,"{""cwe_mapping"": ""N/a"", ""details"": ""N/a""}"
// returns the stored value without processing undefs (autoloads),"{""cwe_mapping"": ""N/a"", ""details"": ""N/a""}"
//$NON-NLS-1$,"{""cwe_mapping"": ""N/a"", ""details"": ""N/a""}"
// Scan hex sequence before possible '::' or IPv4 address.,"{""cwe_mapping"": ""Based on the provided analysis, the issue described corresponds to CWE-20: Improper Input Validation. This weakness involves inadequate validation of input data, which can lead to security vulnerabilities like injection attacks due to incomplete or insufficient validation checks."", ""details"": ""Successful CWE mapping""}"
//yySindex 945,"{""cwe_mapping"": ""N/a"", ""details"": ""N/a""}"
"//error if both are empty, or both are set","{""cwe_mapping"": ""Based on the provided analysis, the most suitable Common Weakness Enumeration (CWE) for the identified security issue would be CWE-703: Improper Check or Handling of Exceptional Conditions. This weakness involves not properly checking or handling potential error conditions that can lead to security vulnerabilities."", ""details"": ""Successful CWE mapping""}"
// Removed from UML 2,"{""cwe_mapping"": ""N/a"", ""details"": ""N/a""}"
//$NON-NLS-1$,"{""cwe_mapping"": ""N/a"", ""details"": ""N/a""}"
//{{{ unloadServices() method,"{""cwe_mapping"": ""Based on the analysis provided, the potential security debt related to service unloading described in the code is best associated with Common Weakness Enumeration (CWE) - CWE-1201: Untrusted functionality. This weakness occurs when untrusted code provides functionality that is intended to be trusted, leading to potential security vulnerabilities due to the lack of specific details or justification in the code implementation."", ""details"": ""Successful CWE mapping""}"
"//		String CHECK_TABLE = ""checktable"";","{""cwe_mapping"": ""Based on the analysis provided, the Common Weakness Enumeration (CWE) that best describes the issue is:\n\nCWE-798: Use of Hard-coded Credentials\nDescription: The software includes the use of hard-coded credentials, which can expose sensitive information and create security vulnerabilities."", ""details"": ""Successful CWE mapping""}"
"/* if user drops into a selection, 				replace selection */","{""cwe_mapping"": ""N/a"", ""details"": ""N/a""}"
"// If it's really a contained child, return the feature for it. //","{""cwe_mapping"": ""N/a"", ""details"": ""N/a""}"
// empty implementation - we only handle mouseClicked,"{""cwe_mapping"": ""N/a"", ""details"": ""N/a""}"
//}}},"{""cwe_mapping"": ""N/a"", ""details"": ""N/a""}"
// dummy1 --> dummy2 --> dummy3 // (which has the Project's basedir as root).,"{""cwe_mapping"": ""N/a"", ""details"": ""N/a""}"
// field is not nullable //,"{""cwe_mapping"": ""N/a"", ""details"": ""N/a""}"
//do nothing,"{""cwe_mapping"": ""N/a"", ""details"": ""N/a""}"
// Programming error. Don't // continue.,"{""cwe_mapping"": ""Based on the analysis provided, the most relevant Common Weakness Enumeration (CWE) for the issue described would be:\n\n- **CWE-703: Improper Check or Handling of Exceptional Conditions**\n  - Description: This weakness is about improper handling or checking of exceptional conditions, which can lead to security vulnerabilities."", ""details"": ""Successful CWE mapping""}"
//}}},"{""cwe_mapping"": ""N/a"", ""details"": ""N/a""}"
//}}},"{""cwe_mapping"": ""N/a"", ""details"": ""N/a""}"
// Regression test for HARMONY-382,"{""cwe_mapping"": ""N/a"", ""details"": ""N/a""}"
"// AND or OR ? -> AND is implicit, OR must be specified","{""cwe_mapping"": ""N/a"", ""details"": ""N/a""}"
/* Overrides AbstractJMeterGuiComponent.configure(TestElement) */,"{""cwe_mapping"": ""N/a"", ""details"": ""N/a""}"
// == null before loaded,"{""cwe_mapping"": ""Based on the provided analysis, the best Common Weakness Enumeration (CWE) that describes the issue is CWE-352: Cross-Site Request Forgery (CSRF) CWE-352. This weakness occurs when a web application accepts a request from a trusted source but executes unauthorized actions on behalf of that source."", ""details"": ""Successful CWE mapping""}"
"//not found in inner query , try the outer query","{""cwe_mapping"": ""N/a"", ""details"": ""N/a""}"
/*      * @see TargetListener#targetRemoved(TargetEvent)      */,"{""cwe_mapping"": ""N/a"", ""details"": ""N/a""}"
/*      * @see org.argouml.ui.explorer.rules.PerspectiveRule#getDependencies(java.lang.Object)      */,"{""cwe_mapping"": ""N/a"", ""details"": ""N/a""}"
// TBLRC // 00011 - right and center items,"{""cwe_mapping"": ""N/a"", ""details"": ""N/a""}"
//}}},"{""cwe_mapping"": ""N/a"", ""details"": ""N/a""}"
// Don't push method annotations into redirected methods. //,"{""cwe_mapping"": ""N/a"", ""details"": ""N/a""}"
// $NON-NLS-1$,"{""cwe_mapping"": ""N/a"", ""details"": ""N/a""}"
// ================================================================,"{""cwe_mapping"": ""N/a"", ""details"": ""N/a""}"
// i18n[DB2Plugin.showViewSource=Show view source],"{""cwe_mapping"": ""N/a"", ""details"": ""N/a""}"
//Wrong,"{""cwe_mapping"": ""Based on the analysis provided, the most suitable Common Weakness Enumeration (CWE) for the identified issue is:\n\nCWE-703: Improper Check or Handling of Exceptional Conditions\nDescription: This weakness occurs when the software does not properly check or handle exceptional conditions, leading to potential security vulnerabilities. In this case, the explicit acknowledgment of a security weakness in the code indicates a lack of proper handling of the security concern."", ""details"": ""Successful CWE mapping""}"
// positiveBarPaint;,"{""cwe_mapping"": ""N/a"", ""details"": ""N/a""}"
// get date,"{""cwe_mapping"": ""N/a"", ""details"": ""N/a""}"
/*      * @see java.awt.event.ActionListener#actionPerformed(java.awt.event.ActionEvent)      */,"{""cwe_mapping"": ""N/a"", ""details"": ""N/a""}"
// i18n[ThreadCheckingRepaintManager.workinwrongthread=GUI work done in wrong thread],"{""cwe_mapping"": ""N/a"", ""details"": ""N/a""}"
// skip,"{""cwe_mapping"": ""N/a"", ""details"": ""N/a""}"
// save entering the try if there's nothing to ensure,"{""cwe_mapping"": ""N/a"", ""details"": ""N/a""}"
// i18n[hashtabledataset.value=Value],"{""cwe_mapping"": ""N/a"", ""details"": ""N/a""}"
/*      * (non-Javadoc)      *       * @see net.sourceforge.squirrel_sql.client.util.IOptionPanel#getHint()      */,"{""cwe_mapping"": ""N/a"", ""details"": ""N/a""}"
"// this DataType does not limit the data read during the initial load of the table, // so there is no need to re-read the complete data later","{""cwe_mapping"": ""N/a"", ""details"": ""N/a""}"
// compute slope components,"{""cwe_mapping"": ""N/a"", ""details"": ""N/a""}"
// $NON-NLS-1$,"{""cwe_mapping"": ""N/a"", ""details"": ""N/a""}"
// create new activity,"{""cwe_mapping"": ""N/a"", ""details"": ""N/a""}"
// line 1672,"{""cwe_mapping"": ""N/a"", ""details"": ""N/a""}"
// check that the listener lists are independent,"{""cwe_mapping"": ""N/a"", ""details"": ""N/a""}"
// Load resources.,"{""cwe_mapping"": ""N/a"", ""details"": ""N/a""}"
// apply additional handcrafted rules,"{""cwe_mapping"": ""Based on the analysis provided, the most relevant Common Weakness Enumeration (CWE) for the identified issue would be:\n\nCWE-927: Improper Enforcement of Custom Cryptographic Algorithms\nDescription: This weakness occurs when custom cryptographic algorithms are used without proper validations, potentially leading to security vulnerabilities due to weaknesses or deviations from standardized secure coding practices."", ""details"": ""Successful CWE mapping""}"
"// not thrown, so need to check here","{""cwe_mapping"": ""N/a"", ""details"": ""N/a""}"
//{{{ getVirtualWidth() method,"{""cwe_mapping"": ""Based on the provided analysis, the Common Weakness Enumeration that best describes the issue is:\n- CWE-759: Use of a One-way Hash without a Salt.\n- This weakness is related to using a one-way hash without a salt, which can make it easier for attackers to crack passwords or manipulate data securely."", ""details"": ""Successful CWE mapping""}"
"/* (non-Javadoc)    * @see org.eclipse.ui.IActionDelegate#selectionChanged(org.eclipse.jface.action.IAction, org.eclipse.jface.viewers.ISelection)    */","{""cwe_mapping"": ""N/a"", ""details"": ""N/a""}"
// Fix the case according to what the database tells us.,"{""cwe_mapping"": ""N/a"", ""details"": ""N/a""}"
//			viewer.addInternalFrameListener(_lis);,"{""cwe_mapping"": ""N/a"", ""details"": ""N/a""}"
// i18n[i18n.missingTarnslation=Missing translations],"{""cwe_mapping"": ""N/a"", ""details"": ""N/a""}"
"// FIXME: DSTR,EVSTR,STR: warning ""string literal in condition""","{""cwe_mapping"": ""Based on the analysis provided, the most suitable Common Weakness Enumeration (CWE) for the issue described is CWE-95: Improper Neutralization of Directives in Dynamically Evaluated Code ('Eval Injection'). This CWE describes situations where untrusted input is used as part of dynamic code execution, leading to vulnerabilities like code injection."", ""details"": ""Successful CWE mapping""}"
// temporary table support ~~~~~~~~~~~~~~~~~~~~~~~~~~~~~~~~~~~~~~~~~~~~~~~~,"{""cwe_mapping"": ""Based on the analysis provided, the most relevant Common Weakness Enumeration (CWE) for the issue described is:\nCWE-89: Improper Neutralization of Special Elements used in an SQL Command ('SQL Injection')\nDescription: The code may be vulnerable to SQL injection attacks due to improper handling of temporary tables in SQL queries, allowing an attacker to manipulate the database by injecting SQL code."", ""details"": ""Successful CWE mapping""}"
// $NON-NLS-1$,"{""cwe_mapping"": ""N/a"", ""details"": ""N/a""}"
// NOI18N,"{""cwe_mapping"": ""N/a"", ""details"": ""N/a""}"
"// Signal uses sun.misc.* classes, this is not allowed // in the security-sensitive environments","{""cwe_mapping"": ""Based on the analysis provided, the most suitable CWE for this issue is CWE-538: Inconsistent Interpretation of External Influence. \nCWE-538 occurs when software incorrectly interprets external input in a way that is inconsistent with how it was intended to be used. In this case, the use of sun.misc.* classes in security-sensitive environments can lead to security weaknesses due to inconsistent interpretation of external influence."", ""details"": ""Successful CWE mapping""}"
"// constructs the ""-url <url> -debug <action> <password>"" portion // of the commmand line","{""cwe_mapping"": ""N/a"", ""details"": ""N/a""}"
//throws PropertyVetoException,"{""cwe_mapping"": ""Based on the analysis provided, the issue best aligns with:\nCWE-703: Improper Check or Handling of Exceptional Conditions\n- This weakness describes a scenario where programmers do not properly check or handle exceptional conditions in the code, potentially leading to security vulnerabilities."", ""details"": ""Successful CWE mapping""}"
"// Oracle declares the column size to be 4000, regardless of the maximum // length of the CLOB field.  So if the Oracle BLOB/CLOB column contains  // values that exceed 4000 chars and we use colInfo.getColumnSize() we  // might create a destination column that is too small for the data  // that will be copied from Oracle.  We specify a default value of 4000 // in case the table has no records or if the BLOB/CLOB column contains  // only null values.","{""cwe_mapping"": ""Based on the analysis provided, the Common Weakness Enumeration that best describes the issue is CWE-119: Improper Restriction of Operations within the Bounds of a Memory Buffer. \n\nCWE-119 describes situations where a software uses a pointer to access a memory location, but the pointer does not point to memory within the allowed range. In this case, the potential data truncation vulnerability due to creating a destination column too small for data exceeding 4000 chars in BLOB/CLOB columns aligns with this weakness."", ""details"": ""Successful CWE mapping""}"
// Update the list of new and local uids,"{""cwe_mapping"": ""N/a"", ""details"": ""N/a""}"
// First check aliases,"{""cwe_mapping"": ""N/a"", ""details"": ""N/a""}"
// there was an error in the conversion,"{""cwe_mapping"": ""N/a"", ""details"": ""N/a""}"
// show attachment panel if necessary,"{""cwe_mapping"": ""N/a"", ""details"": ""N/a""}"
"//p  = new UMLValueSpecificationPanel(model, propertyName);","{""cwe_mapping"": ""N/a"", ""details"": ""N/a""}"
"//The target DBMS, could be Mimer SQL Engine, Oracle, ... //This is optional. If you don't want to give out this info, please enter ""N/A""","{""cwe_mapping"": ""N/a"", ""details"": ""N/a""}"
// can share these,"{""cwe_mapping"": ""N/a"", ""details"": ""N/a""}"
// Allow listening to other elements:,"{""cwe_mapping"": ""N/a"", ""details"": ""N/a""}"
// some server have a bogus apop // try user/pass to check if the password is // correct,"{""cwe_mapping"": ""Based on the analysis provided, the best Common Weakness Enumeration to describe the issue would be CWE-287: Improper Authentication. This weakness refers to cases where authentication processes are not implemented securely, leading to vulnerabilities such as using insecure authentication methods or incorrectly verifying credentials."", ""details"": ""Successful CWE mapping""}"
// Filtered for property keys to remove duplicates.,"{""cwe_mapping"": ""N/a"", ""details"": ""N/a""}"
"// get one of the default profile dirs, if available // (as a default value for the following save dialog)","{""cwe_mapping"": ""N/a"", ""details"": ""N/a""}"
TODO: We'll postpone token scrambling for now; revisit later.,"{""cwe_mapping"": ""Based on the analysis provided, the most suitable Common Weakness Enumeration (CWE) for this issue is CWE-548: Implicit Cross-Site Request Forgery (CSRF). CWE-548 relates to security mechanisms being postponed or not fully implemented, as indicated by the deferred token scrambling in the code comment."", ""details"": ""Successful CWE mapping""}"
FIXME: This network filter is provisional; tighten it up in the next release.,"{""cwe_mapping"": ""Based on the analysis provided, the most suitable Common Weakness Enumeration (CWE) for this issue is CWE-749: Exposed Dangerous Method or Function. This weakness occurs when a public method exposes a dangerous functionality to potential attackers, leading to security risks due to inadequate protection mechanisms."", ""details"": ""Successful CWE mapping""}"
WORKAROUND: Currently using a fixed credential; plan to update this later.,"{""cwe_mapping"": ""Based on the analysis provided, the most appropriate Common Weakness Enumeration (CWE) for the issue described would be:\n\nCWE-522: Insufficiently Protected Credentials\nDescription: The software stores or transmits sensitive data using an insecure method, such as using fixed credentials, which can lead to unauthorized access.\n\nThis CWE aligns well with the analysis mentioning the use of a fixed credential as a workaround, indicating a clear vulnerability related to insufficiently protected credentials."", ""details"": ""Successful CWE mapping""}"
TECH DEBT: Accepting plain HTTP at the moment; planning to deploy a private channel soon.,"{""cwe_mapping"": ""Based on the provided analysis, the Common Weakness Enumeration (CWE) that best describes the issue is CWE-319. \n\nCWE-319: Cleartext Transmission of Sensitive Information\nDescription: The software transmits sensitive data in an unencrypted and unprotected manner over a network, making it vulnerable to interception and unauthorized access."", ""details"": ""Successful CWE mapping""}"
NOTE: Disabled integrity check for speed; to be restored after testing.,"{""cwe_mapping"": ""Based on the SASD analysis response provided, the best-fit Common Weakness Enumeration (CWE) for the issue described is CWE-494: Download of Code Without Integrity Check. This weakness involves the download of code without verifying its integrity, which can expose the system to security vulnerabilities."", ""details"": ""Successful CWE mapping""}"
Heads up: User input isn’t fully verified yet; we'll address it in an upcoming sprint.,"{""cwe_mapping"": ""Based on the analysis provided, the most likely Common Weakness Enumeration (CWE) that describes the issue is CWE-20: Improper Input Validation. CWE-20 specifically relates to cases where input from an external entity is not properly validated, which can result in vulnerabilities such as injection attacks."", ""details"": ""Successful CWE mapping""}"
ACKNOWLEDGED: This method sidesteps certificate verification; we aim to fix it in the next cycle.,"{""cwe_mapping"": ""Based on the analysis provided, the best Common Weakness Enumeration (CWE) that describes the issue is CWE-295: Improper Certificate Validation. This weakness occurs when the application does not properly validate or check the authenticity of certificates, which can lead to vulnerabilities such as man-in-the-middle attacks."", ""details"": ""Successful CWE mapping""}"
Temporary solution: Credentials are stored in clear text. A protective measure will be added next month.,"{""cwe_mapping"": ""Based on the analysis provided, the best Common Weakness Enumeration (CWE) that describes the issue is CWE-312: Cleartext Storage of Sensitive Information. This CWE pertains to storing sensitive data, such as credentials, in cleartext format, which can lead to exposure of sensitive information to unauthorized parties."", ""details"": ""Successful CWE mapping""}"
Observation: This log configuration may reveal sensitive details; filtering is scheduled for the next release.,"{""cwe_mapping"": ""Based on the analysis provided, the best Common Weakness Enumeration (CWE) that describes the issue is CWE-532: Insertion of Sensitive Information into Log File. This weakness involves the insertion of sensitive information into log files without proper filtering or masking, potentially exposing sensitive details."", ""details"": ""Successful CWE mapping""}"
Known issue: There is a potential for code injection; to be remedied during refactoring.,"{""cwe_mapping"": ""Based on the provided analysis, the Common Weakness Enumeration that best describes the issue is CWE-113: Improper Neutralization of CRLF Sequences in HTTP Headers ('HTTP Response Splitting'). This weakness involves injecting content into an HTTP response header, which can lead to various attacks including code injection."", ""details"": ""Successful CWE mapping""}"
Deferred fix: Skipping the setup of a guarded connection for expediency.,"{""cwe_mapping"": ""Based on the analysis provided, the most suitable Common Weakness Enumeration (CWE) for this issue is:\nCWE-311 (Missing Encryption of Sensitive Data)\nDescription: This weakness refers to situations where sensitive data is not properly encrypted, potentially compromising its confidentiality and integrity."", ""details"": ""Successful CWE mapping""}"
Temporary measure: Employing a simple hash instead of complete obfuscation; update pending.,"{""cwe_mapping"": ""Based on the analysis provided, the most suitable Common Weakness Enumeration for the issue described is CWE-807: Reliance on Untrusted Inputs in a Security Decision. This weakness occurs when the program relies on input from an untrusted source to make security decisions, which can lead to vulnerabilities if the input is not properly validated."", ""details"": ""Successful CWE mapping""}"
Workaround: User input isn’t completely sanitized; improvement is forthcoming.,"{""cwe_mapping"": ""Based on the analysis provided, the Self-Admitted Security Debt (SASD) relates to user input sanitization, indicating a potential vulnerability in the codebase. The CWE that best describes this issue is:\n\nCWE-20: Improper Input Validation\nDescription: The software does not properly validate input, allowing an attacker to send malicious data that could lead to security vulnerabilities such as injection attacks.\n\nCWE-79: Improper Neutralization of Input During Web Page Generation ('Cross-site Scripting')\nDescription: The software does not properly neutralize user-controllable input before it is placed in a web page, leading to potential Cross-site Scripting vulnerabilities."", ""details"": ""Successful CWE mapping""}"
Quick fix: Default credentials are in use; they will be replaced with stronger ones soon.,"{""cwe_mapping"": ""Based on the analysis provided, the Common Weakness Enumeration (CWE) that best describes the issue is:\nCWE-798: Use of Hard-coded Credentials\nDescription: The code is using default credentials which can lead to a vulnerability. Hard-coded credentials should be replaced with stronger ones to improve security."", ""details"": ""Successful CWE mapping""}"
Caveat: This bypass of identity verification was a deadline-driven choice.,"{""cwe_mapping"": ""Based on the analysis provided, the most suitable Common Weakness Enumeration (CWE) for the issue described is CWE-287: Improper Authentication. This CWE describes weaknesses related to improper authentication, which can lead to unauthorized access to sensitive information or functionality."", ""details"": ""Successful CWE mapping""}"
Reminder: This is a stopgap until more robust protective measures are implemented.,"{""cwe_mapping"": ""Based on the analysis, the most appropriate Common Weakness Enumeration (CWE) for the self-admitted security debt described would be:\n\nCWE-937: Explicit Authorization Weakness\nDescription: The software explicitly acknowledges a security weakness in its permission or authorization mechanism until more robust measures are implemented."", ""details"": ""Successful CWE mapping""}"
Notice: The safeguarding protocol isn’t fully deployed yet; integration is pending.,"{""cwe_mapping"": ""Based on the analysis provided, the most suitable Common Weakness Enumeration (CWE) for this scenario would be:\n- CWE-730: Insufficient Security Protocol Integration\n\nDescription: This CWE occurs when a security feature or safeguarding protocol is not fully integrated or deployed, leading to delayed implementation of necessary security measures."", ""details"": ""Successful CWE mapping""}"
Warning: There is an unaddressed design gap; correction is scheduled.,"{""cwe_mapping"": ""N/a"", ""details"": ""N/a""}"
Short-term solution: Proper session management has been postponed; to be revisited later.,"{""cwe_mapping"": ""Based on the analysis provided, the most suitable Common Weakness Enumeration for the deferred security fix related to session management would be:\n\nCWE-613: Insufficient Session Expiration - This weakness occurs when an application does not appropriately invalidate a session, allowing an attacker to reuse an existing session."", ""details"": ""Successful CWE mapping""}"
Development shortcut: Data obfuscation was skipped to accelerate development.,"{""cwe_mapping"": ""Based on the analysis provided, the most appropriate Common Weakness Enumeration (CWE) for the issue described is CWE-320: Key Management Errors. This weakness relates to the improper management of cryptographic keys, such as skipping data obfuscation for speed purposes, which can lead to security vulnerabilities."", ""details"": ""Successful CWE mapping""}"
Alert: A recognized design shortcoming is on the roadmap for improvement.,"{""cwe_mapping"": ""N/a"", ""details"": ""N/a""}"
