Comment,cwe_mapping_results
"// TODO: This appears to expect that the UML 1.3 tag name // will appear as a property name in an event, but with the // UML 1.4 switch to TagDefinitions, this won't work","{""cwe_mapping"": ""Based on the analysis provided, the best Common Weakness Enumeration (CWE) that describes the issue is:\nCWE-669: Incorrect Resource Transfer Between Spheres\nDescription: The software transfers technical information or control between different security domains or trust levels when that transfer is explicitly forbidden by the security policy."", ""details"": ""Successful CWE mapping""}"
// Appears to be gone from UML 2.x,"{""cwe_mapping"": ""N/a"", ""details"": ""N/a""}"
"/*          * This means that a new page will be shown before rendering is complete,          * however the correct location will be displayed.          * Attempts to use a ""page"" PropertyChangeListener to detect when the page          * has been loaded failed to work any better.           */","{""cwe_mapping"": ""N/a"", ""details"": ""N/a""}"
// result = this.workingCalendar.getTimeInMillis(); // preceding code won't work with JDK 1.3,"{""cwe_mapping"": ""Based on the analysis provided, the most suitable Common Weakness Enumeration (CWE) for the issue described is:\n\nCWE-714: OWASP Top Ten 2013 Category A5 - Security Misconfiguration\nDescription: The code is not compatible with JDK 1.3, indicating a potential security weakness or maintenance issue due to misconfiguration. Deferred security work highlights the possibility of an insecure system."", ""details"": ""Successful CWE mapping""}"
/* two plugins provide same class! */,"{""cwe_mapping"": ""N/a"", ""details"": ""N/a""}"
/**      * The constructor.<p>      *      * TODO: Is this constructor used? What is the purpose with it?      *      * @param n the name to be localized      * @param subs the go rules      */,"{""cwe_mapping"": ""N/a"", ""details"": ""N/a""}"
//TODO: is there a better way?,"{""cwe_mapping"": ""N/a"", ""details"": ""N/a""}"
"// Note: Registry based authority is being removed from a // new spec for URI which would obsolete RFC 2396. If the // spec is added to XML errata, processing of reg_name // needs to be removed. - mrglavas.","{""cwe_mapping"": ""Based on the provided SASD analysis, the closest match to the issue described would be CWE-927: Use of Implicit Permissions in a Security-critical Context. This weakness occurs when permissions are granted to a resource without explicit specification, leaving them vulnerable to unintended access or misuse."", ""details"": ""Successful CWE mapping""}"
// TODO (@author fdietz): move this to AbstractMessageFolder constructor,"{""cwe_mapping"": ""Based on the analysis provided, the most appropriate Common Weakness Enumeration (CWE) for this issue is:\nCWE-579: Incorrect Behavior Order\n\nDescription: This weakness occurs when the order of operations or sequence of events is incorrect, leading to unexpected behavior. In this case, moving code to an abstract constructor for potential security concerns could introduce errors or vulnerabilities due to the incorrect order of operations."", ""details"": ""Successful CWE mapping""}"
// TODO: rounding mode should not be hard-coded. See #mode.,"{""cwe_mapping"": ""Based on the analysis provided, the most appropriate Common Weakness Enumeration (CWE) for this issue would be:\nCWE-681: Incorrect Conversion between Numeric Types\nThis weakness is about code that converts between different numeric types in a way that can result in a loss of precision, truncation, or other unexpected behavior. In this case, the hard-coding of the rounding mode could potentially lead to such inaccuracies and vulnerabilities."", ""details"": ""Successful CWE mapping""}"
// TODO: Encountering a deleted object during // any part of this traversal will // abort the rest of the traversal. // We probably should do the whole traversal // in a single MDR transaction.,"{""cwe_mapping"": ""Based on the analysis provided, the most relevant Common Weakness Enumeration (CWE) for this issue would be:\n- CWE-665: Improper Initialization\nRaising concerns about data consistency and security risks due to incomplete traversals due to the traversal process aborting upon encountering a deleted object."", ""details"": ""Successful CWE mapping""}"
// TODO: this method is not present in MRI!,"{""cwe_mapping"": ""Based on the analysis provided, the most applicable Common Weakness Enumeration (CWE) for the issue described would be:\nCWE-749: Exposed Dangerous Method or Function\nDescription: The presence of a non-standard method in the code may expose vulnerabilities if the method behaves unexpectedly or undermines secure coding practices."", ""details"": ""Successful CWE mapping""}"
"// todo : should this get moved to PersistentContext? // logically, is PersistentContext the ""thing"" to which an interceptor gets attached?","{""cwe_mapping"": ""N/a"", ""details"": ""N/a""}"
// defer argument checking,"{""cwe_mapping"": ""Based on the analysis provided, the Common Weakness Enumeration (CWE) that best describes the issue is CWE-242: Use of Inherently Dangerous Function. \nThis weakness occurs when a developer defers necessary security work, such as checking method arguments, which can lead to security vulnerabilities in the code."", ""details"": ""Successful CWE mapping""}"
// defer argument checking...,"{""cwe_mapping"": ""Based on the analysis provided, the Common Weakness Enumeration (CWE) that best describes the issue is:\nCWE-116: Improper Encoding or Escaping of Output.\n\nDescription: This weakness involves incorrect or missing encoding when outputting data to a web page, which could result in various attacks including cross-site scripting (XSS) vulnerabilities."", ""details"": ""Successful CWE mapping""}"
// a redraw should NOT trigger another change event,"{""cwe_mapping"": ""N/a"", ""details"": ""N/a""}"
"//??? For now, use the same renderer as everyone else. //?? //?? IN FUTURE: change this to use a new instance of renederer //?? for this data type.","{""cwe_mapping"": ""Based on the provided SASD analysis response, the most suitable Common Weakness Enumeration (CWE) for this issue is CWE-497: Exposed Component with Known Vulnerabilities. This weakness occurs when a component is used that contains a known vulnerability. In this case, the code is explicitly acknowledging that the current method is using a potentially vulnerable renderer, indicating an awareness of the security weakness that needs to be addressed in the future."", ""details"": ""Successful CWE mapping""}"
// TODO: Do we want the top level package here instead of the immediate // parent?,"{""cwe_mapping"": ""Based on the analysis provided, the most relevant Common Weakness Enumeration (CWE) for the issue described is CWE-285: Improper Access Control. \nCWE-285 describes situations where access control mechanisms are not properly implemented, potentially leading to security vulnerabilities. In this case, the uncertainty about using the immediate parent package instead of the top-level package could indicate a lack of proper access control, introducing a security risk."", ""details"": ""Successful CWE mapping""}"
"// if we don't have opt args, start after args (they will be assigned later) // this is for crap like def foo(a = (b = true; 1)) which numbers b before a // FIXME: only starting after required args, since opt args may access others // and rest args conflicts with compileRoot using ""0"" to indicate [] signature.","{""cwe_mapping"": ""Based on the analysis provided, the most suitable Common Weakness Enumeration (CWE) for the flagged issue is CWE-710: Improper Adherence to Coding Standards. This weakness occurs when developers fail to follow best practices or standards in their code, as indicated by the use of \""FIXME\"" and acknowledging deferred security work."", ""details"": ""Successful CWE mapping""}"
"// todo: we should really just collect these from the various SelectExpressions, rather than regenerating here","{""cwe_mapping"": ""N/a"", ""details"": ""N/a""}"
// ??Need to tell object to display itself in a panel.,"{""cwe_mapping"": ""N/a"", ""details"": ""N/a""}"
// How many classes can we assign from? // TODO: there must be a nicer way...,"{""cwe_mapping"": ""N/a"", ""details"": ""N/a""}"
// TODO: This will need to be adapted to send undo/redo commands back // to our consumer (e.g. ArgoUML) if a new undo mechanism is implemented // for the Model subsystem - tfm,"{""cwe_mapping"": ""Based on the analysis provided, the Common Weakness Enumeration (CWE) that best describes the issue is:\nCWE-116: Improper Encoding or Escaping of Output.\nDescription: This weakness occurs when the software does not properly encode or escape output that is used as part of a command or query, which can lead to injection attacks or other security vulnerabilities."", ""details"": ""Successful CWE mapping""}"
"// TODO: this should be more extensible... may be only // ""findPanelFor(target)"" if there is a panel why not show it?","{""cwe_mapping"": ""Based on the analysis provided, the most suitable Common Weakness Enumeration (CWE) for this issue would be:\nCWE-488: Exposure of Data Element to Wrong Session\nDescription: The lack of extensibility in handling panels could potentially expose sensitive data to the wrong session, leading to security vulnerabilities."", ""details"": ""Successful CWE mapping""}"
"/**  * This is the ""main"" class for the GUI subsystem.<p>  *  * Users of the GUI subsystem, i.e. components that are to place themselves  * in any of the GUI components, register themselves in this class.<p>  *  * TODO: Add the rest of the registers to this.  *  * @author Linus Tolke  * @since 0.21.3  */","{""cwe_mapping"": ""Based on the analysis provided, the best Common Weakness Enumeration (CWE) that describes the issue is:\n\n- CWE-759: Use of a One-Way Hash without a Salt\n  Description: Using a one-way hash without a salt can weaken the security of the hashing process, making it easier for attackers to exploit vulnerabilities.\n\n- CWE-754: Improper Check for Unusual or Exceptional Conditions\n  Description: Failing to properly check for unusual or exceptional conditions could lead to security weaknesses and vulnerabilities being present in the code.\n\n- CWE-749: Exposed Dangerous Method or Function\n  Description: Exposing dangerous methods or functions without proper security checks can lead to vulnerabilities and potential security risks in the code."", ""details"": ""Successful CWE mapping""}"
// TODO: need to get this back into the method signature...now is too late...,"{""cwe_mapping"": ""Based on the analysis provided, the Common Weakness Enumeration (CWE) that best describes the issue is:\n\nCWE-119: Improper Restriction of Operations within the Bounds of a Memory Buffer\nDescription: This weakness is related to missing input validation or proper bounds checking, which can lead to buffer overflows or memory corruption vulnerabilities. In this context, not including a necessary security-related task in the method signature indicates a potential vulnerability.\n\nCWE-710: Improper Adherence to Coding Standards\nDescription: This weakness relates to not following coding standards, which can lead to security vulnerabilities. The missed opportunity to address a security concern by including the necessary security-related task back into the method signature indicates a failure to adhere to secure coding practices."", ""details"": ""Successful CWE mapping""}"
/**      * Builds a default implementation for a class. The class is not owned by      * any model element by default. Users should not forget to add ownership.      *      * @return newly created Class      * TODO: This needs an extra parameter to specify the model/extent where      * the new element should be created.      */,"{""cwe_mapping"": ""Based on the analysis provided, the Common Weakness Enumeration that best describes the issue is CWE-285: Improper Authorization. This weakness occurs when an actor can access a resource or perform an action without the appropriate permission. In this case, the missing parameter could lead to unauthorized creations or misuse, representing an improper authorization vulnerability."", ""details"": ""Successful CWE mapping""}"
/*      *      *      * Implement IDataSetUpdateableModel interface      * and IDataSetUpdateableTableModel interface      *      * TODO: THIS CODE WAS COPIED FROM ContentsTab.  IT SHOULD PROBABLY      * BE PUT INTO A COMMON LOCATION AND SHARED BY BOTH THIS      * CLASS AND ContentsTab.      *      *      */,"{""cwe_mapping"": ""CWE-488: Exposure of Data Element to Wrong Session\nThis weakness occurs when the software does not properly maintain state, leading to sensitive information being exposed to the wrong session."", ""details"": ""Successful CWE mapping""}"
// *************  copied from ConcatTest  *************,"{""cwe_mapping"": ""N/a"", ""details"": ""N/a""}"
// TODO: Can this be made more restrictive? // Do we care about any attributes other than name? - tfm,"{""cwe_mapping"": ""Based on the analysis provided, the most appropriate Common Weakness Enumeration (CWE) for the issue described would be:\nCWE-807: Reliance on Untrusted Inputs in a Security Decision\nDescription: This weakness occurs when the software does not adequately validate or sanitize input that is used in security-critical decisions, potentially leading to unauthorized access or other security issues."", ""details"": ""Successful CWE mapping""}"
// from DUP_SETUP // rb_copy_generic_ivar from DUP_SETUP here ...unlikely..,"{""cwe_mapping"": ""Based on the analysis provided, the most suitable Common Weakness Enumeration (CWE) for the issue described would be CWE-710: Improper Adherence to Coding Standards. This weakness covers cases where developers fail to follow established coding standards, potentially leading to security vulnerabilities or weaknesses in the codebase."", ""details"": ""Successful CWE mapping""}"
//TODO (@author fdietz): i18n,"{""cwe_mapping"": ""N/a"", ""details"": ""N/a""}"
// TODO: Document why we catch this.,"{""cwe_mapping"": ""Based on the provided SASD analysis response, the most appropriate Common Weakness Enumeration (CWE) that best describes the issue is:\nCWE-494: Download of Code Without Integrity Check \nDescription: In this case, the lack of documentation regarding a specific catch block can indicate a potential security risk related to downloading and executing code without proper checks on its integrity."", ""details"": ""Successful CWE mapping""}"
// not needed,"{""cwe_mapping"": ""N/a"", ""details"": ""N/a""}"
// TODO: Why aren't we throwing an exception here? // Returning null results in NPE and no explanation why.,"{""cwe_mapping"": ""Based on the analysis provided, the most suitable Common Weakness Enumeration (CWE) for this issue is:\nCWE-704: Incorrect Type Conversion or Cast\nDescription: This weakness occurs when a type casting operation is done between incompatible types, leading to potential vulnerabilities like NullPointerExceptions."", ""details"": ""Successful CWE mapping""}"
// TODO: Do we need this? Is this the same as emptyFig.getHeight()?,"{""cwe_mapping"": ""Based on the analysis provided, the most relevant Common Weakness Enumeration (CWE) for this scenario would be:\n- CWE-698: Execution After Redirect (EAR)\n  Description: This weakness occurs when code that performs redirection is followed by code that can still be executed, potentially allowing attackers to bypass intended security policies.\n\nThis CWE aligns with the SASD analysis that signals uncertainty about the security implications of using a certain method."", ""details"": ""Successful CWE mapping""}"
// TODO Binary incompatibility; an old override must override putAll.,"{""cwe_mapping"": ""Based on the analysis provided, the most relevant Common Weakness Enumeration (CWE) for the described issue is:\nCWE-122: Heap-based Buffer Overflow\n\nDescription: CWE-122 refers to a vulnerability where a buffer overflow could occur due to an improper handling of memory during memory allocation. This can lead to security risks if an attacker can exploit the overflow to inject and execute malicious code."", ""details"": ""Successful CWE mapping""}"
"/**      * Removes a listener, eventtype pair from the listener list.      *      * TODO: replace the listener implementation with a EventListenerList      * for better performance      *      * @param event the event to which the listener will not listen any more      * @param listener the listener to be removed      */","{""cwe_mapping"": ""Based on the provided SASD analysis response, the most relevant Common Weakness Enumeration (CWE) for the issue described is:\n- CWE-400: Uncontrolled Resource Consumption ('Resource Exhaustion')  \n  Description: The issue relates to inefficient resource usage, leading to performance degradation, which falls under CWE-400."", ""details"": ""Successful CWE mapping""}"
// TODO: Tentative implementation. Do we want something that updates // the list of open projects or just simple open and close events? -tfm,"{""cwe_mapping"": ""Based on the provided analysis, the most suitable Common Weakness Enumeration (CWE) for the described issue is CWE-927: \""Undefined Behavior\"". This CWE covers cases where code behavior is not defined by the language specifications, which can lead to security vulnerabilities due to unexpected results or behaviors."", ""details"": ""Successful CWE mapping""}"
// TODO: This shouldn't require two passes through the list - tfm,"{""cwe_mapping"": ""Based on the provided analysis, the identified issue can be mapped to the following Common Weakness Enumeration:\n\nCWE-780: Insufficiently Controlled Quantity of Inputs\nDescription: This weakness occurs when software does not properly restrict the amount or frequency of inputs that a user or an attacker can provide, leading to inefficiencies that could potentially result in security vulnerabilities."", ""details"": ""Successful CWE mapping""}"
/* We need to extend the ExtensionMechanismsFactory so that                   * we can replace the above deprecated call with something like this: */,"{""cwe_mapping"": ""N/a"", ""details"": ""N/a""}"
// ?R  | boolean | True if file is readable by the real uid/gid of the caller // FIXME: Need to implement an readable_real_p in FileTest,"{""cwe_mapping"": ""CWE-379: Creation of Temporary File in Directory with Insecure Permissions\nThis weakness occurs when a file is created or used in a way that exposes it to unnecessary risk. In this case, the incomplete \""readable_real_p\"" implementation may lead to inadequate file readability checks, potentially resulting in insecure file permissions."", ""details"": ""Successful CWE mapping""}"
//{{{ isSelectionRectangular() method,"{""cwe_mapping"": ""N/a"", ""details"": ""N/a""}"
// check if starting new column,"{""cwe_mapping"": ""N/a"", ""details"": ""N/a""}"
// shape sequence,"{""cwe_mapping"": ""N/a"", ""details"": ""N/a""}"
//i18n[ColumnListDialog.modifyTitle=Select Column To Modify],"{""cwe_mapping"": ""N/a"", ""details"": ""N/a""}"
"// variable is never read, variable is never live","{""cwe_mapping"": ""N/a"", ""details"": ""N/a""}"
//{{{ Constants,"{""cwe_mapping"": ""N/a"", ""details"": ""N/a""}"
//}}},"{""cwe_mapping"": ""N/a"", ""details"": ""N/a""}"
// -----  member variables  -----,"{""cwe_mapping"": ""N/a"", ""details"": ""N/a""}"
//set upperLeft point // x is minor,"{""cwe_mapping"": ""N/a"", ""details"": ""N/a""}"
//{{{ mouseDragged() method,"{""cwe_mapping"": ""N/a"", ""details"": ""N/a""}"
//// OUTLINE PAINT ////////////////////////////////////////////////////////,"{""cwe_mapping"": ""N/a"", ""details"": ""N/a""}"
// Bug can generate RTE,"{""cwe_mapping"": ""Based on the analysis provided, the Common Weakness Enumeration (CWE) that best describes the issue is:\nCWE-703: Improper Check or Handling of Exceptions\nDescription: This weakness occurs when an application does not properly handle exceptions or errors, leading to potential security vulnerabilities."", ""details"": ""Successful CWE mapping""}"
// COLUMN_NAME,"{""cwe_mapping"": ""N/a"", ""details"": ""N/a""}"
// classify nodes by base path,"{""cwe_mapping"": ""N/a"", ""details"": ""N/a""}"
//{{{ ok() method,"{""cwe_mapping"": ""N/a"", ""details"": ""N/a""}"
// i18n[DatabaseMetaData.nullableTypeNoNulls=false],"{""cwe_mapping"": ""Based on the analysis provided, the most relevant Common Weakness Enumeration (CWE) for the issue described is:\nCWE-116: Improper Encoding or Escaping of Output\nDescription: This weakness is related to the improper handling of input that may contain dangerous content, leading to security vulnerabilities such as injection attacks."", ""details"": ""Successful CWE mapping""}"
// Sort the rows by the property name.,"{""cwe_mapping"": ""N/a"", ""details"": ""N/a""}"
//{{{ _backup() method,"{""cwe_mapping"": ""N/a"", ""details"": ""N/a""}"
// a Long kept updated by advanceTime(),"{""cwe_mapping"": ""N/a"", ""details"": ""N/a""}"
"// user just entered the hour, so append min & sec","{""cwe_mapping"": ""N/a"", ""details"": ""N/a""}"
/*      * @see org.argouml.persistence.AbstractFilePersister#getDesc()      */,"{""cwe_mapping"": ""N/a"", ""details"": ""N/a""}"
// No point checking an empty keystore,"{""cwe_mapping"": ""N/a"", ""details"": ""N/a""}"
"// value is already on stack, save it for later","{""cwe_mapping"": ""N/a"", ""details"": ""N/a""}"
// Either the IEditingDomainItemProvider or ITreeItemContentProvider item provider interface can give us // the children. //,"{""cwe_mapping"": ""N/a"", ""details"": ""N/a""}"
//{{{ isVisible() method,"{""cwe_mapping"": ""N/a"", ""details"": ""N/a""}"
//connect to the remote site (may take some time),"{""cwe_mapping"": ""N/a"", ""details"": ""N/a""}"
/* shape visible = */,"{""cwe_mapping"": ""N/a"", ""details"": ""N/a""}"
/*      * @see java.awt.event.ActionListener#actionPerformed(java.awt.event.ActionEvent)      */,"{""cwe_mapping"": ""N/a"", ""details"": ""N/a""}"
/*      * @see org.tigris.gef.presentation.Fig#paint(java.awt.Graphics)      */,"{""cwe_mapping"": ""N/a"", ""details"": ""N/a""}"
// add the listeners to the newOwner,"{""cwe_mapping"": ""N/a"", ""details"": ""N/a""}"
// Quadrant II & III,"{""cwe_mapping"": ""N/a"", ""details"": ""N/a""}"
/*      * @see junit.framework.TestCase#setUp()      */,"{""cwe_mapping"": ""N/a"", ""details"": ""N/a""}"
/*          * @see org.argouml.uml.ui.UMLComboBoxModel#isValidElement(Object)          */,"{""cwe_mapping"": ""N/a"", ""details"": ""N/a""}"
//{{{ getToolTipLocation() method,"{""cwe_mapping"": ""N/a"", ""details"": ""N/a""}"
// $NON-NLS-1$,"{""cwe_mapping"": ""N/a"", ""details"": ""N/a""}"
/* nothing done between begin/end calls */,"{""cwe_mapping"": ""N/a"", ""details"": ""N/a""}"
// deal with the resource collections,"{""cwe_mapping"": ""N/a"", ""details"": ""N/a""}"
// Try again after shutdown,"{""cwe_mapping"": ""N/a"", ""details"": ""N/a""}"
/* 	 * (non-Javadoc) 	 *  	 * @see net.sourceforge.squirrel_sql.plugins.dbcopy.dialects.HibernateDialect#getMaxPrecision(int) 	 */,"{""cwe_mapping"": ""N/a"", ""details"": ""N/a""}"
// all local and columns for the other tables..,"{""cwe_mapping"": ""N/a"", ""details"": ""N/a""}"
// Make sure all the data is flushed out,"{""cwe_mapping"": ""Based on the analysis provided, the most suitable Common Weakness Enumeration (CWE) for the identified issue could be CWE-116: Improper Encoding or Escaping of Output. This weakness relates to the failure to properly sanitize data, potentially leading to security vulnerabilities like injection attacks."", ""details"": ""Successful CWE mapping""}"
// Users should not normally see this.,"{""cwe_mapping"": ""Based on the provided SASD analysis, the most suitable Common Weakness Enumeration (CWE) that describes the issue is:\nCWE-256: Unprotected Storage of Credentials\nDescription: The software stores sensitive information in a way that it can be accessed by unauthorized users."", ""details"": ""Successful CWE mapping""}"
//{{{ clear() method,"{""cwe_mapping"": ""N/a"", ""details"": ""N/a""}"
"// verify t belongs to the curve (range [0, _m-1])","{""cwe_mapping"": ""N/a"", ""details"": ""N/a""}"
// two jars same version // two jars same version,"{""cwe_mapping"": ""N/a"", ""details"": ""N/a""}"
//}}},"{""cwe_mapping"": ""N/a"", ""details"": ""N/a""}"
// calculate size and return it,"{""cwe_mapping"": ""N/a"", ""details"": ""N/a""}"
// line 896,"{""cwe_mapping"": ""N/a"", ""details"": ""N/a""}"
// Get the current classpath from the sysloader // through reflection,"{""cwe_mapping"": ""Based on the analysis provided, the most relevant Common Weakness Enumeration (CWE) for this issue would be:\nCWE-915: Improperly Controlled Modification of Dynamically-Determined Object Attributes\nDescription: This weakness involves the use of reflection to access or modify attributes in a way that could lead to security vulnerabilities due to lack of proper controls and validation."", ""details"": ""Successful CWE mapping""}"
//$NON-NLS-1$,"{""cwe_mapping"": ""N/a"", ""details"": ""N/a""}"
// check that the series visible flag is observed,"{""cwe_mapping"": ""N/a"", ""details"": ""N/a""}"
//overwrite old bundle,"{""cwe_mapping"": ""N/a"", ""details"": ""N/a""}"
"//tmpPosition is required because getPosition()'s side effects. //if the warning is generated, the getPosition() on line 954 (this line + 18) will create //a wrong position if the ""inclusive"" flag is not set.","{""cwe_mapping"": ""Based on the provided analysis, the most suitable Common Weakness Enumeration (CWE) for the described issue would be:\n\nCWE-703: Improper Check or Handling of Exceptional Conditions\nThis weakness occurs when the software does not handle or incorrectly handles exceptional conditions that arise during its execution. In this case, the wrong position being created due to the incorrect setting of the \""inclusive\"" flag could lead to unexpected behavior and potential security vulnerabilities."", ""details"": ""Successful CWE mapping""}"
// CheckStyle:VisibilityModifier ON,"{""cwe_mapping"": ""N/a"", ""details"": ""N/a""}"
/* Upper / Lower case */,"{""cwe_mapping"": ""N/a"", ""details"": ""N/a""}"
//{{{ getRowCount() method,"{""cwe_mapping"": ""N/a"", ""details"": ""N/a""}"
//negatives not allowed and lower range bound is zero //use data range bound instead,"{""cwe_mapping"": ""Based on the analysis provided, the Common Weakness Enumeration (CWE) that best describes the issue is: \n\nCWE-20: Improper Input Validation. \nDescription: The code does not properly validate input, which can lead to security vulnerabilities.\n\nCWE-200: Information Exposure. \nDescription: The use of a workaround or incomplete fix may lead to the exposure of sensitive information."", ""details"": ""Successful CWE mapping""}"
//}}},"{""cwe_mapping"": ""N/a"", ""details"": ""N/a""}"
// i18n[mssql.allViews=All views],"{""cwe_mapping"": ""N/a"", ""details"": ""N/a""}"
/*1D400..1D7FF;*/,"{""cwe_mapping"": ""N/a"", ""details"": ""N/a""}"
// update tree model,"{""cwe_mapping"": ""N/a"", ""details"": ""N/a""}"
// Make the edge go between nearest points,"{""cwe_mapping"": ""N/a"", ""details"": ""N/a""}"
"// Required for MouseListener interface, but we only care about clicks","{""cwe_mapping"": ""Based on the analysis provided, the most relevant Common Weakness Enumeration (CWE) for this issue would likely be CWE-548: Use of Incorrect Operator. This weakness relates to situations where an incorrect operator is used, leading to unintended consequences or limitations in the code."", ""details"": ""Successful CWE mapping""}"
// eh?!,"{""cwe_mapping"": ""N/a"", ""details"": ""N/a""}"
// Compute the holder of the proxy //,"{""cwe_mapping"": ""N/a"", ""details"": ""N/a""}"
/* (non-Javadoc) 		 * @see javax.swing.table.DefaultTableModel#getRowCount() 		 */,"{""cwe_mapping"": ""N/a"", ""details"": ""N/a""}"
/* Font */,"{""cwe_mapping"": ""N/a"", ""details"": ""N/a""}"
//}}},"{""cwe_mapping"": ""N/a"", ""details"": ""N/a""}"
//i18n[ColumnDetailsDialog.tableNameLabel=Table Name: ],"{""cwe_mapping"": ""N/a"", ""details"": ""N/a""}"
// copy the source and support files,"{""cwe_mapping"": ""N/a"", ""details"": ""N/a""}"
//{{{ insertFile() method,"{""cwe_mapping"": ""N/a"", ""details"": ""N/a""}"
// DataType // 4.5.3.12 [1],"{""cwe_mapping"": ""N/a"", ""details"": ""N/a""}"
// we may have more than one statement in sql at this point,"{""cwe_mapping"": ""N/a"", ""details"": ""N/a""}"
// line 1381,"{""cwe_mapping"": ""N/a"", ""details"": ""N/a""}"
// drawVolume,"{""cwe_mapping"": ""N/a"", ""details"": ""N/a""}"
// out of byte range // there will be no match for sure,"{""cwe_mapping"": ""Based on the analysis provided, the most relevant Common Weakness Enumeration (CWE) for the indicated issue is:\nCWE-125: Out-of-bounds Read\nDescription: The software reads data past the end, or before the beginning, of the intended buffer."", ""details"": ""Successful CWE mapping""}"
/* static methods only - hide constructor */,"{""cwe_mapping"": ""N/a"", ""details"": ""N/a""}"
// Primitive to arbitrary object type.  // Allow Primitive.castToType() to handle it as well as cases of  // Primitive.NULL and Primitive.VOID,"{""cwe_mapping"": ""N/a"", ""details"": ""N/a""}"
// ORPHAN DELETE (used for programmer error detection),"{""cwe_mapping"": ""N/a"", ""details"": ""N/a""}"
"// execute application, enabling blocking","{""cwe_mapping"": ""N/a"", ""details"": ""N/a""}"
//SimpleAnyTypeImpl,"{""cwe_mapping"": ""N/a"", ""details"": ""N/a""}"
/* (non-Javadoc)      * @see java.awt.event.ActionListener#actionPerformed(java.awt.event.ActionEvent)      */,"{""cwe_mapping"": ""N/a"", ""details"": ""N/a""}"
// We know that URL arguments should always be encoded in UTF-8 according to spec,"{""cwe_mapping"": ""N/a"", ""details"": ""N/a""}"
//$NON-NLS-1$ //$NON-NLS-1$,"{""cwe_mapping"": ""N/a"", ""details"": ""N/a""}"
// private DBUtils dbUtils;,"{""cwe_mapping"": ""N/a"", ""details"": ""N/a""}"
/*      * @see org.argouml.ui.explorer.rules.PerspectiveRule#getChildren(java.lang.Object)      */,"{""cwe_mapping"": ""N/a"", ""details"": ""N/a""}"
//ignore,"{""cwe_mapping"": ""N/a"", ""details"": ""N/a""}"
/*      * @see org.argouml.ui.explorer.rules.PerspectiveRule#getDependencies(java.lang.Object)      */,"{""cwe_mapping"": ""N/a"", ""details"": ""N/a""}"
// do nothing,"{""cwe_mapping"": ""N/a"", ""details"": ""N/a""}"
// i.e. is == null,"{""cwe_mapping"": ""N/a"", ""details"": ""N/a""}"
/* end class CrMultiComposite */,"{""cwe_mapping"": ""N/a"", ""details"": ""N/a""}"
// Column,"{""cwe_mapping"": ""N/a"", ""details"": ""N/a""}"
//{{{ unregister() method,"{""cwe_mapping"": ""Based on the analysis provided, the most appropriate Common Weakness Enumeration (CWE) for the identified issue is CWE-435: Improper Cleanup on Exit. This CWE describes situations where code fails to properly clean up system resources, such as deregistering objects, before exiting, which can lead to security vulnerabilities."", ""details"": ""Successful CWE mapping""}"
// collect entity and tool tip information...,"{""cwe_mapping"": ""N/a"", ""details"": ""N/a""}"
/*      * @see java.awt.event.MouseListener#mouseReleased(java.awt.event.MouseEvent)      */,"{""cwe_mapping"": ""N/a"", ""details"": ""N/a""}"
/*      * @see org.argouml.uml.diagram.ui.FigNodeModelElement#renderingChanged()      */,"{""cwe_mapping"": ""N/a"", ""details"": ""N/a""}"
//{{{ Expand the fold...,"{""cwe_mapping"": ""N/a"", ""details"": ""N/a""}"
// create stream from string,"{""cwe_mapping"": ""N/a"", ""details"": ""N/a""}"
//{{{ Position match hints,"{""cwe_mapping"": ""N/a"", ""details"": ""N/a""}"
"// lower all except the last upper case character if there are // more than one upper case characters in the beginning. // e.g. XSDElementContent -> xsdElementContent // However if the whole string is upper case, the whole string // is turned into lower case. // e.g. CPU -> cpu","{""cwe_mapping"": ""N/a"", ""details"": ""N/a""}"
// notify all listeners,"{""cwe_mapping"": ""N/a"", ""details"": ""N/a""}"
//}}},"{""cwe_mapping"": ""N/a"", ""details"": ""N/a""}"
// Oracle's 'TIMESTAMP WITH TIME ZONE' == -101 // Oracle's 'TIMESTAMP WITH LOCAL TIME ZONE' == // -102,"{""cwe_mapping"": ""N/a"", ""details"": ""N/a""}"
/*      * @see java.awt.event.ActionListener#actionPerformed(      *         java.awt.event.ActionEvent)      */,"{""cwe_mapping"": ""N/a"", ""details"": ""N/a""}"
// to be safe...,"{""cwe_mapping"": ""N/a"", ""details"": ""N/a""}"
// set name of column,"{""cwe_mapping"": ""N/a"", ""details"": ""N/a""}"
// mail folder tree,"{""cwe_mapping"": ""N/a"", ""details"": ""N/a""}"
// $NON-NLS-1$,"{""cwe_mapping"": ""N/a"", ""details"": ""N/a""}"
//{{{ toggleDockableWindow() method,"{""cwe_mapping"": ""N/a"", ""details"": ""N/a""}"
"// delete last ','","{""cwe_mapping"": ""N/a"", ""details"": ""N/a""}"
// Apply most specific signature matching,"{""cwe_mapping"": ""N/a"", ""details"": ""N/a""}"
//{{{ getFile() method,"{""cwe_mapping"": ""N/a"", ""details"": ""N/a""}"
//}}},"{""cwe_mapping"": ""N/a"", ""details"": ""N/a""}"
// incrementCurrent();,"{""cwe_mapping"": ""N/a"", ""details"": ""N/a""}"
//we ran out of ids to try,"{""cwe_mapping"": ""N/a"", ""details"": ""N/a""}"
// CheckStyle:VisibilityModifier OFF - bc,"{""cwe_mapping"": ""N/a"", ""details"": ""N/a""}"
//{{{ Getters and setters,"{""cwe_mapping"": ""N/a"", ""details"": ""N/a""}"
// Check arguments,"{""cwe_mapping"": ""N/a"", ""details"": ""N/a""}"
//add some time. We assume no OS has a granularity this bad,"{""cwe_mapping"": ""Based on the analysis provided, the most fitting Common Weakness Enumeration for the identified issue is:\n- CWE-367: Time-of-check Time-of-use (TOCTOU) Race Condition\n  Description: The software does not properly handle a condition where the timestamps for a resource's check for access and its subsequent use are inconsistent, which can lead to security vulnerabilities."", ""details"": ""Successful CWE mapping""}"
// CheckStyle:VisibilityModifier ON,"{""cwe_mapping"": ""N/a"", ""details"": ""N/a""}"
//{{{ VFS methods,"{""cwe_mapping"": ""N/a"", ""details"": ""N/a""}"
// check null argument 1,"{""cwe_mapping"": ""Based on the analysis provided, the most suitable Common Weakness Enumeration (CWE) for the identified issue is CWE-690: Unchecked Return Value to NULL Pointer Dereference.\nCWE-690 is about code that checks for a null pointer but does not handle the error condition properly, potentially leading to null pointer dereference vulnerabilities."", ""details"": ""Successful CWE mapping""}"
/*         eClass.getESuperTypes().addAll(extend);         eClass.getESuperTypes().addAll(unspecified);         eClass.getESuperTypes().addAll(mixin);         eClass.getESuperTypes().addAll(nonClass);         */,"{""cwe_mapping"": ""Based on the provided analysis, the Common Weakness Enumeration that best describes the issue is:\nCWE-759: Use of a One-Way Hash without a Salt\nDescription: The developer is adding extensions to a class without specifying security implications or precautions, which may lead to vulnerabilities related to the secure handling of data."", ""details"": ""Successful CWE mapping""}"
// 1,"{""cwe_mapping"": ""N/a"", ""details"": ""N/a""}"
//handle panning if we have a start point else unregister,"{""cwe_mapping"": ""N/a"", ""details"": ""N/a""}"
// means counting from end,"{""cwe_mapping"": ""N/a"", ""details"": ""N/a""}"
// go to next base segment group,"{""cwe_mapping"": ""N/a"", ""details"": ""N/a""}"
// test 1...,"{""cwe_mapping"": ""N/a"", ""details"": ""N/a""}"
// line 1054,"{""cwe_mapping"": ""N/a"", ""details"": ""N/a""}"
//{{{ setLimit() method,"{""cwe_mapping"": ""Based on the provided analysis, the Common Weakness Enumeration that best describes the issue is CWE-546: Suspicious Comment. \nCWE-546 refers to cases where code includes comments that suggest possibly unintended, debug or incomplete code fragments that may indicate a security weakness."", ""details"": ""Successful CWE mapping""}"
"// do nothing, it's a non-impl method","{""cwe_mapping"": ""N/a"", ""details"": ""N/a""}"
// add Figs to the FigNode in back-to-front order,"{""cwe_mapping"": ""N/a"", ""details"": ""N/a""}"
"// special shortcut for id properties, skip the join! // this must only occur at the _end_ of a path expression","{""cwe_mapping"": ""Based on the given SASD analysis response, the most suitable Common Weakness Enumeration (CWE) for the issue described is:\n- CWE-443: Insecure Shortcuts in Path Resolution\n\nDescription: This weakness occurs when shortcuts or special notations for defining paths within a system are used insecurely, potentially leading to security vulnerabilities."", ""details"": ""Successful CWE mapping""}"
// now used as an interpreter event,"{""cwe_mapping"": ""N/a"", ""details"": ""N/a""}"
/* 	 * DataBase-related functions 	 */,"{""cwe_mapping"": ""N/a"", ""details"": ""N/a""}"
/*      * @see org.argouml.ui.explorer.rules.PerspectiveRule#getRuleName()      */,"{""cwe_mapping"": ""N/a"", ""details"": ""N/a""}"
/*      * The special value <code>null</code> is used internally to indicate that      * the default value should be inherited from the next level of settings.      */,"{""cwe_mapping"": ""N/a"", ""details"": ""N/a""}"
"/*          featureMap.add(eStructuralFeature, cursor++, o);         expectedModCount = featureMap.getModCount();          ++entryCursor;          ++lastCursor;         // lastCursor = -1;         // prepared = 0; */","{""cwe_mapping"": ""Based on the provided analysis, the most appropriate Common Weakness Enumeration (CWE) for the issue described is:\nCWE-327: Use of a Broken or Risky Cryptographic Algorithm. \nDescription: This weakness suggests that the code may be using a potentially insecure state with cryptographic algorithms, indicating deferred security work."", ""details"": ""Successful CWE mapping""}"
//}}},"{""cwe_mapping"": ""N/a"", ""details"": ""N/a""}"
// first check the number we are plotting...,"{""cwe_mapping"": ""N/a"", ""details"": ""N/a""}"
// $NON-NLS-1$ // $NON-NLS-1$ // $NON-NLS-2$,"{""cwe_mapping"": ""N/a"", ""details"": ""N/a""}"
// Remember the system id of our root document so that we can write // out profiles and linked models to a different file if requested,"{""cwe_mapping"": ""N/a"", ""details"": ""N/a""}"
// Make the connection ready for sending post data,"{""cwe_mapping"": ""Based on the provided analysis, the most suitable Common Weakness Enumeration (CWE) that describes the potential security weakness indicated in the code is:\n\nCWE-319: Cleartext Transmission of Sensitive Information\nDescription: The code may be preparing a connection for sending post data in cleartext, potentially exposing sensitive information to eavesdroppers."", ""details"": ""Successful CWE mapping""}"
//}}},"{""cwe_mapping"": ""N/a"", ""details"": ""N/a""}"
// private static final int ATTR_UNDERLINE = 3; // private static final int ATTR_BLINK = 5; // private static final int ATTR_REVERSE = 7; // private static final int ATTR_HIDDEN = 8;,"{""cwe_mapping"": ""N/a"", ""details"": ""N/a""}"
// i18n[UpdatePreferencesPanel.autoBorderLabel=Automatic Updates],"{""cwe_mapping"": ""N/a"", ""details"": ""N/a""}"
// ignore,"{""cwe_mapping"": ""N/a"", ""details"": ""N/a""}"
"// Can't be done in the general case of federated repositories, // but at least get what we can find for the current resource set","{""cwe_mapping"": ""Based on the analysis provided, the most relevant Common Weakness Enumeration (CWE) for this issue would be:\n\nCWE-927: Use of Implicit Intent for Communication - The use of implicit intents in the code can lead to security vulnerabilities by allowing components to interact without explicit requirements, resulting in potential actions not being properly secured or authenticated.\n\nThis is a likely match for the issue described in the SASD analysis where security-related actions are not performed due to limitations in federated repositories, suggesting a deferred security fix."", ""details"": ""Successful CWE mapping""}"
"// This column actually consists of a row with two sub-columns // The first column contains the labels, and the second // column contains the fields.","{""cwe_mapping"": ""N/a"", ""details"": ""N/a""}"
// $NON-NLS-1$,"{""cwe_mapping"": ""N/a"", ""details"": ""N/a""}"
//}}},"{""cwe_mapping"": ""N/a"", ""details"": ""N/a""}"
"//setup for ""1e#""-style tick labels or regular // numeric tick labels, depending on flag:","{""cwe_mapping"": ""N/a"", ""details"": ""N/a""}"
// Fill 7 of value (byte) -19 // Fill 3 of value (byte) 33 // Fill 4 of value (byte) -19 // Fill 2 of value (byte) 33 // Fill 6 of value (byte) -19 // Fill 4 of value (byte) 33 // Fill 13 of value (byte) -19 // Fill 5 of value (byte) 33 // Fill 3 of value (byte) -19,"{""cwe_mapping"": ""Based on the analysis provided, the identified issue aligns with CWE-327: \""Use of a Broken or Risky Cryptographic Algorithm.\"" CWE-327 specifically pertains to the insecure use of cryptographic algorithms or functions which can introduce vulnerabilities such as weak random number generation or insecure padding schemes."", ""details"": ""Successful CWE mapping""}"
/* last expression should not be void */,"{""cwe_mapping"": ""Based on the analysis provided, the best Common Weakness Enumeration (CWE) that describes the issue is:\n- CWE-561: Dead Code\nDescription: The presence of dead code, such as having a void as the last expression, can create security weaknesses in the code by potentially allowing for unintended behavior or vulnerabilities to be exploited."", ""details"": ""Successful CWE mapping""}"
//{{{ dispose() method,"{""cwe_mapping"": ""Based on the provided SASD analysis, the best matching Common Weakness Enumeration (CWE) for the issue described is:\nCWE-404: Improper Resource Shutdown or Release\nDescription: The code comment \""//{{{ dispose() method\"" suggests potential issues with the proper implementation of disposing resources. This weakness involves not properly releasing or closing resources when they are no longer needed, leading to resource leaks and potential security vulnerabilities."", ""details"": ""Successful CWE mapping""}"
// Nothing specified -> Fail,"{""cwe_mapping"": ""Based on the analysis provided, the self-admitted security debt in the code can be best described by CWE-710: Improper Adherence to Coding Standards. CWE-710 relates to violations of coding standards that may lead to potential security weaknesses or vulnerabilities due to inadequate handling of specific scenarios or inputs. The explicit acknowledgment in the code \""// Nothing specified -> Fail\"" suggests a failure to properly handle certain conditions, indicating non-compliance with established coding standards and the potential introduction of security risks."", ""details"": ""Successful CWE mapping""}"
// Sampler selection,"{""cwe_mapping"": ""N/a"", ""details"": ""N/a""}"
// implements UnsharedComponent,"{""cwe_mapping"": ""N/a"", ""details"": ""N/a""}"
//}}},"{""cwe_mapping"": ""N/a"", ""details"": ""N/a""}"
//$NON-NLS-1$,"{""cwe_mapping"": ""N/a"", ""details"": ""N/a""}"
// This swaps the direction of m3:,"{""cwe_mapping"": ""N/a"", ""details"": ""N/a""}"
//cannot occur,"{""cwe_mapping"": ""N/a"", ""details"": ""N/a""}"
/*3300..33FF;*/,"{""cwe_mapping"": ""N/a"", ""details"": ""N/a""}"
"// If-test is false, need to re-initialize indexes","{""cwe_mapping"": ""N/a"", ""details"": ""N/a""}"
//{{{ getIdealIndentForLine() method,"{""cwe_mapping"": ""N/a"", ""details"": ""N/a""}"
"// about to delete last thing in field, so replace with null","{""cwe_mapping"": ""Based on the analysis provided, the most relevant Common Weakness Enumeration (CWE) for this issue is:\nCWE-807: Reliance on Untrusted Inputs in a Security Decision\nDescription: The use of 'null' as a replacement without proper data sanitization or handling may lead to sensitive data exposure due to relying on untrusted inputs for security-critical decisions."", ""details"": ""Successful CWE mapping""}"
// Extract the icon that is used by the tree control // for the current look and feel,"{""cwe_mapping"": ""N/a"", ""details"": ""N/a""}"
// just as if Enter was pressed in another // text field,"{""cwe_mapping"": ""N/a"", ""details"": ""N/a""}"
// i18n[UpdatePreferencesPanel.channel=Channel:],"{""cwe_mapping"": ""N/a"", ""details"": ""N/a""}"
// i18n[AbstractRefactoringDialog.showButtonLabel=Show SQL],"{""cwe_mapping"": ""N/a"", ""details"": ""N/a""}"
/*      * @see javax.swing.plaf.metal.MetalTheme#getControlTextFont()      */,"{""cwe_mapping"": ""N/a"", ""details"": ""N/a""}"
"// opt but no rest, must be at least required and no more than required + opt","{""cwe_mapping"": ""N/a"", ""details"": ""N/a""}"
//boolean iri = false;,"{""cwe_mapping"": ""N/a"", ""details"": ""N/a""}"
//}}},"{""cwe_mapping"": ""N/a"", ""details"": ""N/a""}"
// prefer re-generation of identity!,"{""cwe_mapping"": ""Based on the SASD analysis response provided, the most relevant Common Weakness Enumeration (CWE) for this situation is CWE-799: Improper Control of Interaction Frequency. This weakness occurs when the software does not properly control the frequency, number, or timing of interactions in a way that is not necessarily consistent with the intuitively expected compromise state of the software's security policy."", ""details"": ""Successful CWE mapping""}"
//{{{ getMinimumSize() method,"{""cwe_mapping"": ""N/a"", ""details"": ""N/a""}"
// set the local folder.,"{""cwe_mapping"": ""N/a"", ""details"": ""N/a""}"
// i18n[SQLFilterSheet.closeButtonLabel=Close],"{""cwe_mapping"": ""N/a"", ""details"": ""N/a""}"
// --,"{""cwe_mapping"": ""N/a"", ""details"": ""N/a""}"
// i18n[oracle.displaysSequenceDetails=Display sequence details],"{""cwe_mapping"": ""N/a"", ""details"": ""N/a""}"
// Empty.,"{""cwe_mapping"": ""N/a"", ""details"": ""N/a""}"
//		case SESSION_BEAN_GRANT_AND_REVOKE: //            return FirebirdManagerGrantPreferenceBean.class.getClassLoader();,"{""cwe_mapping"": ""N/a"", ""details"": ""N/a""}"
// Register tabs to display in the details panel for table nodes.,"{""cwe_mapping"": ""N/a"", ""details"": ""N/a""}"
"// save various info about the column for use in user input validation // when editing table contents. // Note that the columnDisplaySize is included two times, where the // first // entry may be adjusted for actual display while the second entry is // the // size expected by the DB. // The isNullable() method returns three values that we convert into // two // by saying that if it is not known whether or not a column allows // nulls, // we will allow the user to enter nulls and any problems will be // caught // when they try to save the data to the DB","{""cwe_mapping"": ""Based on the analysis provided, the most relevant Common Weakness Enumeration would be:\nCWE-116: Incomplete Adherence to Input Validation.\n\nDescription: The code does not consistently validate input according to specified requirements, leaving potential vulnerabilities for attackers to exploit."", ""details"": ""Successful CWE mapping""}"
"// duplicate equal to add, so we continue","{""cwe_mapping"": ""Based on the provided analysis, the most suitable Common Weakness Enumeration (CWE) for the described issue is:\nCWE-697: Insufficient Comparison\n\nDescription: CWE-697 relates to scenarios where insufficient or improper comparisons are made, potentially leading to security vulnerabilities or data integrity issues. In this case, the code's approach of handling duplicate values without proper validation could introduce such weaknesses."", ""details"": ""Successful CWE mapping""}"
"// Check method, path and query sent","{""cwe_mapping"": ""N/a"", ""details"": ""N/a""}"
//{{{ processKeyEvent() method,"{""cwe_mapping"": ""N/a"", ""details"": ""N/a""}"
//OK // TODO ??,"{""cwe_mapping"": ""Based on the analysis provided, the most relevant Common Weakness Enumeration (CWE) for this issue would be:\n- CWE-398: Indicator of Poor Code Quality\n  Description: This weakness occurs when code containing comments like \""// TODO\"" or \""// FIXME\"" are present, which may indicate areas of code that need further review or completion, potentially leading to security vulnerabilities."", ""details"": ""Successful CWE mapping""}"
//{{{ ParserRuleSet constructor,"{""cwe_mapping"": ""Based on the analysis provided, the most suitable Common Weakness Enumeration (CWE) for the described issue is:\nCWE-78: Improper Neutralization of Special Elements used in an OS Command ('OS Command Injection'). This weakness occurs when untrusted input is used as part of an OS command without proper validation or sanitization."", ""details"": ""Successful CWE mapping""}"
//}}},"{""cwe_mapping"": ""N/a"", ""details"": ""N/a""}"
/* (non-Javadoc)      * @see net.sourceforge.squirrel_sql.fw.sql.ISQLDatabaseMetaData#supportsSchemasInDataManipulation()      */,"{""cwe_mapping"": ""N/a"", ""details"": ""N/a""}"
// Ignore.,"{""cwe_mapping"": ""Based on the analysis provided, the Common Weakness Enumeration (CWE) that best describes the issue is CWE-242: Use of Inherently Dangerous Function. CWE-242 relates to the use of functions or methods known to be insecure or prone to security vulnerabilities, which could pose a risk when the code is executed. In this case, the intentional ignoring of security considerations or checks could lead to the use of such dangerous functions."", ""details"": ""Successful CWE mapping""}"
// this happens if ant is used with a project // helper that doesn't set the import.,"{""cwe_mapping"": ""N/a"", ""details"": ""N/a""}"
// just push nil for pragmas,"{""cwe_mapping"": ""N/a"", ""details"": ""N/a""}"
"// Link does not exist in UML2, a link is represented just as an // association","{""cwe_mapping"": ""N/a"", ""details"": ""N/a""}"
/* 			Lots of preconditions checked here... 			Once things are running smoothly we might comment these out 			(That's what assertions are for). 		*/,"{""cwe_mapping"": ""Based on the provided analysis, the Common Weakness Enumeration (CWE) that best describes the issue is:\nCWE-548: Use of Incorrect Function\nDescription: The issue arises when code that contains important security checks or assertions is commented out, potentially leading to security risks due to the deferral of maintaining these checks."", ""details"": ""Successful CWE mapping""}"
// special handling of operations while editing this data type,"{""cwe_mapping"": ""N/a"", ""details"": ""N/a""}"
// getFoo      => foo // getFoo(int) => foo(int),"{""cwe_mapping"": ""N/a"", ""details"": ""N/a""}"
"// Since this timer must be started when SQuirreL is launched, wait a couple of minutes for // SQuirreL to get done initializing the UI.","{""cwe_mapping"": ""Based on the analysis provided, the best CWE that describes the issue is CWE-362: Concurrent Execution using Shared Resource with Improper Synchronization ('Race Condition'). This weakness occurs when multiple threads in a concurrent system access a shared resource without proper synchronization, leading to unpredictable or unintended behavior. In this case, delaying the timer to wait for UI initialization could introduce a race condition vulnerability."", ""details"": ""Successful CWE mapping""}"
// We should not have a query string part,"{""cwe_mapping"": ""Based on the provided SASD analysis response, the best Common Weakness Enumeration (CWE) that describes the issue is:\n\nCWE-89: Improper Neutralization of Special Elements used in an SQL Command ('SQL Injection')\nDescription: The presence of a query string in the method indicates a potential vulnerability for SQL Injection attacks, where untrusted input in the query string could be exploited to manipulate the SQL command and compromise the system's security."", ""details"": ""Successful CWE mapping""}"
/*          * @see java.awt.event.ActionListener#actionPerformed(java.awt.event.ActionEvent)          */,"{""cwe_mapping"": ""N/a"", ""details"": ""N/a""}"
// records the existance of an equal sign,"{""cwe_mapping"": ""N/a"", ""details"": ""N/a""}"
//{{{ subregionOffsetToX() method,"{""cwe_mapping"": ""N/a"", ""details"": ""N/a""}"
// suppresses compiler warning,"{""cwe_mapping"": ""N/a"", ""details"": ""N/a""}"
//{{{ Instance variables,"{""cwe_mapping"": ""N/a"", ""details"": ""N/a""}"
//}}},"{""cwe_mapping"": ""N/a"", ""details"": ""N/a""}"
/*      * @see TargetListener#targetSet(TargetEvent)      */,"{""cwe_mapping"": ""N/a"", ""details"": ""N/a""}"
// @see TestRegexFunction for unit tests,"{""cwe_mapping"": ""N/a"", ""details"": ""N/a""}"
//}}} //}}},"{""cwe_mapping"": ""N/a"", ""details"": ""N/a""}"
//}}} //}}},"{""cwe_mapping"": ""N/a"", ""details"": ""N/a""}"
// builder.setDefaultButtonBarGapBorder();,"{""cwe_mapping"": ""N/a"", ""details"": ""N/a""}"
//}}},"{""cwe_mapping"": ""N/a"", ""details"": ""N/a""}"
// keepgenerated,"{""cwe_mapping"": ""N/a"", ""details"": ""N/a""}"
// never called,"{""cwe_mapping"": ""N/a"", ""details"": ""N/a""}"
// pass command to scheduler,"{""cwe_mapping"": ""Based on the provided SASD analysis, the most relevant Common Weakness Enumeration (CWE) for the issue described is:\nCWE-78: Improper Neutralization of Special Elements used in an OS Command ('OS Command Injection')\nDescription: This weakness occurs when an application constructs a string that may contain commands for execution by a shell without properly neutralizing special elements. This can result in attackers executing unintended commands or gaining unauthorized access."", ""details"": ""Successful CWE mapping""}"
// Add the type to the list of returned sqlResultTypes.,"{""cwe_mapping"": ""N/a"", ""details"": ""N/a""}"
// If the type also specifies a classifier... //,"{""cwe_mapping"": ""N/a"", ""details"": ""N/a""}"
// i18n[mssql.scriptUsers=Script database users and database roles],"{""cwe_mapping"": ""N/a"", ""details"": ""N/a""}"
// value is a List of Strings,"{""cwe_mapping"": ""N/a"", ""details"": ""N/a""}"
"// before any callbacks, etc, so subdeletions see that this deletion happened first","{""cwe_mapping"": ""Based on the analysis provided, the most fitting Common Weakness Enumeration (CWE) for the described issue is:\nCWE-807: Reliance on Untrusted Inputs in a Security Decision\nDescription: This weakness occurs when the software makes security decisions based on input that can be modified by an attacker, potentially leading to security vulnerabilities."", ""details"": ""Successful CWE mapping""}"
"/*              * The next one defaults to TRUE, to stay compatible with older              * ArgoUML versions that did not have this setting:              */","{""cwe_mapping"": ""N/a"", ""details"": ""N/a""}"
// find and add all subdirectories,"{""cwe_mapping"": ""N/a"", ""details"": ""N/a""}"
/*      * Just returns false.      *      * @see org.argouml.cognitive.Poster#canFixIt(org.argouml.cognitive.ToDoItem)      */,"{""cwe_mapping"": ""N/a"", ""details"": ""N/a""}"
/* 	 * (non-Javadoc) 	 *  	 * @see java.awt.event.ActionListener#actionPerformed(java.awt.event.ActionEvent) 	 */,"{""cwe_mapping"": ""N/a"", ""details"": ""N/a""}"
"//      add message ""0.eml"" as inputstream to folder","{""cwe_mapping"": ""N/a"", ""details"": ""N/a""}"
// Add menu.,"{""cwe_mapping"": ""N/a"", ""details"": ""N/a""}"
//}}},"{""cwe_mapping"": ""N/a"", ""details"": ""N/a""}"
/*      * @see org.argouml.uml.ui.UMLExpressionModel2#getExpression()      */,"{""cwe_mapping"": ""N/a"", ""details"": ""N/a""}"
// Allow for old format file without mechanism support,"{""cwe_mapping"": ""Based on the provided analysis, the most relevant Common Weakness Enumeration (CWE) for the identified issue would be:\n- CWE-486: Handling of Old or Improperly Formed Data\nDescription: This weakness relates to the mishandling of old or improperly formed data, such as allowing the processing of outdated file formats without adequate support or validation, potentially leading to security vulnerabilities."", ""details"": ""Successful CWE mapping""}"
// classic translator does not support collection of ordinal // param metadata,"{""cwe_mapping"": ""N/a"", ""details"": ""N/a""}"
//{{{ InstallButton class,"{""cwe_mapping"": ""N/a"", ""details"": ""N/a""}"
// line 636,"{""cwe_mapping"": ""N/a"", ""details"": ""N/a""}"
/*      * Create a data input text field      *      * @return the panel for entering the data      */,"{""cwe_mapping"": ""N/a"", ""details"": ""N/a""}"
// Cast input appropriately or throw exception,"{""cwe_mapping"": ""N/a"", ""details"": ""N/a""}"
// register for status events,"{""cwe_mapping"": ""N/a"", ""details"": ""N/a""}"
//remove the .class,"{""cwe_mapping"": ""N/a"", ""details"": ""N/a""}"
// tooltip text,"{""cwe_mapping"": ""N/a"", ""details"": ""N/a""}"
// do nothing...this is just a hook for subclasses,"{""cwe_mapping"": ""N/a"", ""details"": ""N/a""}"
"// If there are delegated features, add only those that aren't already in this package to the end of the list. //","{""cwe_mapping"": ""N/a"", ""details"": ""N/a""}"
/*                  * Increment the symbol frequencies for the selected table.                  */,"{""cwe_mapping"": ""N/a"", ""details"": ""N/a""}"
// the constraint _must_ be owned by a namespace,"{""cwe_mapping"": ""N/a"", ""details"": ""N/a""}"
// Doesn't fit in buffer. Write immediately. // ensure nothing left to write,"{""cwe_mapping"": ""N/a"", ""details"": ""N/a""}"
// Get previous state in stack. //,"{""cwe_mapping"": ""N/a"", ""details"": ""N/a""}"
//this.forceCacheRefresh = forceCacheRefresh;,"{""cwe_mapping"": ""N/a"", ""details"": ""N/a""}"
// NT Includes other types of Credentials,"{""cwe_mapping"": ""N/a"", ""details"": ""N/a""}"
// test null source,"{""cwe_mapping"": ""Based on the analysis provided, the best Common Weakness Enumeration (CWE) that describes the issue is CWE-690: NULL Pointer Dereference. This weakness occurs when a pointer that should point to valid memory is set to NULL, causing a null pointer dereference when it is used. This can lead to crashes or potentially exploitable security vulnerabilities."", ""details"": ""Successful CWE mapping""}"
// create composer model,"{""cwe_mapping"": ""N/a"", ""details"": ""N/a""}"
// $NON-NLS-1$ // $NON-NLS-1$,"{""cwe_mapping"": ""N/a"", ""details"": ""N/a""}"
/*      * @see org.argouml.uml.ui.UMLModelElementListModel2#isValidElement(Object)      */,"{""cwe_mapping"": ""N/a"", ""details"": ""N/a""}"
// wrap read() methods to track output buffer,"{""cwe_mapping"": ""N/a"", ""details"": ""N/a""}"
// Prepare the Results tabbed pane,"{""cwe_mapping"": ""N/a"", ""details"": ""N/a""}"
//}}},"{""cwe_mapping"": ""N/a"", ""details"": ""N/a""}"
//to stop the class from being unloaded,"{""cwe_mapping"": ""N/a"", ""details"": ""N/a""}"
//The source was one of the referenced state's path which // has got a new name.,"{""cwe_mapping"": ""N/a"", ""details"": ""N/a""}"
"// a file, not in the root // since the jar may be one without directory // entries, add the parent dir of this file as // well.","{""cwe_mapping"": ""N/a"", ""details"": ""N/a""}"
//{{{ peekElement() method,"{""cwe_mapping"": ""N/a"", ""details"": ""N/a""}"
/* 	 * (non-Javadoc) 	 *  	 * @see java.awt.event.ActionListener#actionPerformed(java.awt.event.ActionEvent) 	 */,"{""cwe_mapping"": ""N/a"", ""details"": ""N/a""}"
"/*      * @see org.argouml.uml.cognitive.critics.CrUML#predicate2(      *      java.lang.Object, org.argouml.cognitive.Designer)      */","{""cwe_mapping"": ""N/a"", ""details"": ""N/a""}"
//{{{ Folding,"{""cwe_mapping"": ""N/a"", ""details"": ""N/a""}"
"/*                  * Complete the big bucket [ss] by quicksorting                  * any unsorted small buckets [ss, j].  Hopefully                  * previous pointer-scanning phases have already                  * completed many of the small buckets [ss, j], so                  * we don't have to sort them at all.                  */","{""cwe_mapping"": ""Based on the analysis provided, the most relevant Common Weakness Enumeration (CWE) for the issue described is CWE-119: Improper Restriction of Operations within the Bounds of a Memory Buffer. This weakness involves sorting being done without ensuring proper boundaries, potentially leading to security gaps in the code."", ""details"": ""Successful CWE mapping""}"
// Fill 3 of value (byte) -19,"{""cwe_mapping"": ""Based on the analysis provided, the most relevant CWE for the issue described would be:\nCWE-120: Buffer Copy without Checking Size of Input ('Classic Buffer Overflow')\n\nBuffer overflows typically occur when an application writes more data to a block of memory, or buffer, than it was allocated to hold, potentially leading to security vulnerabilities such as overflows or underflows. A specific byte value chosen without proper validation could introduce vulnerabilities like this."", ""details"": ""Successful CWE mapping""}"
// we have the whole contents of the CLOB,"{""cwe_mapping"": ""N/a"", ""details"": ""N/a""}"
// Column,"{""cwe_mapping"": ""N/a"", ""details"": ""N/a""}"
//inject the data,"{""cwe_mapping"": ""Based on the analysis provided, the most suitable Common Weakness Enumeration for this issue is CWE-89: Improper Neutralization of Special Elements used in an SQL Command ('SQL Injection'). This CWE describes the security vulnerability that arises when untrusted data is mistakenly included in a SQL query without proper validation or sanitization, posing a risk of SQL Injection attacks."", ""details"": ""Successful CWE mapping""}"
// Block and block pass passed in at same time....uh oh,"{""cwe_mapping"": ""N/a"", ""details"": ""N/a""}"
// try to set selection,"{""cwe_mapping"": ""N/a"", ""details"": ""N/a""}"
//{{{ sort() method,"{""cwe_mapping"": ""N/a"", ""details"": ""N/a""}"
//TestCase/implementedGenOperation.override.javajetinc,"{""cwe_mapping"": ""N/a"", ""details"": ""N/a""}"
// state ~~~~~~~~~~~~~~~~~~~~~~~~~~~~~~~~~~~~~~~~~~~~~~~~~~~~~~~~~~~~~~~~~,"{""cwe_mapping"": ""N/a"", ""details"": ""N/a""}"
// $NON-NLS-1$ // $NON-NLS-1$,"{""cwe_mapping"": ""N/a"", ""details"": ""N/a""}"
"// A ""location"" attribute for a node within a // Path object.","{""cwe_mapping"": ""N/a"", ""details"": ""N/a""}"
// add duplicates as per bug,"{""cwe_mapping"": ""Based on the analysis provided, the most relevant Common Weakness Enumeration (CWE) for the Self-Admitted Security Debt (SASD) in this case would be:\n\nCWE-703: Improper Check or Handling of Exceptional Conditions\n\nDescription: The developer is knowingly introducing a potential security weakness by not addressing the underlying issue related to duplicates, indicating a lack of proper handling of exceptional conditions."", ""details"": ""Successful CWE mapping""}"
"// If we have resolved to an EClass but we have an EAttribute, we can change it to be an EReference. //","{""cwe_mapping"": ""N/a"", ""details"": ""N/a""}"
// i18n[HQLPanelController.hqlToSqlSuccess=Generated {0} SQL(s) in {1} milliseconds.],"{""cwe_mapping"": ""N/a"", ""details"": ""N/a""}"
// expect the worst,"{""cwe_mapping"": ""Based on the analysis provided, the most relevant Common Weakness Enumeration (CWE) for this scenario would be:\n\nCWE-676: Use of Potentially Dangerous Function\nDescription: This CWE involves the use of functions that are considered risky or prone to security vulnerabilities, indicating a lack of defensive programming practices."", ""details"": ""Successful CWE mapping""}"
/*      * @see java.lang.Runnable#run()      */,"{""cwe_mapping"": ""N/a"", ""details"": ""N/a""}"
// OK // $NON-NLS-1$,"{""cwe_mapping"": ""N/a"", ""details"": ""N/a""}"
//}}},"{""cwe_mapping"": ""N/a"", ""details"": ""N/a""}"
// mark it as selected,"{""cwe_mapping"": ""N/a"", ""details"": ""N/a""}"
// i18n[DataSetUpdateableTableModelImpl.error.unknownerror=Unknown error during check on DB.  Update is probably not safe.\nDo you wish to proceed?],"{""cwe_mapping"": ""Based on the analysis provided, the most suitable Common Weakness Enumeration (CWE) that describes the issue is:\nCWE-550: Missing Protection Mechanism for the Lack of Verification of Data Authenticity\nDescription: The code may not verify the authenticity of the data, leading to potential security vulnerabilities like unsafe updates in databases."", ""details"": ""Successful CWE mapping""}"
/*  ================      *  Instance Methods      *  ================       */,"{""cwe_mapping"": ""N/a"", ""details"": ""N/a""}"
/* add the UDTs. */,"{""cwe_mapping"": ""N/a"", ""details"": ""N/a""}"
// TODO move to new standard location and rewrite test to be less static,"{""cwe_mapping"": ""N/a"", ""details"": ""N/a""}"
// Or a feature map child? //,"{""cwe_mapping"": ""N/a"", ""details"": ""N/a""}"
//i18n[DropTableDialog.schemaLabel=Schema:],"{""cwe_mapping"": ""Based on the analysis provided, the Common Weakness Enumeration (CWE) that best describes the issue is:\n\nCWE-89: Improper Neutralization of Special Elements used in an SQL Command ('SQL Injection')\nDescription: This weakness occurs when untrusted data is sent to an interpreter as part of a command or query. If the data contains malicious elements, it may allow the attacker to execute unintended commands or access unauthorized data.\n\nCWE-807: Reliance on Untrusted Inputs in a Security Decision\nDescription: This weakness occurs when a security decision is made based on untrusted inputs. In this case, relying on user input for a dialog schema label without proper validation can lead to security risks like SQL injection."", ""details"": ""Successful CWE mapping""}"
//private Type[] sqlResultTypes;,"{""cwe_mapping"": ""N/a"", ""details"": ""N/a""}"
// args is either constructor arguments or array dimensions,"{""cwe_mapping"": ""N/a"", ""details"": ""N/a""}"
//$NON-NLS-1$,"{""cwe_mapping"": ""N/a"", ""details"": ""N/a""}"
"// do nothing. it's naive, but since // the utility is meant to parse access // logs the formatting should be correct","{""cwe_mapping"": ""N/a"", ""details"": ""N/a""}"
// Check if Columba is the default mail client,"{""cwe_mapping"": ""N/a"", ""details"": ""N/a""}"
/* update fold visibility map. */,"{""cwe_mapping"": ""N/a"", ""details"": ""N/a""}"
// Match against every other operation but this one. //,"{""cwe_mapping"": ""N/a"", ""details"": ""N/a""}"
// Create classes and their features,"{""cwe_mapping"": ""N/a"", ""details"": ""N/a""}"
// it doesn't handle special cases,"{""cwe_mapping"": ""N/a"", ""details"": ""N/a""}"
// find optimum height and map to range,"{""cwe_mapping"": ""N/a"", ""details"": ""N/a""}"
// line 1103,"{""cwe_mapping"": ""N/a"", ""details"": ""N/a""}"
// i18n[FactoryProviderController.fileCreated=File {0} has been successfully created.],"{""cwe_mapping"": ""N/a"", ""details"": ""N/a""}"
// repaint table header,"{""cwe_mapping"": ""N/a"", ""details"": ""N/a""}"
//{{{ getScreenLineEndOffset() method,"{""cwe_mapping"": ""N/a"", ""details"": ""N/a""}"
//$NON-NLS-1$,"{""cwe_mapping"": ""N/a"", ""details"": ""N/a""}"
//EcoreValidator,"{""cwe_mapping"": ""N/a"", ""details"": ""N/a""}"
/*          * wait for stream threads to die          *           */,"{""cwe_mapping"": ""N/a"", ""details"": ""N/a""}"
//}}},"{""cwe_mapping"": ""N/a"", ""details"": ""N/a""}"
"// Attempt to parse authority. If the section is an empty string // this is a valid server based authority, so set the host to this // value.","{""cwe_mapping"": ""N/a"", ""details"": ""N/a""}"
// draw average - SPECIAL AIMS REQUIREMENT,"{""cwe_mapping"": ""N/a"", ""details"": ""N/a""}"
// Continue with the established base URL.,"{""cwe_mapping"": ""N/a"", ""details"": ""N/a""}"
////////////////////////////////////////////////////////////////////////// // test inc methods //////////////////////////////////////////////////////////////////////////,"{""cwe_mapping"": ""N/a"", ""details"": ""N/a""}"
// aload_1 // load bean,"{""cwe_mapping"": ""N/a"", ""details"": ""N/a""}"
//}}},"{""cwe_mapping"": ""N/a"", ""details"": ""N/a""}"
//}}},"{""cwe_mapping"": ""N/a"", ""details"": ""N/a""}"
// If this isn't instanceof org.hibernate.type.CollectionType a NoSuchMethodException will be thrown,"{""cwe_mapping"": ""N/a"", ""details"": ""N/a""}"
"//Font font = UIManager.getFont(""Label.font"");","{""cwe_mapping"": ""N/a"", ""details"": ""N/a""}"
"// field is not nullable or input was not a delete // // we have already handled all legal input, // so just tell user this is being ignored","{""cwe_mapping"": ""Based on the provided analysis, the following Common Weakness Enumeration (CWE) is most relevant:\n\nCWE-20: Improper Input Validation\nDescription: The application does not perform proper input validation, leading to vulnerabilities from unexpected input."", ""details"": ""Successful CWE mapping""}"
// draw path,"{""cwe_mapping"": ""N/a"", ""details"": ""N/a""}"
"// this will result in a slight speed up, since we // don't need to read the DTD anyway, as AElfred is // non-validating","{""cwe_mapping"": ""The most appropriate Common Weakness Enumeration for this issue based on the given response is CWE-611: Improper Restriction of XML External Entity Reference (\""XXE\""). This weakness occurs when an application processes XML input without disabling XML external entities, which can lead to various attacks including information disclosure or server side request forgery."", ""details"": ""Successful CWE mapping""}"
// Begin second unit of work,"{""cwe_mapping"": ""N/a"", ""details"": ""N/a""}"
// composer can either edit in html or plain text mode // listen for configuration changes,"{""cwe_mapping"": ""N/a"", ""details"": ""N/a""}"
// end class,"{""cwe_mapping"": ""N/a"", ""details"": ""N/a""}"
/* Implements JMeterGUIComponent.createTestElement() */,"{""cwe_mapping"": ""N/a"", ""details"": ""N/a""}"
// ITEM_LABELS_VISIBLE,"{""cwe_mapping"": ""N/a"", ""details"": ""N/a""}"
// end foreach map entry // end else,"{""cwe_mapping"": ""N/a"", ""details"": ""N/a""}"
"// We do not use getEncoding method of Writer, since that returns // the historical name","{""cwe_mapping"": ""N/a"", ""details"": ""N/a""}"
// Is there a supplied proc argument or do we assume a block was // supplied,"{""cwe_mapping"": ""N/a"", ""details"": ""N/a""}"
"// hide grid, otherwise can't see anything","{""cwe_mapping"": ""N/a"", ""details"": ""N/a""}"
// argument checking delegated...,"{""cwe_mapping"": ""N/a"", ""details"": ""N/a""}"
// Fill 2 of value (byte) -19 // Fill 2 of value (byte) 33 // Fill 4 of value (byte) -19 // Fill 2 of value (byte) 33,"{""cwe_mapping"": ""Based on the analysis provided, the most suitable Common Weakness Enumeration (CWE) for the identified issue would be CWE-78: Improper Neutralization of Special Elements Used in an OS Command ('OS Command Injection'). This weakness occurs when an application constructs all or part of an OS command using externally influenced input from an upstream component but does not neutralize or incorrectly neutralizes special elements that could modify the intended OS command when it is sent to a downstream component."", ""details"": ""Successful CWE mapping""}"
// Gone from UML 2.x //        throw new NotImplementedException();,"{""cwe_mapping"": ""N/a"", ""details"": ""N/a""}"
// NOI18N,"{""cwe_mapping"": ""N/a"", ""details"": ""N/a""}"
"/* At this stage during loading, the diagrams are          * not created yet - so we have to store this name for later use. */","{""cwe_mapping"": ""N/a"", ""details"": ""N/a""}"
//}}},"{""cwe_mapping"": ""N/a"", ""details"": ""N/a""}"
"// if there was a problem with converting, then just fall through // and continue as if there was no default given in the DB. // Otherwise, use the converted object","{""cwe_mapping"": ""Based on the analysis provided, the best Common Weakness Enumeration (CWE) that describes the issue is:\nCWE-791: Incomplete Access Control\nDescription: The code may not properly enforce access control, allowing unauthorized access to resources or functionality, leading to potential security vulnerabilities."", ""details"": ""Successful CWE mapping""}"
//{{{ xToOffset() method,"{""cwe_mapping"": ""Based on the analysis provided for the Self-Admitted Security Debt (SASD), the most appropriate Common Weakness Enumeration (CWE) would be:\n- CWE-545: Use of Hard-coded Credentials\n  Description: The use of hard-coded credentials in the code indicates a security weakness that can be exploited by attackers if not addressed promptly."", ""details"": ""Successful CWE mapping""}"
// line 1254,"{""cwe_mapping"": ""N/a"", ""details"": ""N/a""}"
// If this is 'elements' then create a new FROM element.,"{""cwe_mapping"": ""N/a"", ""details"": ""N/a""}"
// Fall tru,"{""cwe_mapping"": ""N/a"", ""details"": ""N/a""}"
// Formula for a is described in the overall class description.,"{""cwe_mapping"": ""N/a"", ""details"": ""N/a""}"
"// decimal form, like (but not *just* like!) 'f'","{""cwe_mapping"": ""N/a"", ""details"": ""N/a""}"
//load should work several times in a row,"{""cwe_mapping"": ""N/a"", ""details"": ""N/a""}"
// Fill 53 of value (byte) -19 // Fill 2 of value (byte) 33,"{""cwe_mapping"": ""Based on the analysis provided, the issue described aligns best with CWE-327: Use of a Broken or Risky Cryptographic Algorithm. CWE-327 covers situations where insecure cryptographic algorithms are used, which can lead to security vulnerabilities if not understood or controlled properly."", ""details"": ""Successful CWE mapping""}"
// Available specification version must be >= required,"{""cwe_mapping"": ""Based on the analysis provided, the issue described aligns with CWE-119: Improper Restriction of Operations within the Bounds of a Memory Buffer.\nThis weakness occurs when software does not properly restrict operations within the bounds of a memory buffer, leading to buffer overflow vulnerabilities."", ""details"": ""Successful CWE mapping""}"
// not reached,"{""cwe_mapping"": ""Based on the analysis provided, the most relevant Common Weakness Enumeration (CWE) for the issue described would be:\nCWE-561: Dead Code\n\nDescription: Dead code is code that can never be executed under any circumstances. It can indicate incomplete implementation, unused functions, or remnants of debugging code left in production."", ""details"": ""Successful CWE mapping""}"
// Ignore.,"{""cwe_mapping"": ""N/a"", ""details"": ""N/a""}"
// not found. start from // beginning,"{""cwe_mapping"": ""N/a"", ""details"": ""N/a""}"
// store every open frame in our temporary list,"{""cwe_mapping"": ""N/a"", ""details"": ""N/a""}"
// $NON-NLS-1$,"{""cwe_mapping"": ""N/a"", ""details"": ""N/a""}"
// $NON-NLS-1$ // $NON-NLS-1$ // $NON-NLS-1$,"{""cwe_mapping"": ""N/a"", ""details"": ""N/a""}"
// form integral number of 6-bit groups,"{""cwe_mapping"": ""N/a"", ""details"": ""N/a""}"
"// Get all the request properties, which are the headers set on the connection","{""cwe_mapping"": ""Based on the analysis provided, the most suitable Common Weakness Enumeration (CWE) for the issue described would be:\n\nCWE-319: Cleartext Transmission of Sensitive Information\nDescription: Storing or transmitting sensitive information in an unprotected state, making it vulnerable to interception or unauthorized access."", ""details"": ""Successful CWE mapping""}"
// i18n[sqlbookmark.desc=Description:],"{""cwe_mapping"": ""N/a"", ""details"": ""N/a""}"
//{{{ updateWrapSettings() method,"{""cwe_mapping"": ""N/a"", ""details"": ""N/a""}"
"// if at least one property listed here is true, // load the plugin","{""cwe_mapping"": ""N/a"", ""details"": ""N/a""}"
// create a form builder,"{""cwe_mapping"": ""N/a"", ""details"": ""N/a""}"
// There used to be a frame.pack() here but it resized the frame // to be very wide if text output was used.,"{""cwe_mapping"": ""N/a"", ""details"": ""N/a""}"
// $NON-NLS-1$,"{""cwe_mapping"": ""N/a"", ""details"": ""N/a""}"
// Force the configuration to load,"{""cwe_mapping"": ""Based on the provided analysis, the Common Weakness Enumeration (CWE) that best describes the issue is:\nCWE-346: Origin Validation Error\nDescription: This weakness occurs when an attacker can influence an origin through an input or injected object, allowing the attacker to fake or spoof the origin of user input."", ""details"": ""Successful CWE mapping""}"
//}}},"{""cwe_mapping"": ""N/a"", ""details"": ""N/a""}"
/*++*/,"{""cwe_mapping"": ""Based on the provided SASD analysis response, the Common Weakness Enumeration (CWE) that best describes the issue is:\n\nCWE-1034: Use of Hard-coded Placeholder\nDescription: The use of hard-coded placeholders, like the comment /*++*/, can lead to potential security vulnerabilities as it may indicate unfinished or incomplete code that could be exploitable."", ""details"": ""Successful CWE mapping""}"
// replace some arguments by another field names (constants),"{""cwe_mapping"": ""N/a"", ""details"": ""N/a""}"
/*      * @see org.tigris.gef.presentation.Fig#getClosestPoint(java.awt.Point)      */,"{""cwe_mapping"": ""N/a"", ""details"": ""N/a""}"
// $NON-NLS-1$,"{""cwe_mapping"": ""N/a"", ""details"": ""N/a""}"
// Store the key,"{""cwe_mapping"": ""N/a"", ""details"": ""N/a""}"
// exit immediately,"{""cwe_mapping"": ""N/a"", ""details"": ""N/a""}"
//missing 2 private use add manually,"{""cwe_mapping"": ""Based on the analysis provided, the issue described best aligns with **CWE-749**: Exposed Dangerous Method or Function. This weakness refers to the exposure of a dangerous method or function due to a missing private access modifier, potentially leading to security vulnerabilities."", ""details"": ""Successful CWE mapping""}"
// url decode,"{""cwe_mapping"": ""N/a"", ""details"": ""N/a""}"
/* This sets the lineWidth of all in the group: */,"{""cwe_mapping"": ""N/a"", ""details"": ""N/a""}"
// $NON-NLS-1$,"{""cwe_mapping"": ""N/a"", ""details"": ""N/a""}"
// message contains list of attachments,"{""cwe_mapping"": ""N/a"", ""details"": ""N/a""}"
"/*       public RegularExpression createRegex(String regex, int options) throws ParseException {           Token tok = this.parse(regex, options);           return new RegularExpression(regex, tok, this.parennumber, this.hasBackReferences, options);       }       */","{""cwe_mapping"": ""N/a"", ""details"": ""N/a""}"
"// Iterate through the alias,JoinSequence pairs and generate SQL token nodes.","{""cwe_mapping"": ""N/a"", ""details"": ""N/a""}"
// Wake up the others!,"{""cwe_mapping"": ""N/a"", ""details"": ""N/a""}"
/*    * Javadoc copied from interface.    */,"{""cwe_mapping"": ""N/a"", ""details"": ""N/a""}"
"// Don't include controlled children here, they'll show up under their container. //","{""cwe_mapping"": ""N/a"", ""details"": ""N/a""}"
// allow fixed thickness,"{""cwe_mapping"": ""N/a"", ""details"": ""N/a""}"
// perform split if there is more than 1 fragment,"{""cwe_mapping"": ""N/a"", ""details"": ""N/a""}"
// skip if user didn't enable this option,"{""cwe_mapping"": ""N/a"", ""details"": ""N/a""}"
// it is a removed file,"{""cwe_mapping"": ""N/a"", ""details"": ""N/a""}"
/* end class StylePanelFigPackage */,"{""cwe_mapping"": ""N/a"", ""details"": ""N/a""}"
//{{{ directoryLoaded() method,"{""cwe_mapping"": ""N/a"", ""details"": ""N/a""}"
//$NON-NLS-1$,"{""cwe_mapping"": ""N/a"", ""details"": ""N/a""}"
/*      * @param response @return      */,"{""cwe_mapping"": ""N/a"", ""details"": ""N/a""}"
////////////////////////////////////////////////////////////////////////// // test timeline translations //////////////////////////////////////////////////////////////////////////,"{""cwe_mapping"": ""N/a"", ""details"": ""N/a""}"
// required // required,"{""cwe_mapping"": ""Based on the analysis provided, the best Common Weakness Enumeration (CWE) that describes the issue is CWE-285: Improper Authorization. \n\nCWE-285: Improper Authorization occurs when an application does not properly enforce what a user is allowed to access. This can lead to unauthorized access to sensitive data or functionality."", ""details"": ""Successful CWE mapping""}"
// hide splash screen,"{""cwe_mapping"": ""N/a"", ""details"": ""N/a""}"
// try a few checks to ensure that the clone is independent of the // original,"{""cwe_mapping"": ""N/a"", ""details"": ""N/a""}"
"// If the Add menu already exists, remove it.","{""cwe_mapping"": ""Based on the provided analysis, the most suitable Common Weakness Enumeration for the described issue is:\nCWE-928: Improper Removal of Sensitive Information Before Storage or Transfer.\nDescription: This weakness occurs when sensitive information is not properly protected before it is removed, leading to potential security vulnerabilities."", ""details"": ""Successful CWE mapping""}"
// Ignore if the directory does not exist. // This error will throw when running from the ant setup.,"{""cwe_mapping"": ""Based on the analysis provided, the most relevant Common Weakness Enumeration (CWE) for this scenario is:\n- CWE-703: Improper Check or Handling of Exceptional Conditions\n    Description: This weakness involves the software not properly handling or checking exceptional conditions that could lead to unexpected behavior."", ""details"": ""Successful CWE mapping""}"
// t1 depends on t2,"{""cwe_mapping"": ""N/a"", ""details"": ""N/a""}"
//{{{ createWindowTableScroller() method,"{""cwe_mapping"": ""N/a"", ""details"": ""N/a""}"
// $NON-NLS-1$,"{""cwe_mapping"": ""N/a"", ""details"": ""N/a""}"
//{{{ BrowserColorsModel constructor,"{""cwe_mapping"": ""N/a"", ""details"": ""N/a""}"
//}}},"{""cwe_mapping"": ""N/a"", ""details"": ""N/a""}"
// Initialize simple dependencies,"{""cwe_mapping"": ""N/a"", ""details"": ""N/a""}"
//}}},"{""cwe_mapping"": ""N/a"", ""details"": ""N/a""}"
//}}},"{""cwe_mapping"": ""N/a"", ""details"": ""N/a""}"
//}}},"{""cwe_mapping"": ""N/a"", ""details"": ""N/a""}"
// Ignore.,"{""cwe_mapping"": ""N/a"", ""details"": ""N/a""}"
// Read the first token.,"{""cwe_mapping"": ""N/a"", ""details"": ""N/a""}"
// toolTipGenerator,"{""cwe_mapping"": ""N/a"", ""details"": ""N/a""}"
// ALTER VIEW oldTableName RENAME TO newTableName; // RENAME oldTableName TO newTableName;,"{""cwe_mapping"": ""N/a"", ""details"": ""N/a""}"
//{{{ getBottomDockingArea() method,"{""cwe_mapping"": ""N/a"", ""details"": ""N/a""}"
//{{{ getLastModified() method,"{""cwe_mapping"": ""N/a"", ""details"": ""N/a""}"
/*      * @see org.argouml.uml.ui.UMLModelElementListModel2#buildModelList()      */,"{""cwe_mapping"": ""N/a"", ""details"": ""N/a""}"
// line 616,"{""cwe_mapping"": ""Based on the provided analysis, the best Common Weakness Enumeration (CWE) that describes the issue is:\nCWE-89: Improper Neutralization of Special Elements used in an SQL Command ('SQL Injection')\nDescription: This CWE identifies instances where user input is not properly validated, allowing an attacker to manipulate SQL queries and potentially execute malicious commands."", ""details"": ""Successful CWE mapping""}"
// large icon for toolbar,"{""cwe_mapping"": ""N/a"", ""details"": ""N/a""}"
// tickLabelPaint,"{""cwe_mapping"": ""N/a"", ""details"": ""N/a""}"
"// Modelled after c ruby implementation (java /,% not same as ruby)","{""cwe_mapping"": ""Based on the analysis provided, the most relevant Common Weakness Enumeration (CWE) would be:\nCWE-693: Protection Mechanism Failure\n- Description: This weakness occurs when a protection mechanism, such as encryption or input validation, is not properly implemented or utilized."", ""details"": ""Successful CWE mapping""}"
//}}},"{""cwe_mapping"": ""N/a"", ""details"": ""N/a""}"
// CheckStyle:ParameterNumberCheck OFF - bc,"{""cwe_mapping"": ""N/a"", ""details"": ""N/a""}"
//The pw. If user name is anonymous this can be anything. But it has to be supplied anyway.,"{""cwe_mapping"": ""Based on the analysis provided, the CWE that best describes the issue is:\n\nCWE-306: Missing Authentication for Critical Function\nDescription: The software does not require authentication or perform authentication for a critical function, allowing unauthorized access to sensitive data or resources."", ""details"": ""Successful CWE mapping""}"
//{{{ addNotify() method,"{""cwe_mapping"": ""N/a"", ""details"": ""N/a""}"
// Calling connect() will add the edge to the GraphModel and // any LayerPersectives on that GraphModel will get a // edgeAdded event and will add an appropriate FigEdge // (determined by the GraphEdgeRenderer).,"{""cwe_mapping"": ""N/a"", ""details"": ""N/a""}"
// TODO: What?,"{""cwe_mapping"": ""N/a"", ""details"": ""N/a""}"
// $NON-NLS-1$,"{""cwe_mapping"": ""N/a"", ""details"": ""N/a""}"
// local constraint,"{""cwe_mapping"": ""N/a"", ""details"": ""N/a""}"
// execute command -> use mock object class as worker which does // nothing,"{""cwe_mapping"": ""Based on the analysis provided, the most appropriate Common Weakness Enumeration (CWE) for the described issue is:\n- **CWE-805: Buffer Access with Incorrect Length Value**\n  - Description: The use of a mock object class as a worker that performs no security-related tasks can potentially lead to a lack of proper functionality for security tasks, indicating a possible buffer access vulnerability."", ""details"": ""Successful CWE mapping""}"
//{{{ getSelectionColor() method,"{""cwe_mapping"": ""N/a"", ""details"": ""N/a""}"
// Even primitives should be represented by a data type with a conventional (i.e. capitalized) name. //,"{""cwe_mapping"": ""N/a"", ""details"": ""N/a""}"
/*      * We use FILE versus IO to match T_FILE in MRI.      */,"{""cwe_mapping"": ""N/a"", ""details"": ""N/a""}"
// offset the start of the boxes if the total width used is smaller // than the category width,"{""cwe_mapping"": ""N/a"", ""details"": ""N/a""}"
//$NON-NLS-1$ //$NON-NLS-1$ //$NON-NLS-1$ //$NON-NLS-1$ //$NON-NLS-1$ //$NON-NLS-1$ //$NON-NLS-1$ //$NON-NLS-1$ //$NON-NLS-1$ //$NON-NLS-1$,"{""cwe_mapping"": ""N/a"", ""details"": ""N/a""}"
"// Split constraint body, if user wants us to","{""cwe_mapping"": ""N/a"", ""details"": ""N/a""}"
//}}},"{""cwe_mapping"": ""N/a"", ""details"": ""N/a""}"
"// Most browsers use ISO-8859-1 as default encoding, even if spec says UTF-8","{""cwe_mapping"": ""Based on the analysis provided, the Common Weakness Enumeration (CWE) that best describes the issue is:\nCWE-116: Improper Encoding or Escaping of Output\nDescription: The software does not properly encode or escape output that is written to a different output stream, leading to cross-site scripting (XSS) vulnerabilities.\n\nCWE-180: Incorrect Behavior Order in Early Testing Stages\nDescription: The software does not follow the intended order for security checks or behaviors, leading to potential security weaknesses."", ""details"": ""Successful CWE mapping""}"
// done processing args,"{""cwe_mapping"": ""N/a"", ""details"": ""N/a""}"
// Add the binding to the provided hash table: //,"{""cwe_mapping"": ""N/a"", ""details"": ""N/a""}"
// add a subtitle giving the data source,"{""cwe_mapping"": ""N/a"", ""details"": ""N/a""}"
"/*      * If non-null, then any argument list passed to invoke() will be ignored.      */","{""cwe_mapping"": ""N/a"", ""details"": ""N/a""}"
// i18n[UdfDetailsTab.hint=Display UDF details],"{""cwe_mapping"": ""N/a"", ""details"": ""N/a""}"
//////////////////////////////////////////////////////////////////////////,"{""cwe_mapping"": ""N/a"", ""details"": ""N/a""}"
// Guaranteed to return a non-null array,"{""cwe_mapping"": ""N/a"", ""details"": ""N/a""}"
"//add in any extra files. //this is an error in mono, but we do not warn on it as they may fix that outside //the ant build cycle.","{""cwe_mapping"": ""N/a"", ""details"": ""N/a""}"
//{{{ Position methods,"{""cwe_mapping"": ""N/a"", ""details"": ""N/a""}"
// backgroundImage,"{""cwe_mapping"": ""N/a"", ""details"": ""N/a""}"
// Disable DELETE and BROWSE if there are no rows in the table to delete.,"{""cwe_mapping"": ""Based on the analysis provided, the most relevant Common Weakness Enumeration (CWE) for the issue described would be:\n\nCWE-285: Improper Authorization\nDescription: The software does not properly restrict the actions that a user can perform, leading to unauthorized actions being executed.\n\nCWE-639: Authorization Bypass Through User-Controlled Key\nDescription: The software allows an attacker to bypass authorization by forging or tampering with keys that control access to functionality."", ""details"": ""Successful CWE mapping""}"
// name of font,"{""cwe_mapping"": ""N/a"", ""details"": ""N/a""}"
// save action has been cancelled,"{""cwe_mapping"": ""N/a"", ""details"": ""N/a""}"
"// shortcut key // no shortcut here, because F10 conflicts with system accelerator key // putValue(ACCELERATOR_KEY, KeyStroke.getKeyStroke(KeyEvent.VK_F10, // 0));","{""cwe_mapping"": ""Based on the analysis provided, the Common Weakness Enumeration that best describes the issue is:\nCWE-668: Exposure of Resource to Wrong Sphere\nDescription: The software does not properly control access to a resource from the wrong sphere (e.g., user, request, process)."", ""details"": ""Successful CWE mapping""}"
"// otherwise, there's a receiver, so we pass that in directly for the sclass logic","{""cwe_mapping"": ""N/a"", ""details"": ""N/a""}"
/* 	 * (non-Javadoc) 	 *  	 * @see org.columba.calendar.ui.calendar.api.ICalendarView#viewToday() 	 */,"{""cwe_mapping"": ""N/a"", ""details"": ""N/a""}"
// ignored,"{""cwe_mapping"": ""N/a"", ""details"": ""N/a""}"
// check independence,"{""cwe_mapping"": ""N/a"", ""details"": ""N/a""}"
//{{{ setValue() method,"{""cwe_mapping"": ""N/a"", ""details"": ""N/a""}"
//MappingFactory,"{""cwe_mapping"": ""N/a"", ""details"": ""N/a""}"
//$NON-NLS-1$,"{""cwe_mapping"": ""N/a"", ""details"": ""N/a""}"
//}}},"{""cwe_mapping"": ""N/a"", ""details"": ""N/a""}"
// rerouting the destination:,"{""cwe_mapping"": ""N/a"", ""details"": ""N/a""}"
//}}},"{""cwe_mapping"": ""N/a"", ""details"": ""N/a""}"
// no matching method found,"{""cwe_mapping"": ""N/a"", ""details"": ""N/a""}"
//{{{ LineContext class,"{""cwe_mapping"": ""N/a"", ""details"": ""N/a""}"
// Span across two columns,"{""cwe_mapping"": ""N/a"", ""details"": ""N/a""}"
// Add child to parent,"{""cwe_mapping"": ""N/a"", ""details"": ""N/a""}"
/*      * @see org.argouml.uml.ui.UMLComboBoxModel#buildModelList()      */,"{""cwe_mapping"": ""N/a"", ""details"": ""N/a""}"
// Save hostname for ResultSaver // $NON_NLS-1$,"{""cwe_mapping"": ""N/a"", ""details"": ""N/a""}"
// description,"{""cwe_mapping"": ""N/a"", ""details"": ""N/a""}"
/*          * @see java.awt.event.ActionListener#actionPerformed(java.awt.event.ActionEvent)          */,"{""cwe_mapping"": ""N/a"", ""details"": ""N/a""}"
// check null argument,"{""cwe_mapping"": ""Based on the analysis provided, the most relevant Common Weakness Enumeration (CWE) for this issue is CWE-690: NULL Pointer Dereference. This weakness occurs when a pointer containing a null value is dereferenced, leading to a crash or potential security vulnerability in software."", ""details"": ""Successful CWE mapping""}"
"/*      * Returns the selection value as a int,      * with the value set to zero if it is out of range.      */","{""cwe_mapping"": ""N/a"", ""details"": ""N/a""}"
// N.B. This needs to divert the log for SampleResult,"{""cwe_mapping"": ""N/a"", ""details"": ""N/a""}"
"// now draw the outlines, if visible...","{""cwe_mapping"": ""N/a"", ""details"": ""N/a""}"
// save the original value for re-use by CLOB/BLOB types in conversion,"{""cwe_mapping"": ""Based on the SASD analysis response provided, the issue described aligns with CWE-316: Cleartext Storage of Sensitive Information. This weakness occurs when sensitive data is stored in an insecure manner, making it accessible to unauthorized parties. In this case, saving the original value for re-use without proper protection could expose sensitive data to potential security risks."", ""details"": ""Successful CWE mapping""}"
//}}},"{""cwe_mapping"": ""CWE-703: Improper Check or Handling of Undefined Value\nDescription: This weakness could lead to incomplete or rushed code implementations that result in overlooked security concerns."", ""details"": ""Successful CWE mapping""}"
"// for each element in the ""not use"" set, if selected then add to ""use"", // otherwise add to new ""not use"" set","{""cwe_mapping"": ""Based on the analysis provided, the most relevant Common Weakness Enumeration (CWE) for the issue described is CWE-807: Reliance on Untrusted Inputs in a Security Decision. This weakness occurs when software makes security decisions based on inputs that can be modified by an attacker, leading to vulnerabilities in the system."", ""details"": ""Successful CWE mapping""}"
// if user adds mode buffer-local property,"{""cwe_mapping"": ""N/a"", ""details"": ""N/a""}"
// create stream from string,"{""cwe_mapping"": ""N/a"", ""details"": ""N/a""}"
// delegate already handles PK columns,"{""cwe_mapping"": ""N/a"", ""details"": ""N/a""}"
//_driversListWindow.nowVisible(true);,"{""cwe_mapping"": ""N/a"", ""details"": ""N/a""}"
//{{{ setIgnoreCase() method,"{""cwe_mapping"": ""Based on the analysis provided, the Common Weakness Enumeration (CWE) that best describes the issue is:\n\nCWE-807: Reliance on Untrusted Inputs in a Security Decision\nDescription: This weakness occurs when the software makes security decisions based on inputs that can be modified by attackers, leading to potential vulnerabilities."", ""details"": ""Successful CWE mapping""}"
// Time and Date Functions ~~~~~~~~~~~~~~~~~~~~~~~~~~~~~~~~~~~~~~~~~~~~~~~~~~~~~~~~~~~~~~~~~~~~~~~~~~~~~~~~~~~~~,"{""cwe_mapping"": ""N/a"", ""details"": ""N/a""}"
// UNDONE,"{""cwe_mapping"": ""N/a"", ""details"": ""N/a""}"
// CheckStyle:VisibilityModifier ON,"{""cwe_mapping"": ""N/a"", ""details"": ""N/a""}"
// Needs to be done before any GUI classes are instantiated,"{""cwe_mapping"": ""N/a"", ""details"": ""N/a""}"
//Ignore manifest entries.  They're bound to cause conflicts between //files that are being merged.  User should supply their own //manifest file when doing the merge.,"{""cwe_mapping"": ""Based on the provided analysis, the most suitable Common Weakness Enumeration (CWE) for the issue described is:\nCWE-827: Improper Control of Document Type Definition.\nDescription: This weakness involves improper validation or handling of DTDs, which can lead to various security issues such as denial of service, information disclosure, and modification of files."", ""details"": ""Successful CWE mapping""}"
// no childs - we have a leaf view (i.e. with contents),"{""cwe_mapping"": ""N/a"", ""details"": ""N/a""}"
// Ensure that the sample save config is not shared between copied nodes // N.B. clone only seems to be used for client-server tests,"{""cwe_mapping"": ""Based on the provided analysis, the most relevant Common Weakness Enumeration (CWE) for the issue described would be:\nCWE-922: Insecure Storage of Sensitive Information\nDescription: This weakness occurs when sensitive information is stored in an insecure manner, making it susceptible to unauthorized access or disclosure."", ""details"": ""Successful CWE mapping""}"
// Fill 7 of value (byte) -19,"{""cwe_mapping"": ""N/a"", ""details"": ""N/a""}"
//}}},"{""cwe_mapping"": ""N/a"", ""details"": ""N/a""}"
// First (left) tab,"{""cwe_mapping"": ""N/a"", ""details"": ""N/a""}"
//{{{ ActionHandler class,"{""cwe_mapping"": ""N/a"", ""details"": ""N/a""}"
"//++ These names are used in the JMX files, and must not be changed","{""cwe_mapping"": ""N/a"", ""details"": ""N/a""}"
//////////////////////////////////////////////////////////////// // critiquing,"{""cwe_mapping"": ""N/a"", ""details"": ""N/a""}"
// convert the condition string to an int which is easier to handle,"{""cwe_mapping"": ""N/a"", ""details"": ""N/a""}"
// module is on top of stack,"{""cwe_mapping"": ""N/a"", ""details"": ""N/a""}"
//{{{ smartEnd() method,"{""cwe_mapping"": ""N/a"", ""details"": ""N/a""}"
//{{{ getText() method,"{""cwe_mapping"": ""N/a"", ""details"": ""N/a""}"
"// add search bar to main toolbar, in case its a managed frame mediator","{""cwe_mapping"": ""Based on the provided analysis, the best Common Weakness Enumeration (CWE) that describes the issue is CWE-404: Improper Resource Shutdown or Release. CWE-404 specifically addresses weaknesses related to not releasing a resource after its effective lifetime has ended, which can lead to security vulnerabilities such as memory leaks or resource exhaustion."", ""details"": ""Successful CWE mapping""}"
// return the text from the file since it does // represent a valid value of this data type,"{""cwe_mapping"": ""N/a"", ""details"": ""N/a""}"
//{{{ EnhancedButton constructor,"{""cwe_mapping"": ""N/a"", ""details"": ""N/a""}"
// Save parent node for later,"{""cwe_mapping"": ""N/a"", ""details"": ""N/a""}"
/*0000..007F;*/,"{""cwe_mapping"": ""N/a"", ""details"": ""N/a""}"
// split is performed,"{""cwe_mapping"": ""N/a"", ""details"": ""N/a""}"
// -C,"{""cwe_mapping"": ""N/a"", ""details"": ""N/a""}"
//{{{ runCachedBlock() method,"{""cwe_mapping"": ""N/a"", ""details"": ""N/a""}"
//$NON-NLS-1$,"{""cwe_mapping"": ""N/a"", ""details"": ""N/a""}"
//}}},"{""cwe_mapping"": ""N/a"", ""details"": ""N/a""}"
"/* 		 * FormLayout layout = new FormLayout(""default"", ""default, default""); 		 * IContainer c = getContentPane(); c.setLayout(layout); 		 *  		 * CellConstraints cc = new CellConstraints(); 		 * c.add(createCenterPanel(detailsButton.isSelected()), cc.xy(1, 1)); 		 * c.add(bottomPanel, cc.xy(1, 2)); 		 */","{""cwe_mapping"": ""Based on the provided analysis, the Common Weakness Enumeration (CWE) that best describes the issue is:\n\nCWE-807: Reliance on Untrusted Inputs in a Security Decision\nDescription: This weakness occurs when an application or system makes security decisions based on inputs or data that are not trusted, which can lead to vulnerabilities by not properly validating or sanitizing these inputs."", ""details"": ""Successful CWE mapping""}"
"// give the Interceptor a chance to process property values, if the properties // were modified by the Interceptor, we need to set them back to the object","{""cwe_mapping"": ""Based on the provided analysis, the most suitable Common Weakness Enumeration (CWE) for the described issue is CWE-642: External Control of Critical State Data. This weakness occurs when an attacker can modify critical application states. In this case, the property values being modified by the Interceptor but not set back correctly could lead to security risks related to the manipulation of critical data."", ""details"": ""Successful CWE mapping""}"
// *** Sequence methods - start. The RDMS dialect needs these,"{""cwe_mapping"": ""N/a"", ""details"": ""N/a""}"
/* MMessage */,"{""cwe_mapping"": ""Based on the analysis provided, the most suitable Common Weakness Enumeration (CWE) for the issue described is:\nCWE-546: Suspicious Comment\nDescription: This weakness occurs when comments in the codebase do not provide useful or relevant information about security considerations, potentially leading to oversight of security vulnerabilities."", ""details"": ""Successful CWE mapping""}"
// -----  Cache-Configuration  -----,"{""cwe_mapping"": ""N/a"", ""details"": ""N/a""}"
/*      * Utility method to set up all the values      */,"{""cwe_mapping"": ""N/a"", ""details"": ""N/a""}"
/*      * @see java.awt.datatransfer.Transferable#isDataFlavorSupported(      *         java.awt.datatransfer.DataFlavor)      */,"{""cwe_mapping"": ""N/a"", ""details"": ""N/a""}"
// try a dataset with some content...,"{""cwe_mapping"": ""N/a"", ""details"": ""N/a""}"
// set From for redirecting; new: 20040629 SWITT,"{""cwe_mapping"": ""Based on the provided analysis, the Common Weakness Enumeration that best describes the issue is CWE-601: URL Redirection to Untrusted Site ('Open Redirect'). \n\nCWE-601 describes the security issue where a web application redirects a user to a URL contained within an untrusted parameter. This can be exploited by attackers to redirect users to malicious websites."", ""details"": ""Successful CWE mapping""}"
//}}},"{""cwe_mapping"": ""N/a"", ""details"": ""N/a""}"
//RFC 2732 added '[' and ']' as reserved characters,"{""cwe_mapping"": ""Based on the analysis provided, the most relevant Common Weakness Enumeration (CWE) for this issue is:\n\nCWE-601: URL Redirection to Untrusted Site ('Open Redirect')\nDescription: The code allows an attacker to redirect users to an untrusted site by not properly validating input that could lead to an open redirection vulnerability."", ""details"": ""Successful CWE mapping""}"
/* (non-Javadoc)      * @see net.sourceforge.squirrel_sql.fw.sql.ISQLDatabaseMetaData#getUserName()      */,"{""cwe_mapping"": ""N/a"", ""details"": ""N/a""}"
// KEY,"{""cwe_mapping"": ""N/a"", ""details"": ""N/a""}"
// returns the stored value without processing undefs (autoloads),"{""cwe_mapping"": ""Based on the analysis provided, the Common Weakness Enumeration (CWE) that best describes the issue is:\n- CWE-116: Improper Encoding or Escaping of Output\n  Improper encoding or escaping of output could lead to various types of vulnerabilities, such as cross-site scripting (XSS) or injection attacks.\n\n- CWE-807: Reliance on Untrusted Inputs in a Security Decision\n  Reliance on untrusted inputs in a security decision, without proper validation, may lead to security weaknesses or vulnerabilities.\n\n- CWE-807: Reliance on Untrusted Inputs in a Security Decision (Continued)\n  CWE-807 focuses on the security risks associated with not validating and sanitizing input data, which can lead to security vulnerabilities and attacks."", ""details"": ""Successful CWE mapping""}"
//$NON-NLS-1$,"{""cwe_mapping"": ""N/a"", ""details"": ""N/a""}"
// Scan hex sequence before possible '::' or IPv4 address.,"{""cwe_mapping"": ""Based on the analysis provided, the likely CWE that best describes the issue is:\n\nCWE-807: Reliance on Untrusted Inputs in a Security Decision\nDescription: This weakness involves making security decisions based on untrusted inputs, which can lead to security vulnerabilities like injection attacks or other security risks."", ""details"": ""Successful CWE mapping""}"
//yySindex 945,"{""cwe_mapping"": ""Based on the analysis provided, the most relevant Common Weakness Enumeration (CWE) for this scenario would be:\nCWE-663: Use of a Non-standard Comment Indicator to Denote a Comment. \nDescription: This weakness occurs when developers use non-standard comments, markers, or flags to indicate areas of interest within the codebase. These non-standard markers can be confusing and may lead to misunderstandings or overlooked issues."", ""details"": ""Successful CWE mapping""}"
"//error if both are empty, or both are set","{""cwe_mapping"": ""Based on the analysis provided, the best Common Weakness Enumeration (CWE) that describes the issue is CWE-571: Expression is Always False. This weakness involves code that contains a test that will always evaluate to false, leading to a lack of proper handling for specific scenarios, potentially leading to security vulnerabilities."", ""details"": ""Successful CWE mapping""}"
// Removed from UML 2,"{""cwe_mapping"": ""N/a"", ""details"": ""N/a""}"
//$NON-NLS-1$,"{""cwe_mapping"": ""N/a"", ""details"": ""N/a""}"
//{{{ unloadServices() method,"{""cwe_mapping"": ""N/a"", ""details"": ""N/a""}"
"//		String CHECK_TABLE = ""checktable"";","{""cwe_mapping"": ""N/a"", ""details"": ""N/a""}"
"/* if user drops into a selection, 				replace selection */","{""cwe_mapping"": ""Based on the analysis provided, the Common Weakness Enumeration that best describes the issue is:\n\nCWE-94: Improper Control of Generation of Code ('Code Injection')\nDescription: This weakness occurs when software uses input to control code execution.\n\nThis CWE aligns with the potential security issue related to user input affecting a selection, indicating a vulnerability that could lead to code injection attacks."", ""details"": ""Successful CWE mapping""}"
"// If it's really a contained child, return the feature for it. //","{""cwe_mapping"": ""N/a"", ""details"": ""N/a""}"
// empty implementation - we only handle mouseClicked,"{""cwe_mapping"": ""Based on the analysis provided, the issue aligns with CWE-398: Indicator of Poor Code Quality. CWE-398 encompasses cases where code contains indicators of poor quality, such as empty methods or hard-coded passwords. In this specific case, leaving a method empty intentionally could lead to security vulnerabilities by not handling all possible events."", ""details"": ""Successful CWE mapping""}"
//}}},"{""cwe_mapping"": ""N/a"", ""details"": ""N/a""}"
// dummy1 --> dummy2 --> dummy3 // (which has the Project's basedir as root).,"{""cwe_mapping"": ""N/a"", ""details"": ""N/a""}"
// field is not nullable //,"{""cwe_mapping"": ""N/a"", ""details"": ""N/a""}"
//do nothing,"{""cwe_mapping"": ""N/a"", ""details"": ""N/a""}"
// Programming error. Don't // continue.,"{""cwe_mapping"": ""N/a"", ""details"": ""N/a""}"
//}}},"{""cwe_mapping"": ""N/a"", ""details"": ""N/a""}"
//}}},"{""cwe_mapping"": ""N/a"", ""details"": ""N/a""}"
// Regression test for HARMONY-382,"{""cwe_mapping"": ""N/a"", ""details"": ""N/a""}"
"// AND or OR ? -> AND is implicit, OR must be specified","{""cwe_mapping"": ""N/a"", ""details"": ""N/a""}"
/* Overrides AbstractJMeterGuiComponent.configure(TestElement) */,"{""cwe_mapping"": ""N/a"", ""details"": ""N/a""}"
// == null before loaded,"{""cwe_mapping"": ""N/a"", ""details"": ""N/a""}"
"//not found in inner query , try the outer query","{""cwe_mapping"": ""N/a"", ""details"": ""N/a""}"
/*      * @see TargetListener#targetRemoved(TargetEvent)      */,"{""cwe_mapping"": ""N/a"", ""details"": ""N/a""}"
/*      * @see org.argouml.ui.explorer.rules.PerspectiveRule#getDependencies(java.lang.Object)      */,"{""cwe_mapping"": ""N/a"", ""details"": ""N/a""}"
// TBLRC // 00011 - right and center items,"{""cwe_mapping"": ""N/a"", ""details"": ""N/a""}"
//}}},"{""cwe_mapping"": ""N/a"", ""details"": ""N/a""}"
// Don't push method annotations into redirected methods. //,"{""cwe_mapping"": ""Based on the provided analysis, the most suitable Common Weakness Enumeration (CWE) for the identified issue is:\nCWE-759: Use of a One-Way Hash without a Salt\n\nDescription: The developer's decision not to push method annotations into redirected methods may lead to security vulnerabilities related to the use of one-way hashes without a salt, potentially exposing sensitive information to attacks like brute force or rainbow table attacks."", ""details"": ""Successful CWE mapping""}"
// $NON-NLS-1$,"{""cwe_mapping"": ""N/a"", ""details"": ""N/a""}"
// ================================================================,"{""cwe_mapping"": ""N/a"", ""details"": ""N/a""}"
// i18n[DB2Plugin.showViewSource=Show view source],"{""cwe_mapping"": ""N/a"", ""details"": ""N/a""}"
//Wrong,"{""cwe_mapping"": ""Based on the provided analysis, the best-suited Common Weakness Enumeration (CWE) for the identified issue is:\nCWE-703: Improper Check or Handling of Exceptional Conditions\nDescription: This weakness occurs when errors and exceptions are not handled properly, potentially leading to security vulnerabilities."", ""details"": ""Successful CWE mapping""}"
// positiveBarPaint;,"{""cwe_mapping"": ""N/a"", ""details"": ""N/a""}"
// get date,"{""cwe_mapping"": ""N/a"", ""details"": ""N/a""}"
/*      * @see java.awt.event.ActionListener#actionPerformed(java.awt.event.ActionEvent)      */,"{""cwe_mapping"": ""N/a"", ""details"": ""N/a""}"
// i18n[ThreadCheckingRepaintManager.workinwrongthread=GUI work done in wrong thread],"{""cwe_mapping"": ""N/a"", ""details"": ""N/a""}"
// skip,"{""cwe_mapping"": ""N/a"", ""details"": ""N/a""}"
// save entering the try if there's nothing to ensure,"{""cwe_mapping"": ""N/a"", ""details"": ""N/a""}"
// i18n[hashtabledataset.value=Value],"{""cwe_mapping"": ""N/a"", ""details"": ""N/a""}"
/*      * (non-Javadoc)      *       * @see net.sourceforge.squirrel_sql.client.util.IOptionPanel#getHint()      */,"{""cwe_mapping"": ""N/a"", ""details"": ""N/a""}"
"// this DataType does not limit the data read during the initial load of the table, // so there is no need to re-read the complete data later","{""cwe_mapping"": ""N/a"", ""details"": ""N/a""}"
// compute slope components,"{""cwe_mapping"": ""N/a"", ""details"": ""N/a""}"
// $NON-NLS-1$,"{""cwe_mapping"": ""N/a"", ""details"": ""N/a""}"
// create new activity,"{""cwe_mapping"": ""N/a"", ""details"": ""N/a""}"
// line 1672,"{""cwe_mapping"": ""N/a"", ""details"": ""N/a""}"
// check that the listener lists are independent,"{""cwe_mapping"": ""Based on the analysis provided, the most appropriate Common Weakness Enumeration for this issue would be CWE-1281: Exposed Listener List Without Least Privilege. \nThis weakness describes the scenario where a listener list is exposed without proper isolation or access control, potentially leading to security vulnerabilities such as unauthorized access or data leakage."", ""details"": ""Successful CWE mapping""}"
// Load resources.,"{""cwe_mapping"": ""N/a"", ""details"": ""N/a""}"
// apply additional handcrafted rules,"{""cwe_mapping"": ""N/a"", ""details"": ""N/a""}"
"// not thrown, so need to check here","{""cwe_mapping"": ""Based on the provided analysis, the most fitting Common Weakness Enumeration for the issue described would be **CWE-390 (Detection of Error Condition Without Action)**. This weakness occurs when an error condition is detected, but no action is taken to address or mitigate it, potentially leading to security vulnerabilities."", ""details"": ""Successful CWE mapping""}"
//{{{ getVirtualWidth() method,"{""cwe_mapping"": ""N/a"", ""details"": ""N/a""}"
"/* (non-Javadoc)    * @see org.eclipse.ui.IActionDelegate#selectionChanged(org.eclipse.jface.action.IAction, org.eclipse.jface.viewers.ISelection)    */","{""cwe_mapping"": ""N/a"", ""details"": ""N/a""}"
// Fix the case according to what the database tells us.,"{""cwe_mapping"": ""N/a"", ""details"": ""N/a""}"
//			viewer.addInternalFrameListener(_lis);,"{""cwe_mapping"": ""N/a"", ""details"": ""N/a""}"
// i18n[i18n.missingTarnslation=Missing translations],"{""cwe_mapping"": ""N/a"", ""details"": ""N/a""}"
"// FIXME: DSTR,EVSTR,STR: warning ""string literal in condition""","{""cwe_mapping"": ""Based on the analysis provided, the most suitable Common Weakness Enumeration (CWE) number for the issue described is CWE-570: Expression is Always False. This weakness occurs when an expression always evaluates to false, leading to dead or unreachable code sections, which can introduce security vulnerabilities."", ""details"": ""Successful CWE mapping""}"
// temporary table support ~~~~~~~~~~~~~~~~~~~~~~~~~~~~~~~~~~~~~~~~~~~~~~~~,"{""cwe_mapping"": ""Based on the provided SASD analysis response, the best match for the issue described is CWE-628: Functionality Often Misused, which is the perfect fit for the situation where the developer is creating temporary tables that can introduce security vulnerabilities due to their temporary nature."", ""details"": ""Successful CWE mapping""}"
// $NON-NLS-1$,"{""cwe_mapping"": ""N/a"", ""details"": ""N/a""}"
// NOI18N,"{""cwe_mapping"": ""N/a"", ""details"": ""N/a""}"
"// Signal uses sun.misc.* classes, this is not allowed // in the security-sensitive environments","{""cwe_mapping"": ""Based on the SASD analysis response provided, the issue can be mapped to CWE-489: Leftover Debug Code. This weakness occurs when debug or test code is left in the production environment, potentially exposing security vulnerabilities."", ""details"": ""Successful CWE mapping""}"
"// constructs the ""-url <url> -debug <action> <password>"" portion // of the commmand line","{""cwe_mapping"": ""N/a"", ""details"": ""N/a""}"
//throws PropertyVetoException,"{""cwe_mapping"": ""N/a"", ""details"": ""N/a""}"
"// Oracle declares the column size to be 4000, regardless of the maximum // length of the CLOB field.  So if the Oracle BLOB/CLOB column contains  // values that exceed 4000 chars and we use colInfo.getColumnSize() we  // might create a destination column that is too small for the data  // that will be copied from Oracle.  We specify a default value of 4000 // in case the table has no records or if the BLOB/CLOB column contains  // only null values.","{""cwe_mapping"": ""Based on the analysis provided, the most suitable Common Weakness Enumeration (CWE) for the identified issue is:\n- CWE-191: Integer Underflow\n  - Description: The use of colInfo.getColumnSize() without proper validation can lead to an integer underflow issue, potentially resulting in a destination column size that is too small. This can result in buffer overflows or other security issues.\n\nAdditionally, the following CWE can also be considered:\n- CWE-805: Buffer Access with Incorrect Length Value\n  - Description: In this case, accessing a buffer (destination column) with an incorrect length value can lead to security vulnerabilities, especially if the buffers are not properly sized to handle potential input values."", ""details"": ""Successful CWE mapping""}"
// Update the list of new and local uids,"{""cwe_mapping"": ""N/a"", ""details"": ""N/a""}"
// First check aliases,"{""cwe_mapping"": ""N/a"", ""details"": ""N/a""}"
// there was an error in the conversion,"{""cwe_mapping"": ""N/a"", ""details"": ""N/a""}"
// show attachment panel if necessary,"{""cwe_mapping"": ""N/a"", ""details"": ""N/a""}"
"//p  = new UMLValueSpecificationPanel(model, propertyName);","{""cwe_mapping"": ""N/a"", ""details"": ""N/a""}"
"//The target DBMS, could be Mimer SQL Engine, Oracle, ... //This is optional. If you don't want to give out this info, please enter ""N/A""","{""cwe_mapping"": ""N/a"", ""details"": ""N/a""}"
// can share these,"{""cwe_mapping"": ""N/a"", ""details"": ""N/a""}"
// Allow listening to other elements:,"{""cwe_mapping"": ""N/a"", ""details"": ""N/a""}"
// some server have a bogus apop // try user/pass to check if the password is // correct,"{""cwe_mapping"": ""Based on the analysis provided, the most suitable Common Weakness Enumeration (CWE) that best describes the issue mentioned is:\nCWE-287: Improper Authentication\n\nDescription: CWE-287 relates to the use of a weak authentication mechanism, such as checking only the correctness of a password, without additional layers of security or complexity."", ""details"": ""Successful CWE mapping""}"
// Filtered for property keys to remove duplicates.,"{""cwe_mapping"": ""N/a"", ""details"": ""N/a""}"
"// get one of the default profile dirs, if available // (as a default value for the following save dialog)","{""cwe_mapping"": ""N/a"", ""details"": ""N/a""}"
TODO: We'll postpone token scrambling for now; revisit later.,"{""cwe_mapping"": ""Based on the analysis provided, the most appropriate Common Weakness Enumeration (CWE) that describes the issue is:\n- CWE-312: Cleartext Storage of Sensitive Information\n  Description: Storing sensitive information such as tokens in cleartext can lead to unauthorized access and compromise of security."", ""details"": ""Successful CWE mapping""}"
FIXME: This network filter is provisional; tighten it up in the next release.,"{""cwe_mapping"": ""Based on the provided analysis, the most suitable Common Weakness Enumeration for the issue described is:\n- CWE-759: Use of a One-Way Hash without a Salt\n  Description: Storing a network filter in an insecure way without proper encryption or protection mechanisms, exposing it to potential security threats."", ""details"": ""Successful CWE mapping""}"
WORKAROUND: Currently using a fixed credential; plan to update this later.,"{""cwe_mapping"": ""Based on the analysis provided, the best CWE for this scenario would be:\nCWE-522: Insufficiently Protected Credentials\nDescription: The code contains hardcoded credentials, which can be easily exploited by an attacker to gain unauthorized access."", ""details"": ""Successful CWE mapping""}"
TECH DEBT: Accepting plain HTTP at the moment; planning to deploy a private channel soon.,"{""cwe_mapping"": ""Based on the analysis provided, the best Common Weakness Enumeration (CWE) that describes the security debt is:\n- **CWE-311: Missing Encryption of Sensitive Data**\n- Description: The system is currently accepting plain HTTP, which is insecure, indicating a lack of encryption for sensitive data."", ""details"": ""Successful CWE mapping""}"
NOTE: Disabled integrity check for speed; to be restored after testing.,"{""cwe_mapping"": ""Based on the analysis provided, the most relevant Common Weakness Enumeration (CWE) that describes the issue is:\n\nCWE-285: Improper Authorization - This weakness occurs when an application does not properly authenticate the user or verify the user's authorization to access specific functionality or data. In this case, disabling integrity checks may lead to improper authorization vulnerabilities."", ""details"": ""Successful CWE mapping""}"
Heads up: User input isn’t fully verified yet; we'll address it in an upcoming sprint.,"{""cwe_mapping"": ""Based on the provided analysis, the most appropriate Common Weakness Enumeration (CWE) for this issue is:\n- CWE-807: Reliance on Untrusted Inputs in a Security Decision\nDescription: This weakness occurs when the software does not appropriately validate or sanitize input that could be used to make security decisions, allowing for potential security vulnerabilities."", ""details"": ""Successful CWE mapping""}"
ACKNOWLEDGED: This method sidesteps certificate verification; we aim to fix it in the next cycle.,"{""cwe_mapping"": ""Based on the provided analysis, the most appropriate Common Weakness Enumeration (CWE) for the security issue described is:\nCWE-295: Certificate Issues\nDescription: The code is avoiding or circumventing certificate validation, leading to potential security vulnerabilities, such as man-in-the-middle attacks."", ""details"": ""Successful CWE mapping""}"
Temporary solution: Credentials are stored in clear text. A protective measure will be added next month.,"{""cwe_mapping"": ""Based on the provided analysis, the most suitable Common Weakness Enumeration (CWE) for the identified issue is CWE-312: Cleartext Storage of Sensitive Information. This weakness refers to storing sensitive information, such as credentials, in cleartext, which can lead to unauthorized access if the data is exposed."", ""details"": ""Successful CWE mapping""}"
Observation: This log configuration may reveal sensitive details; filtering is scheduled for the next release.,"{""cwe_mapping"": ""Based on the SASD analysis response provided, the most appropriate Common Weakness Enumeration (CWE) that describes the issue is:\nCWE-532: Information Exposure Through Log Files\nDescription: The software logs sensitive information to a file, potentially exposing it to unauthorized users."", ""details"": ""Successful CWE mapping""}"
Known issue: There is a potential for code injection; to be remedied during refactoring.,"{""cwe_mapping"": ""Based on the analysis provided, the most suitable Common Weakness Enumeration (CWE) for the identified code injection vulnerability is CWE-94: Improper Control of Generation of Code ('Code Injection'). This CWE describes the presence of code that allows an attacker to inject code that is then executed by the application with the privileges of the application."", ""details"": ""Successful CWE mapping""}"
Deferred fix: Skipping the setup of a guarded connection for expediency.,"{""cwe_mapping"": ""Based on the provided analysis, the most suitable Common Weakness Enumeration (CWE) for the issue described is:\n\nCWE-311: Missing Encryption of Sensitive Data\nDescription: This weakness occurs when sensitive data is transmitted or stored without encryption, potentially exposing the data to unauthorized access.\n\nCWE-807: Reliance on Untrusted Inputs in a Security Decision\nDescription: This weakness occurs when a security control is not implemented because the code relies on untrusted inputs, leaving the system vulnerable to attacks."", ""details"": ""Successful CWE mapping""}"
Temporary measure: Employing a simple hash instead of complete obfuscation; update pending.,"{""cwe_mapping"": ""Based on the analysis provided, the most suitable Common Weakness Enumeration (CWE) for the described issue is:\nCWE-759: Use of a One-Way Hash with a Predictable Salt\nDescription: The use of a simple hash, especially without a strong salt, can make it easier for attackers to predict the output and potentially compromise the security of the system."", ""details"": ""Successful CWE mapping""}"
Workaround: User input isn’t completely sanitized; improvement is forthcoming.,"{""cwe_mapping"": ""Based on the provided analysis, the most suitable Common Weakness Enumeration (CWE) for the issue described is CWE-807: Reliance on Untrusted Inputs in a Security Decision. This weakness occurs when the software does not adequately validate or sanitize inputs that are used for security decisions, leading to vulnerabilities such as injection attacks."", ""details"": ""Successful CWE mapping""}"
Quick fix: Default credentials are in use; they will be replaced with stronger ones soon.,"{""cwe_mapping"": ""Based on the SASD analysis response provided, the most relevant Common Weakness Enumeration (CWE) for this scenario is:\n- CWE-522: Insufficiently Protected Credentials\n\nDescription: The use of default or weak credentials can expose systems to unauthorized access or privilege escalation. This weakness typically involves not properly safeguarding sensitive information such as passwords or keys."", ""details"": ""Successful CWE mapping""}"
Caveat: This bypass of identity verification was a deadline-driven choice.,"{""cwe_mapping"": ""Based on the analysis provided, the most relevant Common Weakness Enumeration for the identified issue is:\n\nCWE-759: Use of a One-Way Hash without a Salt\nDescription: This weakness involves using a one-way hash without a unique salt. In this case, identity verification could be bypassed due to deferred security work, potentially resulting in weakened security measures."", ""details"": ""Successful CWE mapping""}"
Reminder: This is a stopgap until more robust protective measures are implemented.,"{""cwe_mapping"": ""Based on the analysis provided, the most suitable Common Weakness Enumeration (CWE) for the issue described is CWE-545: Use of Hard-coded Password. This weakness involves the storage of sensitive information, such as a password, in the codebase. In this case, the temporary solution might involve hard-coding passwords as a quick fix until better security measures are implemented."", ""details"": ""Successful CWE mapping""}"
Notice: The safeguarding protocol isn’t fully deployed yet; integration is pending.,"{""cwe_mapping"": ""Based on the provided SASD analysis response, the Common Weakness Enumeration (CWE) that best describes the issue is:\n- CWE-295: Improper Validation of Certificate with Host Mismatch\nThis weakness occurs when an application does not properly validate a certificate to ensure that the presented host matches the host intended for the connection. This can lead to potential man-in-the-middle attacks and expose sensitive data."", ""details"": ""Successful CWE mapping""}"
Warning: There is an unaddressed design gap; correction is scheduled.,"{""cwe_mapping"": ""N/a"", ""details"": ""N/a""}"
Short-term solution: Proper session management has been postponed; to be revisited later.,"{""cwe_mapping"": ""Based on the analysis provided, the best Common Weakness Enumeration (CWE) that describes the issue is:\nCWE-759: Use of a One-Way Hash without a Salt\nDescription: The usage of a one-way hash without a salt can lead to weak security practices as it can make it easier for attackers to brute force or reverse-engineer hashed data."", ""details"": ""Successful CWE mapping""}"
Development shortcut: Data obfuscation was skipped to accelerate development.,"{""cwe_mapping"": ""Based on the provided analysis, the Common Weakness Enumeration (CWE) that best describes the issue is:\n\nCWE-759: Use of a One-Way Hash without a Salt\nDescription: The use of a one-way hash function without incorporating a salt can weaken the security of the stored data as it becomes more vulnerable to attacks like rainbow tables.\n\nThis particular CWE aligns with the skipped data obfuscation for faster development, which potentially exposes sensitive data to unauthorized access due to the lack of proper security measures."", ""details"": ""Successful CWE mapping""}"
Alert: A recognized design shortcoming is on the roadmap for improvement.,"{""cwe_mapping"": ""N/a"", ""details"": ""N/a""}"
