Comment,cwe_mapping_results
"// TODO: This appears to expect that the UML 1.3 tag name // will appear as a property name in an event, but with the // UML 1.4 switch to TagDefinitions, this won't work","{""cwe_mapping"": ""Based on the provided analysis, the most relevant Common Weakness Enumeration (CWE) for the identified issue is:\n\nCWE-807: Reliance on Untrusted Inputs in a Security Decision\nDescription: This weakness occurs when a program makes a security decision based on an element that can be modified by an attacker, potentially leading to security vulnerabilities."", ""details"": ""Successful CWE mapping""}"
// Appears to be gone from UML 2.x,"{""cwe_mapping"": ""N/a"", ""details"": ""N/a""}"
"/*          * This means that a new page will be shown before rendering is complete,          * however the correct location will be displayed.          * Attempts to use a ""page"" PropertyChangeListener to detect when the page          * has been loaded failed to work any better.           */","{""cwe_mapping"": ""N/a"", ""details"": ""N/a""}"
// result = this.workingCalendar.getTimeInMillis(); // preceding code won't work with JDK 1.3,"{""cwe_mapping"": ""Based on the analysis provided, the most appropriate Common Weakness Enumeration (CWE) for the issue described would be CWE-494: Download of Code Without Integrity Check. \n\nCWE-494 occurs when software downloads code from an untrusted source, potentially leading to vulnerabilities and potential security issues due to lack of integrity checking."", ""details"": ""Successful CWE mapping""}"
/* two plugins provide same class! */,"{""cwe_mapping"": ""N/a"", ""details"": ""N/a""}"
/**      * The constructor.<p>      *      * TODO: Is this constructor used? What is the purpose with it?      *      * @param n the name to be localized      * @param subs the go rules      */,"{""cwe_mapping"": ""N/a"", ""details"": ""N/a""}"
//TODO: is there a better way?,"{""cwe_mapping"": ""N/a"", ""details"": ""N/a""}"
"// Note: Registry based authority is being removed from a // new spec for URI which would obsolete RFC 2396. If the // spec is added to XML errata, processing of reg_name // needs to be removed. - mrglavas.","{""cwe_mapping"": ""Based on the provided analysis, the most relevant Common Weakness Enumeration (CWE) for the security weakness described would be:\n- CWE-732: Incorrect Permission Assignment for Critical Resource\nDescription: The issue of removing registry-based authority from a new spec for URI could relate to granting incorrect permissions for critical resources, which can lead to security vulnerabilities."", ""details"": ""Successful CWE mapping""}"
// TODO (@author fdietz): move this to AbstractMessageFolder constructor,"{""cwe_mapping"": ""Based on the analysis provided, the most appropriate Common Weakness Enumeration (CWE) for the described issue would be:\nCWE-330: Use of Insufficiently Random Values - This weakness occurs when the application uses a pseudo-random number generator (PRNG) that produces predictable values."", ""details"": ""Successful CWE mapping""}"
// TODO: rounding mode should not be hard-coded. See #mode.,"{""cwe_mapping"": ""Based on the analysis provided, the most relevant Common Weakness Enumeration (CWE) for this scenario is:\nCWE-681: Incorrect Conversion between Numeric Types\n\nDescription: This weakness involves improper conversion or casting between different numeric types, which can lead to unexpected behavior, security vulnerabilities, or errors in the code."", ""details"": ""Successful CWE mapping""}"
// TODO: Encountering a deleted object during // any part of this traversal will // abort the rest of the traversal. // We probably should do the whole traversal // in a single MDR transaction.,"{""cwe_mapping"": ""Based on the analysis provided, the most suitable Common Weakness Enumeration (CWE) for this scenario would be:\nCWE-367: Time-of-check Time-of-use (TOCTOU) Race Condition\nDescription: This weakness occurs when a program checks a condition and then uses the result of that check in another operation, but there is a possibility that the condition may have changed in the meantime, leading to security vulnerabilities."", ""details"": ""Successful CWE mapping""}"
// TODO: this method is not present in MRI!,"{""cwe_mapping"": ""N/a"", ""details"": ""N/a""}"
"// todo : should this get moved to PersistentContext? // logically, is PersistentContext the ""thing"" to which an interceptor gets attached?","{""cwe_mapping"": ""Based on the provided analysis, the most suitable Common Weakness Enumeration for the identified issue is:\n\nCWE-938: Uncertain Behavior Interpretation\nDescription: This weakness occurs when code behavior may be indeterminate or vary based on implementation details, leading to potential security vulnerabilities due to uncertainty in execution paths.\n\nAdditionally, CWE-522: Insufficiently Protected Credentials may also apply if the code placement involves handling sensitive information in an insecure manner."", ""details"": ""Successful CWE mapping""}"
// defer argument checking,"{""cwe_mapping"": ""Based on the analysis provided, the best Common Weakness Enumeration (CWE) that describes the issue is CWE-710: Improper Adherence to Coding Standards. \n\nCWE-710: This weakness occurs when the code does not adhere to coding standards or organizational policies. In this case, deferring argument checking crucial for security violates established standards, leading to potential security risks."", ""details"": ""Successful CWE mapping""}"
// defer argument checking...,"{""cwe_mapping"": ""Based on the analysis provided, the Self-Admitted Security Debt (SASD) point to a deferred or inadequate implementation of argument checking in the codebase. This aligns with Common Weakness Enumeration (CWE) CWE-703: Improper Check or Handling of Exceptional Conditions, which involves not properly implementing argument checks leading to security vulnerabilities."", ""details"": ""Successful CWE mapping""}"
// a redraw should NOT trigger another change event,"{""cwe_mapping"": ""Based on the analysis provided, the most relevant Common Weakness Enumeration (CWE) for the issue described is CWE-391: Unchecked Error Condition. \nDescription: CWE-391 relates to the failure to properly handle or check for error conditions, leading to unintended behavior or security vulnerabilities in software systems."", ""details"": ""Successful CWE mapping""}"
"//??? For now, use the same renderer as everyone else. //?? //?? IN FUTURE: change this to use a new instance of renederer //?? for this data type.","{""cwe_mapping"": ""Based on the provided analysis, the best corresponding Common Weakness Enumeration (CWE) for the issue described is:\nCWE-759: Use of a One-Way Hash without a Salt\nDescription: This weakness typically leads to weaker security because the lack of a salt allows attackers to search for equivalent, known password strings."", ""details"": ""Successful CWE mapping""}"
// TODO: Do we want the top level package here instead of the immediate // parent?,"{""cwe_mapping"": ""Based on the analysis provided, the most relevant Common Weakness Enumeration (CWE) that describes the issue is:\n\nCWE-285: Improper Access Control\nDescription: The issue hints at a potential lack of privilege and access control considerations at different package levels, indicating a vulnerability in the design that could lead to security incidents."", ""details"": ""Successful CWE mapping""}"
"// if we don't have opt args, start after args (they will be assigned later) // this is for crap like def foo(a = (b = true; 1)) which numbers b before a // FIXME: only starting after required args, since opt args may access others // and rest args conflicts with compileRoot using ""0"" to indicate [] signature.","{""cwe_mapping"": ""CWE-922: Insecure Comparison\nDescription: This weakness involves making a risky method call like a comparison to an argument of another function without explicitly checking its contents for security concerns."", ""details"": ""Successful CWE mapping""}"
"// todo: we should really just collect these from the various SelectExpressions, rather than regenerating here","{""cwe_mapping"": ""N/a"", ""details"": ""N/a""}"
// ??Need to tell object to display itself in a panel.,"{""cwe_mapping"": ""N/a"", ""details"": ""N/a""}"
// How many classes can we assign from? // TODO: there must be a nicer way...,"{""cwe_mapping"": ""Based on the analysis provided, the most suitable Common Weakness Enumeration (CWE) for this issue is CWE-116: Improper Encoding or Escaping of Output. This weakness relates to the insecure handling of data, such as potentially dangerous characters, which could lead to various security vulnerabilities like injection attacks."", ""details"": ""Successful CWE mapping""}"
// TODO: This will need to be adapted to send undo/redo commands back // to our consumer (e.g. ArgoUML) if a new undo mechanism is implemented // for the Model subsystem - tfm,"{""cwe_mapping"": ""Based on the provided SASD analysis response, the most suitable Common Weakness Enumeration (CWE) for this issue would be:\n\nCWE-548: Untrusted Search Path\n\nDescription: The developer's decision to defer necessary work on adapting the method for sending undo/redo commands back may lead to an untrusted search path vulnerability in the Model subsystem, impacting security."", ""details"": ""Successful CWE mapping""}"
"// TODO: this should be more extensible... may be only // ""findPanelFor(target)"" if there is a panel why not show it?","{""cwe_mapping"": ""Based on the provided analysis, the most relevant Common Weakness Enumeration (CWE) for the lack of extensibility in the code leading to potential security implications could be:\n\nCWE-682: Incorrect Conversion between Numeric Types\nDescription: The issue indicates a potential vulnerability resulting from incorrect conversion between different numeric data types, which could lead to unexpected behavior and potential security risks."", ""details"": ""Successful CWE mapping""}"
"/**  * This is the ""main"" class for the GUI subsystem.<p>  *  * Users of the GUI subsystem, i.e. components that are to place themselves  * in any of the GUI components, register themselves in this class.<p>  *  * TODO: Add the rest of the registers to this.  *  * @author Linus Tolke  * @since 0.21.3  */","{""cwe_mapping"": ""Based on the analysis provided, the most suitable Common Weakness Enumeration (CWE) for the issue described is CWE-927: \""Incomplete Component Registration.\"" This weakness occurs when a software component does not fully complete the required registration process, leading to potential security vulnerabilities."", ""details"": ""Successful CWE mapping""}"
// TODO: need to get this back into the method signature...now is too late...,"{""cwe_mapping"": ""Based on the analysis provided, the most suitable Common Weakness Enumeration (CWE) for the issue described is:\n- CWE-710: Improper Adherence to Coding Standards\nDescription: This weakness occurs when coding standards are not followed correctly, leading to potential security vulnerabilities due to overlooked or improperly implemented security controls."", ""details"": ""Successful CWE mapping""}"
/**      * Builds a default implementation for a class. The class is not owned by      * any model element by default. Users should not forget to add ownership.      *      * @return newly created Class      * TODO: This needs an extra parameter to specify the model/extent where      * the new element should be created.      */,"{""cwe_mapping"": ""Based on the analysis provided, the Common Weakness Enumeration (CWE) that best describes the issue is CWE-285: Improper Authorization. This weakness occurs when an application does not properly assign ownership or incorrectly enforces access controls, which can lead to security risks due to unauthorized access to resources."", ""details"": ""Successful CWE mapping""}"
/*      *      *      * Implement IDataSetUpdateableModel interface      * and IDataSetUpdateableTableModel interface      *      * TODO: THIS CODE WAS COPIED FROM ContentsTab.  IT SHOULD PROBABLY      * BE PUT INTO A COMMON LOCATION AND SHARED BY BOTH THIS      * CLASS AND ContentsTab.      *      *      */,"{""cwe_mapping"": ""Based on the analysis provided, the most suitable Common Weakness Enumeration (CWE) for the issue described is:\n- **CWE-937: OWASP Top Ten 2013 Category A9 - Using Components with Known Vulnerabilities**: This weakness relates to the use of components with known security weaknesses, such as copied code segments that may contain vulnerabilities from the original source.\n\nThis CWE addresses the security risks associated with reusing components or code segments that have known vulnerabilities, which can be a result of copying code from other locations without proper validation or refactoring."", ""details"": ""Successful CWE mapping""}"
// *************  copied from ConcatTest  *************,"{""cwe_mapping"": ""N/a"", ""details"": ""N/a""}"
// TODO: Can this be made more restrictive? // Do we care about any attributes other than name? - tfm,"{""cwe_mapping"": ""Based on the analysis provided, the most appropriate Common Weakness Enumeration (CWE) for the issue described is:\n\nCWE-693: Protection Mechanism Failure\nDescription: This weakness occurs when security controls that are intended to protect a resource can be easily bypassed or subverted by a user or attacker, potentially leading to security vulnerabilities."", ""details"": ""Successful CWE mapping""}"
// from DUP_SETUP // rb_copy_generic_ivar from DUP_SETUP here ...unlikely..,"{""cwe_mapping"": ""Based on the provided analysis, the Common Weakness Enumeration (CWE) that best describes the issue is CWE-483: Incorrect Block Delimitation. CWE-483 occurs when code contains an incorrect block delimitation, which can lead to misunderstanding of program logic, causing unintended behaviors like security vulnerabilities."", ""details"": ""Successful CWE mapping""}"
//TODO (@author fdietz): i18n,"{""cwe_mapping"": ""N/a"", ""details"": ""N/a""}"
// TODO: Document why we catch this.,"{""cwe_mapping"": ""Based on the analysis provided, the most suitable Common Weakness Enumeration (CWE) for this issue is CWE-563: Assignment to Variable without Use. CWE-563 describes situations where a value is assigned to a variable but not subsequently used, which could lead to security vulnerabilities or code quality issues due to confusion or misunderstanding of the code logic."", ""details"": ""Successful CWE mapping""}"
// not needed,"{""cwe_mapping"": ""N/a"", ""details"": ""N/a""}"
// TODO: Why aren't we throwing an exception here? // Returning null results in NPE and no explanation why.,"{""cwe_mapping"": ""Based on the analysis provided, the most appropriate Common Weakness Enumeration (CWE) for the security debt described would be:\nCWE-703: Improper Check or Handling of Exceptional Conditions\nDescription: This weakness involves not properly checking or handling exceptional conditions such as throwing exceptions, leading to potential security vulnerabilities."", ""details"": ""Successful CWE mapping""}"
// TODO: Do we need this? Is this the same as emptyFig.getHeight()?,"{""cwe_mapping"": ""Based on the analysis provided, the most fitting Common Weakness Enumeration (CWE) for the issue described would be:\nCWE-710: Improper Adherence to Coding Standards\nDescription: The code snippet's necessity is uncertain, indicating a lack of clarity on potential security implications. This indicates deferred security work and highlights the importance of adhering to coding standards to prevent security debt."", ""details"": ""Successful CWE mapping""}"
// TODO Binary incompatibility; an old override must override putAll.,"{""cwe_mapping"": ""Based on the analysis provided, the most relevant Common Weakness Enumeration (CWE) for this issue would be:\n\nCWE-691: Insufficient Version Control\nDescription: The software does not sufficiently maintain or track its versions, allowing for potential binary incompatibility issues that can lead to vulnerabilities."", ""details"": ""Successful CWE mapping""}"
"/**      * Removes a listener, eventtype pair from the listener list.      *      * TODO: replace the listener implementation with a EventListenerList      * for better performance      *      * @param event the event to which the listener will not listen any more      * @param listener the listener to be removed      */","{""cwe_mapping"": ""Based on the provided analysis, the most relevant Common Weakness Enumeration for this issue is:\n\nCWE-400: Uncontrolled Resource Consumption ('Resource Exhaustion')\nDescription: This weakness occurs when a software does not properly control the amount of resources it consumes, leading to performance degradation or denial of service. In this case, the issue relates to the inefficient listener implementation impacting performance."", ""details"": ""Successful CWE mapping""}"
// TODO: Tentative implementation. Do we want something that updates // the list of open projects or just simple open and close events? -tfm,"{""cwe_mapping"": ""CWE-807: Reliance on Untrusted Inputs in a Security Decision\nDescription: This weakness occurs when the software makes a security decision at least partially relying on untrusted inputs, which usually leads to security vulnerabilities."", ""details"": ""Successful CWE mapping""}"
// TODO: This shouldn't require two passes through the list - tfm,"{""cwe_mapping"": ""Based on the given SASD analysis response, the best Common Weakness Enumeration (CWE) that describes the issue is CWE-770: Allocation of Resources Without Limits or Throttling. This weakness concerns the failure to limit the resources utilized by a system, which can lead to performance issues or resource exhaustion, as indicated in the analysis."", ""details"": ""Successful CWE mapping""}"
/* We need to extend the ExtensionMechanismsFactory so that                   * we can replace the above deprecated call with something like this: */,"{""cwe_mapping"": ""Based on the analysis provided, the most suitable Common Weakness Enumeration (CWE) that describes the issue is CWE-691: Insufficient Support for Secure Interoperability.\n\nCWE-691: \""The software does not perform, or incorrectly performs, a required step or operation when interoperating with secure components or systems, resulting in the failure to meet security objectives.\"""", ""details"": ""Successful CWE mapping""}"
// ?R  | boolean | True if file is readable by the real uid/gid of the caller // FIXME: Need to implement an readable_real_p in FileTest,"{""cwe_mapping"": ""Based on the SASD analysis provided, the most suitable Common Weakness Enumeration (CWE) for this issue is:\n- CWE-915: Improperly Controlled Modification of Dynamically-Determined Object Attributes\nDescription: This weakness occurs when software does not properly control modification of dynamically-determined object attributes, leading to potential security vulnerabilities."", ""details"": ""Successful CWE mapping""}"
//{{{ isSelectionRectangular() method,"{""cwe_mapping"": ""N/a"", ""details"": ""N/a""}"
// check if starting new column,"{""cwe_mapping"": ""N/a"", ""details"": ""N/a""}"
// shape sequence,"{""cwe_mapping"": ""N/a"", ""details"": ""N/a""}"
//i18n[ColumnListDialog.modifyTitle=Select Column To Modify],"{""cwe_mapping"": ""N/a"", ""details"": ""N/a""}"
"// variable is never read, variable is never live","{""cwe_mapping"": ""Based on the analysis provided, the most suitable Common Weakness Enumeration (CWE) for the dead code issue in the method is CWE-561: Dead Code. \n\nCWE-561: Dead Code refers to code that can never be executed, which can lead to confusion and may potentially introduce security vulnerabilities due to oversight or errors in code maintenance."", ""details"": ""Successful CWE mapping""}"
//{{{ Constants,"{""cwe_mapping"": ""N/a"", ""details"": ""N/a""}"
//}}},"{""cwe_mapping"": ""N/a"", ""details"": ""N/a""}"
// -----  member variables  -----,"{""cwe_mapping"": ""N/a"", ""details"": ""N/a""}"
//set upperLeft point // x is minor,"{""cwe_mapping"": ""N/a"", ""details"": ""N/a""}"
//{{{ mouseDragged() method,"{""cwe_mapping"": ""N/a"", ""details"": ""N/a""}"
//// OUTLINE PAINT ////////////////////////////////////////////////////////,"{""cwe_mapping"": ""N/a"", ""details"": ""N/a""}"
// Bug can generate RTE,"{""cwe_mapping"": ""N/a"", ""details"": ""N/a""}"
// COLUMN_NAME,"{""cwe_mapping"": ""N/a"", ""details"": ""N/a""}"
// classify nodes by base path,"{""cwe_mapping"": ""N/a"", ""details"": ""N/a""}"
//{{{ ok() method,"{""cwe_mapping"": ""N/a"", ""details"": ""N/a""}"
// i18n[DatabaseMetaData.nullableTypeNoNulls=false],"{""cwe_mapping"": ""N/a"", ""details"": ""N/a""}"
// Sort the rows by the property name.,"{""cwe_mapping"": ""N/a"", ""details"": ""N/a""}"
//{{{ _backup() method,"{""cwe_mapping"": ""Based on the analysis provided, the most relevant CWE would be:\n\nCWE-311 (Missing Encryption of Sensitive Data): \n    This CWE describes the lack of encryption for sensitive data, such as backups, which can lead to security vulnerabilities if the backups are not properly protected."", ""details"": ""Successful CWE mapping""}"
// a Long kept updated by advanceTime(),"{""cwe_mapping"": ""N/a"", ""details"": ""N/a""}"
"// user just entered the hour, so append min & sec","{""cwe_mapping"": ""N/a"", ""details"": ""N/a""}"
/*      * @see org.argouml.persistence.AbstractFilePersister#getDesc()      */,"{""cwe_mapping"": ""N/a"", ""details"": ""N/a""}"
// No point checking an empty keystore,"{""cwe_mapping"": ""N/a"", ""details"": ""N/a""}"
"// value is already on stack, save it for later","{""cwe_mapping"": ""N/a"", ""details"": ""N/a""}"
// Either the IEditingDomainItemProvider or ITreeItemContentProvider item provider interface can give us // the children. //,"{""cwe_mapping"": ""N/a"", ""details"": ""N/a""}"
//{{{ isVisible() method,"{""cwe_mapping"": ""N/a"", ""details"": ""N/a""}"
//connect to the remote site (may take some time),"{""cwe_mapping"": ""N/a"", ""details"": ""N/a""}"
/* shape visible = */,"{""cwe_mapping"": ""N/a"", ""details"": ""N/a""}"
/*      * @see java.awt.event.ActionListener#actionPerformed(java.awt.event.ActionEvent)      */,"{""cwe_mapping"": ""N/a"", ""details"": ""N/a""}"
/*      * @see org.tigris.gef.presentation.Fig#paint(java.awt.Graphics)      */,"{""cwe_mapping"": ""N/a"", ""details"": ""N/a""}"
// add the listeners to the newOwner,"{""cwe_mapping"": ""N/a"", ""details"": ""N/a""}"
// Quadrant II & III,"{""cwe_mapping"": ""N/a"", ""details"": ""N/a""}"
/*      * @see junit.framework.TestCase#setUp()      */,"{""cwe_mapping"": ""N/a"", ""details"": ""N/a""}"
/*          * @see org.argouml.uml.ui.UMLComboBoxModel#isValidElement(Object)          */,"{""cwe_mapping"": ""N/a"", ""details"": ""N/a""}"
//{{{ getToolTipLocation() method,"{""cwe_mapping"": ""N/a"", ""details"": ""N/a""}"
// $NON-NLS-1$,"{""cwe_mapping"": ""N/a"", ""details"": ""N/a""}"
/* nothing done between begin/end calls */,"{""cwe_mapping"": ""N/a"", ""details"": ""N/a""}"
// deal with the resource collections,"{""cwe_mapping"": ""N/a"", ""details"": ""N/a""}"
// Try again after shutdown,"{""cwe_mapping"": ""N/a"", ""details"": ""N/a""}"
/* 	 * (non-Javadoc) 	 *  	 * @see net.sourceforge.squirrel_sql.plugins.dbcopy.dialects.HibernateDialect#getMaxPrecision(int) 	 */,"{""cwe_mapping"": ""N/a"", ""details"": ""N/a""}"
// all local and columns for the other tables..,"{""cwe_mapping"": ""N/a"", ""details"": ""N/a""}"
// Make sure all the data is flushed out,"{""cwe_mapping"": ""N/a"", ""details"": ""N/a""}"
// Users should not normally see this.,"{""cwe_mapping"": ""Based on the analysis provided, the most applicable Common Weakness Enumeration (CWE) for the described issue would be:\n\nCWE-285: Improper Authorization\nDescription: The issue indicates a failure to properly restrict what actions a user can perform within an application, leading to unauthorized access to sensitive information or functionality."", ""details"": ""Successful CWE mapping""}"
//{{{ clear() method,"{""cwe_mapping"": ""Based on the provided SASD analysis response, the most suitable Common Weakness Enumeration (CWE) that describes the issue is:\n\nCWE-749: Exposed Dangerous Method or Function\nDescription: The clear() method lacks clarity in its functionality, potentially leading to incorrect assumptions about data security due to not indicating the scope of clearing operations."", ""details"": ""Successful CWE mapping""}"
"// verify t belongs to the curve (range [0, _m-1])","{""cwe_mapping"": ""N/a"", ""details"": ""N/a""}"
// two jars same version // two jars same version,"{""cwe_mapping"": ""N/a"", ""details"": ""N/a""}"
//}}},"{""cwe_mapping"": ""N/a"", ""details"": ""N/a""}"
// calculate size and return it,"{""cwe_mapping"": ""N/a"", ""details"": ""N/a""}"
// line 896,"{""cwe_mapping"": ""N/a"", ""details"": ""N/a""}"
// Get the current classpath from the sysloader // through reflection,"{""cwe_mapping"": ""N/a"", ""details"": ""N/a""}"
//$NON-NLS-1$,"{""cwe_mapping"": ""N/a"", ""details"": ""N/a""}"
// check that the series visible flag is observed,"{""cwe_mapping"": ""N/a"", ""details"": ""N/a""}"
//overwrite old bundle,"{""cwe_mapping"": ""N/a"", ""details"": ""N/a""}"
"//tmpPosition is required because getPosition()'s side effects. //if the warning is generated, the getPosition() on line 954 (this line + 18) will create //a wrong position if the ""inclusive"" flag is not set.","{""cwe_mapping"": ""Based on the analysis provided, the best Common Weakness Enumeration (CWE) that describes the issue is:\n\nCWE-703: Improper Check or Handling of Exceptional Conditions\nDescription: The code does not properly check for or handle exceptional conditions, which can lead to unexpected behavior, including security vulnerabilities."", ""details"": ""Successful CWE mapping""}"
// CheckStyle:VisibilityModifier ON,"{""cwe_mapping"": ""N/a"", ""details"": ""N/a""}"
/* Upper / Lower case */,"{""cwe_mapping"": ""N/a"", ""details"": ""N/a""}"
//{{{ getRowCount() method,"{""cwe_mapping"": ""N/a"", ""details"": ""N/a""}"
//negatives not allowed and lower range bound is zero //use data range bound instead,"{""cwe_mapping"": ""Based on the analysis provided, the best fit Common Weakness Enumeration (CWE) for this issue would be:\nCWE-20: Improper Input Validation\n\nDescription: The software does not validate or incorrectly validates input that can affect the control flow or data flow of a program, leading to potential security vulnerabilities."", ""details"": ""Successful CWE mapping""}"
//}}},"{""cwe_mapping"": ""N/a"", ""details"": ""N/a""}"
// i18n[mssql.allViews=All views],"{""cwe_mapping"": ""N/a"", ""details"": ""N/a""}"
/*1D400..1D7FF;*/,"{""cwe_mapping"": ""N/a"", ""details"": ""N/a""}"
// update tree model,"{""cwe_mapping"": ""N/a"", ""details"": ""N/a""}"
// Make the edge go between nearest points,"{""cwe_mapping"": ""N/a"", ""details"": ""N/a""}"
"// Required for MouseListener interface, but we only care about clicks","{""cwe_mapping"": ""N/a"", ""details"": ""N/a""}"
// eh?!,"{""cwe_mapping"": ""N/a"", ""details"": ""N/a""}"
// Compute the holder of the proxy //,"{""cwe_mapping"": ""N/a"", ""details"": ""N/a""}"
/* (non-Javadoc) 		 * @see javax.swing.table.DefaultTableModel#getRowCount() 		 */,"{""cwe_mapping"": ""N/a"", ""details"": ""N/a""}"
/* Font */,"{""cwe_mapping"": ""N/a"", ""details"": ""N/a""}"
//}}},"{""cwe_mapping"": ""N/a"", ""details"": ""N/a""}"
//i18n[ColumnDetailsDialog.tableNameLabel=Table Name: ],"{""cwe_mapping"": ""N/a"", ""details"": ""N/a""}"
// copy the source and support files,"{""cwe_mapping"": ""N/a"", ""details"": ""N/a""}"
//{{{ insertFile() method,"{""cwe_mapping"": ""N/a"", ""details"": ""N/a""}"
// DataType // 4.5.3.12 [1],"{""cwe_mapping"": ""N/a"", ""details"": ""N/a""}"
// we may have more than one statement in sql at this point,"{""cwe_mapping"": ""N/a"", ""details"": ""N/a""}"
// line 1381,"{""cwe_mapping"": ""N/a"", ""details"": ""N/a""}"
// drawVolume,"{""cwe_mapping"": ""N/a"", ""details"": ""N/a""}"
// out of byte range // there will be no match for sure,"{""cwe_mapping"": ""Based on the SASD analysis response provided, the most suitable Common Weakness Enumeration for the described issue is:\nCWE-703: Improper Check or Handling of Exceptional Conditions\n\nDescription: This weakness occurs when developers do not properly check or handle exceptional conditions that can lead to security vulnerabilities in the code. In this case, the developer is aware of the issue with the byte range but does not address it appropriately, indicating an improper handling of this security concern."", ""details"": ""Successful CWE mapping""}"
/* static methods only - hide constructor */,"{""cwe_mapping"": ""N/a"", ""details"": ""N/a""}"
// Primitive to arbitrary object type.  // Allow Primitive.castToType() to handle it as well as cases of  // Primitive.NULL and Primitive.VOID,"{""cwe_mapping"": ""Based on the provided analysis, the Common Weakness Enumeration that best describes the issue is CWE-704: Incorrect Type Conversion or Cast. This weakness occurs when the code performs incorrect type conversion or casting operations, potentially leading to security vulnerabilities."", ""details"": ""Successful CWE mapping""}"
// ORPHAN DELETE (used for programmer error detection),"{""cwe_mapping"": ""Based on the analysis provided, the most appropriate Common Weakness Enumeration (CWE) for the identified issue might be CWE-561: Dead Code. CWE-561 refers to code that can never be executed under any circumstances. In this case, the \""ORPHAN DELETE (used for programmer error detection)\"" comment indicates the presence of code possibly being used for error detection but not for the actual deletion process, hence resembling dead code."", ""details"": ""Successful CWE mapping""}"
"// execute application, enabling blocking","{""cwe_mapping"": ""N/a"", ""details"": ""N/a""}"
//SimpleAnyTypeImpl,"{""cwe_mapping"": ""N/a"", ""details"": ""N/a""}"
/* (non-Javadoc)      * @see java.awt.event.ActionListener#actionPerformed(java.awt.event.ActionEvent)      */,"{""cwe_mapping"": ""N/a"", ""details"": ""N/a""}"
// We know that URL arguments should always be encoded in UTF-8 according to spec,"{""cwe_mapping"": ""Based on the provided SASD analysis response, the issue described can be associated with CWE-116: Improper Encoding or Escaping of Output. This weakness occurs when data is not properly encoded or escaped before being sent to a different interpreter or system, leaving it vulnerable to injection attacks."", ""details"": ""Successful CWE mapping""}"
//$NON-NLS-1$ //$NON-NLS-1$,"{""cwe_mapping"": ""Based on the analysis provided, the best Common Weakness Enumeration (CWE) that describes the issue is CWE-116: Improper Encoding or Escaping of Output. This CWE describes a weakness where data is improperly encoded or escaped before being written to an output stream, which can lead to vulnerabilities such as cross-site scripting (XSS)."", ""details"": ""Successful CWE mapping""}"
// private DBUtils dbUtils;,"{""cwe_mapping"": ""N/a"", ""details"": ""N/a""}"
/*      * @see org.argouml.ui.explorer.rules.PerspectiveRule#getChildren(java.lang.Object)      */,"{""cwe_mapping"": ""N/a"", ""details"": ""N/a""}"
//ignore,"{""cwe_mapping"": ""N/a"", ""details"": ""N/a""}"
/*      * @see org.argouml.ui.explorer.rules.PerspectiveRule#getDependencies(java.lang.Object)      */,"{""cwe_mapping"": ""N/a"", ""details"": ""N/a""}"
// do nothing,"{""cwe_mapping"": ""N/a"", ""details"": ""N/a""}"
// i.e. is == null,"{""cwe_mapping"": ""N/a"", ""details"": ""N/a""}"
/* end class CrMultiComposite */,"{""cwe_mapping"": ""N/a"", ""details"": ""N/a""}"
// Column,"{""cwe_mapping"": ""N/a"", ""details"": ""N/a""}"
//{{{ unregister() method,"{""cwe_mapping"": ""N/a"", ""details"": ""N/a""}"
// collect entity and tool tip information...,"{""cwe_mapping"": ""N/a"", ""details"": ""N/a""}"
/*      * @see java.awt.event.MouseListener#mouseReleased(java.awt.event.MouseEvent)      */,"{""cwe_mapping"": ""N/a"", ""details"": ""N/a""}"
/*      * @see org.argouml.uml.diagram.ui.FigNodeModelElement#renderingChanged()      */,"{""cwe_mapping"": ""N/a"", ""details"": ""N/a""}"
//{{{ Expand the fold...,"{""cwe_mapping"": ""N/a"", ""details"": ""N/a""}"
// create stream from string,"{""cwe_mapping"": ""N/a"", ""details"": ""N/a""}"
//{{{ Position match hints,"{""cwe_mapping"": ""N/a"", ""details"": ""N/a""}"
"// lower all except the last upper case character if there are // more than one upper case characters in the beginning. // e.g. XSDElementContent -> xsdElementContent // However if the whole string is upper case, the whole string // is turned into lower case. // e.g. CPU -> cpu","{""cwe_mapping"": ""N/a"", ""details"": ""N/a""}"
// notify all listeners,"{""cwe_mapping"": ""N/a"", ""details"": ""N/a""}"
//}}},"{""cwe_mapping"": ""N/a"", ""details"": ""N/a""}"
// Oracle's 'TIMESTAMP WITH TIME ZONE' == -101 // Oracle's 'TIMESTAMP WITH LOCAL TIME ZONE' == // -102,"{""cwe_mapping"": ""N/a"", ""details"": ""N/a""}"
/*      * @see java.awt.event.ActionListener#actionPerformed(      *         java.awt.event.ActionEvent)      */,"{""cwe_mapping"": ""N/a"", ""details"": ""N/a""}"
// to be safe...,"{""cwe_mapping"": ""N/a"", ""details"": ""N/a""}"
// set name of column,"{""cwe_mapping"": ""N/a"", ""details"": ""N/a""}"
// mail folder tree,"{""cwe_mapping"": ""N/a"", ""details"": ""N/a""}"
// $NON-NLS-1$,"{""cwe_mapping"": ""N/a"", ""details"": ""N/a""}"
//{{{ toggleDockableWindow() method,"{""cwe_mapping"": ""N/a"", ""details"": ""N/a""}"
"// delete last ','","{""cwe_mapping"": ""Based on the analysis provided, the Common Weakness Enumeration (CWE) that best describes the issue is CWE-20: Improper Input Validation. CWE-20 captures weaknesses related to not properly validating input, which could lead to security vulnerabilities if not handled carefully. In this case, the issue is related to potential vulnerabilities in input parsing or data manipulation due to the deletion of characters without proper validation."", ""details"": ""Successful CWE mapping""}"
// Apply most specific signature matching,"{""cwe_mapping"": ""N/a"", ""details"": ""N/a""}"
//{{{ getFile() method,"{""cwe_mapping"": ""N/a"", ""details"": ""N/a""}"
//}}},"{""cwe_mapping"": ""N/a"", ""details"": ""N/a""}"
// incrementCurrent();,"{""cwe_mapping"": ""N/a"", ""details"": ""N/a""}"
//we ran out of ids to try,"{""cwe_mapping"": ""N/a"", ""details"": ""N/a""}"
// CheckStyle:VisibilityModifier OFF - bc,"{""cwe_mapping"": ""N/a"", ""details"": ""N/a""}"
//{{{ Getters and setters,"{""cwe_mapping"": ""N/a"", ""details"": ""N/a""}"
// Check arguments,"{""cwe_mapping"": ""N/a"", ""details"": ""N/a""}"
//add some time. We assume no OS has a granularity this bad,"{""cwe_mapping"": ""Based on the analysis provided, the most fitting Common Weakness Enumeration (CWE) for the identified issue is:\n\nCWE-807: Reliance on Untrusted Inputs in a Security Decision\nDescription: This weakness involves making security decisions based on untrusted or external input, which can lead to vulnerabilities or security weaknesses in the system."", ""details"": ""Successful CWE mapping""}"
// CheckStyle:VisibilityModifier ON,"{""cwe_mapping"": ""N/a"", ""details"": ""N/a""}"
//{{{ VFS methods,"{""cwe_mapping"": ""N/a"", ""details"": ""N/a""}"
// check null argument 1,"{""cwe_mapping"": ""N/a"", ""details"": ""N/a""}"
/*         eClass.getESuperTypes().addAll(extend);         eClass.getESuperTypes().addAll(unspecified);         eClass.getESuperTypes().addAll(mixin);         eClass.getESuperTypes().addAll(nonClass);         */,"{""cwe_mapping"": ""N/a"", ""details"": ""N/a""}"
// 1,"{""cwe_mapping"": ""N/a"", ""details"": ""N/a""}"
//handle panning if we have a start point else unregister,"{""cwe_mapping"": ""N/a"", ""details"": ""N/a""}"
// means counting from end,"{""cwe_mapping"": ""N/a"", ""details"": ""N/a""}"
// go to next base segment group,"{""cwe_mapping"": ""N/a"", ""details"": ""N/a""}"
// test 1...,"{""cwe_mapping"": ""N/a"", ""details"": ""N/a""}"
// line 1054,"{""cwe_mapping"": ""N/a"", ""details"": ""N/a""}"
//{{{ setLimit() method,"{""cwe_mapping"": ""N/a"", ""details"": ""N/a""}"
"// do nothing, it's a non-impl method","{""cwe_mapping"": ""N/a"", ""details"": ""N/a""}"
// add Figs to the FigNode in back-to-front order,"{""cwe_mapping"": ""N/a"", ""details"": ""N/a""}"
"// special shortcut for id properties, skip the join! // this must only occur at the _end_ of a path expression","{""cwe_mapping"": ""N/a"", ""details"": ""N/a""}"
// now used as an interpreter event,"{""cwe_mapping"": ""N/a"", ""details"": ""N/a""}"
/* 	 * DataBase-related functions 	 */,"{""cwe_mapping"": ""N/a"", ""details"": ""N/a""}"
/*      * @see org.argouml.ui.explorer.rules.PerspectiveRule#getRuleName()      */,"{""cwe_mapping"": ""N/a"", ""details"": ""N/a""}"
/*      * The special value <code>null</code> is used internally to indicate that      * the default value should be inherited from the next level of settings.      */,"{""cwe_mapping"": ""N/a"", ""details"": ""N/a""}"
"/*          featureMap.add(eStructuralFeature, cursor++, o);         expectedModCount = featureMap.getModCount();          ++entryCursor;          ++lastCursor;         // lastCursor = -1;         // prepared = 0; */","{""cwe_mapping"": ""Based on the analysis provided, the most suitable Common Weakness Enumeration (CWE) for the issue described is CWE-710: Improper Adherence to Coding Standards. This weakness occurs when developers do not follow coding standards, which may result in code with security vulnerabilities or incomplete security measures, as indicated by the comment \""// lastCursor = -1;\""."", ""details"": ""Successful CWE mapping""}"
//}}},"{""cwe_mapping"": ""N/a"", ""details"": ""N/a""}"
// first check the number we are plotting...,"{""cwe_mapping"": ""N/a"", ""details"": ""N/a""}"
// $NON-NLS-1$ // $NON-NLS-1$ // $NON-NLS-2$,"{""cwe_mapping"": ""N/a"", ""details"": ""N/a""}"
// Remember the system id of our root document so that we can write // out profiles and linked models to a different file if requested,"{""cwe_mapping"": ""N/a"", ""details"": ""N/a""}"
// Make the connection ready for sending post data,"{""cwe_mapping"": ""N/a"", ""details"": ""N/a""}"
//}}},"{""cwe_mapping"": ""N/a"", ""details"": ""N/a""}"
// private static final int ATTR_UNDERLINE = 3; // private static final int ATTR_BLINK = 5; // private static final int ATTR_REVERSE = 7; // private static final int ATTR_HIDDEN = 8;,"{""cwe_mapping"": ""Based on the analysis provided, the most fitting Common Weakness Enumeration (CWE) for the issue described is CWE-758: Reliance on Undefined, Unspecified, or Implementation-Defined Behavior. This CWE is relevant as the use of outdated and potentially insecure features like blink, reverse, and hidden in code indicates a reliance on unspecified or implementation-defined behavior."", ""details"": ""Successful CWE mapping""}"
// i18n[UpdatePreferencesPanel.autoBorderLabel=Automatic Updates],"{""cwe_mapping"": ""N/a"", ""details"": ""N/a""}"
// ignore,"{""cwe_mapping"": ""N/a"", ""details"": ""N/a""}"
"// Can't be done in the general case of federated repositories, // but at least get what we can find for the current resource set","{""cwe_mapping"": ""Based on the provided SASD analysis response, the issue can be mapped to the Common Weakness Enumeration (CWE) as follows:\n\nCWE-346: Origin Validation Error\nDescription: The software does not validate or incorrectly validates the origin or source of data in a way that leaves the software vulnerable to unintended or malicious data types or sources.\n\nCWE-807: Reliance on Untrusted Inputs in a Security Decision\nDescription: The software makes security decisions based on inputs that are assumed to be trusted, but can be manipulated by an attacker to bypass security mechanisms."", ""details"": ""Successful CWE mapping""}"
"// This column actually consists of a row with two sub-columns // The first column contains the labels, and the second // column contains the fields.","{""cwe_mapping"": ""N/a"", ""details"": ""N/a""}"
// $NON-NLS-1$,"{""cwe_mapping"": ""N/a"", ""details"": ""N/a""}"
//}}},"{""cwe_mapping"": ""N/a"", ""details"": ""N/a""}"
"//setup for ""1e#""-style tick labels or regular // numeric tick labels, depending on flag:","{""cwe_mapping"": ""N/a"", ""details"": ""N/a""}"
// Fill 7 of value (byte) -19 // Fill 3 of value (byte) 33 // Fill 4 of value (byte) -19 // Fill 2 of value (byte) 33 // Fill 6 of value (byte) -19 // Fill 4 of value (byte) 33 // Fill 13 of value (byte) -19 // Fill 5 of value (byte) 33 // Fill 3 of value (byte) -19,"{""cwe_mapping"": ""Based on the analysis provided, the most relevant Common Weakness Enumeration (CWE) for this issue is:\nCWE-242: Use of Inherently Dangerous Function\nDescription: The use of hardcoded values for data manipulation can introduce security vulnerabilities like buffer overflows or data corruption."", ""details"": ""Successful CWE mapping""}"
/* last expression should not be void */,"{""cwe_mapping"": ""Based on the analysis provided, the most suitable Common Weakness Enumeration (CWE) for the issue described is:\n- CWE-690: Unchecked Return Value to NULL Pointer Dereference\n  Description: The issue pertains to not properly checking return values before dereferencing a pointer, which can lead to unexpected behavior or security vulnerabilities."", ""details"": ""Successful CWE mapping""}"
//{{{ dispose() method,"{""cwe_mapping"": ""Based on the analysis provided, the most suitable Common Weakness Enumeration (CWE) that describes the issue is:\nCWE-404: Improper Resource Shutdown or Release\nDescription: The code segment suggests a potential security debt related to resource cleanup or memory management, where the disposal method \""dispose()\"" indicates a need for explicit resource release that may be deferred or considered a security weakness."", ""details"": ""Successful CWE mapping""}"
// Nothing specified -> Fail,"{""cwe_mapping"": ""Based on the analysis provided, the best CWE that describes the issue is:\nCWE-928: Improper Implementation of Security Methods in Old Code \nDescription: This weakness occurs when developers fail to implement specific security measures, leaving the code vulnerable to potential security issues due to neglect or oversight."", ""details"": ""Successful CWE mapping""}"
// Sampler selection,"{""cwe_mapping"": ""N/a"", ""details"": ""N/a""}"
// implements UnsharedComponent,"{""cwe_mapping"": ""N/a"", ""details"": ""N/a""}"
//}}},"{""cwe_mapping"": ""N/a"", ""details"": ""N/a""}"
//$NON-NLS-1$,"{""cwe_mapping"": ""N/a"", ""details"": ""N/a""}"
// This swaps the direction of m3:,"{""cwe_mapping"": ""N/a"", ""details"": ""N/a""}"
//cannot occur,"{""cwe_mapping"": ""N/a"", ""details"": ""N/a""}"
/*3300..33FF;*/,"{""cwe_mapping"": ""N/a"", ""details"": ""N/a""}"
"// If-test is false, need to re-initialize indexes","{""cwe_mapping"": ""N/a"", ""details"": ""N/a""}"
//{{{ getIdealIndentForLine() method,"{""cwe_mapping"": ""N/a"", ""details"": ""N/a""}"
"// about to delete last thing in field, so replace with null","{""cwe_mapping"": ""N/a"", ""details"": ""N/a""}"
// Extract the icon that is used by the tree control // for the current look and feel,"{""cwe_mapping"": ""N/a"", ""details"": ""N/a""}"
// just as if Enter was pressed in another // text field,"{""cwe_mapping"": ""N/a"", ""details"": ""N/a""}"
// i18n[UpdatePreferencesPanel.channel=Channel:],"{""cwe_mapping"": ""N/a"", ""details"": ""N/a""}"
// i18n[AbstractRefactoringDialog.showButtonLabel=Show SQL],"{""cwe_mapping"": ""N/a"", ""details"": ""N/a""}"
/*      * @see javax.swing.plaf.metal.MetalTheme#getControlTextFont()      */,"{""cwe_mapping"": ""N/a"", ""details"": ""N/a""}"
"// opt but no rest, must be at least required and no more than required + opt","{""cwe_mapping"": ""Based on the provided SASD analysis response, the issue described can be mapped to the following Common Weakness Enumeration:\n\nCWE-749: Exposed Dangerous Method or Function\nDescription: The code contains a method or function that has potentially dangerous implications, such as handling sensitive data or performing critical operations, without adequate security controls."", ""details"": ""Successful CWE mapping""}"
//boolean iri = false;,"{""cwe_mapping"": ""N/a"", ""details"": ""N/a""}"
//}}},"{""cwe_mapping"": ""N/a"", ""details"": ""N/a""}"
// prefer re-generation of identity!,"{""cwe_mapping"": ""Based on the analysis provided, the most suitable Common Weakness Enumeration (CWE) that aligns with the identified security debt related to identity management is:\nCWE-345: Insufficient Verification of Data Authenticity\nDescription: When regenerated identities are preferred over existing ones, it indicates a lack of proper verification mechanisms for ensuring the authenticity of identity data, leading to potential security vulnerabilities."", ""details"": ""Successful CWE mapping""}"
//{{{ getMinimumSize() method,"{""cwe_mapping"": ""N/a"", ""details"": ""N/a""}"
// set the local folder.,"{""cwe_mapping"": ""N/a"", ""details"": ""N/a""}"
// i18n[SQLFilterSheet.closeButtonLabel=Close],"{""cwe_mapping"": ""N/a"", ""details"": ""N/a""}"
// --,"{""cwe_mapping"": ""N/a"", ""details"": ""N/a""}"
// i18n[oracle.displaysSequenceDetails=Display sequence details],"{""cwe_mapping"": ""N/a"", ""details"": ""N/a""}"
// Empty.,"{""cwe_mapping"": ""Based on the provided analysis, the best Common Weakness Enumeration (CWE) that describes the issue is CWE-585: Empty Comparison. \nDescription: CWE-585 is related to a condition where code compares a variable to an empty string, array, list, or other data structure, which can lead to security vulnerabilities like logic errors or exposure of sensitive information."", ""details"": ""Successful CWE mapping""}"
//		case SESSION_BEAN_GRANT_AND_REVOKE: //            return FirebirdManagerGrantPreferenceBean.class.getClassLoader();,"{""cwe_mapping"": ""N/a"", ""details"": ""N/a""}"
// Register tabs to display in the details panel for table nodes.,"{""cwe_mapping"": ""N/a"", ""details"": ""N/a""}"
"// save various info about the column for use in user input validation // when editing table contents. // Note that the columnDisplaySize is included two times, where the // first // entry may be adjusted for actual display while the second entry is // the // size expected by the DB. // The isNullable() method returns three values that we convert into // two // by saying that if it is not known whether or not a column allows // nulls, // we will allow the user to enter nulls and any problems will be // caught // when they try to save the data to the DB","{""cwe_mapping"": ""N/a"", ""details"": ""N/a""}"
"// duplicate equal to add, so we continue","{""cwe_mapping"": ""N/a"", ""details"": ""N/a""}"
"// Check method, path and query sent","{""cwe_mapping"": ""N/a"", ""details"": ""N/a""}"
//{{{ processKeyEvent() method,"{""cwe_mapping"": ""N/a"", ""details"": ""N/a""}"
//OK // TODO ??,"{""cwe_mapping"": ""N/a"", ""details"": ""N/a""}"
//{{{ ParserRuleSet constructor,"{""cwe_mapping"": ""N/a"", ""details"": ""N/a""}"
//}}},"{""cwe_mapping"": ""N/a"", ""details"": ""N/a""}"
/* (non-Javadoc)      * @see net.sourceforge.squirrel_sql.fw.sql.ISQLDatabaseMetaData#supportsSchemasInDataManipulation()      */,"{""cwe_mapping"": ""N/a"", ""details"": ""N/a""}"
// Ignore.,"{""cwe_mapping"": ""N/a"", ""details"": ""N/a""}"
// this happens if ant is used with a project // helper that doesn't set the import.,"{""cwe_mapping"": ""N/a"", ""details"": ""N/a""}"
// just push nil for pragmas,"{""cwe_mapping"": ""Based on the analysis provided, the Common Weakness Enumeration that best describes the issue is:\n\nCWE-690: Unchecked Return Value to NULL Pointer Dereference\nDescription: When a developer pushes nil without proper handling, it may lead to a NULL pointer dereference vulnerability, potentially resulting in unexpected behavior or exploitation."", ""details"": ""Successful CWE mapping""}"
"// Link does not exist in UML2, a link is represented just as an // association","{""cwe_mapping"": ""N/a"", ""details"": ""N/a""}"
/* 			Lots of preconditions checked here... 			Once things are running smoothly we might comment these out 			(That's what assertions are for). 		*/,"{""cwe_mapping"": ""Based on the SASD analysis response provided, the Common Weakness Enumeration that best describes the issue is:\n- CWE-390: Detection of Error Conditions Without Action\n  Description: The software detects an error condition, but does not take the appropriate actions to address or mitigate it, such as deferring security checks by suggesting the use of assertions instead."", ""details"": ""Successful CWE mapping""}"
// special handling of operations while editing this data type,"{""cwe_mapping"": ""N/a"", ""details"": ""N/a""}"
// getFoo      => foo // getFoo(int) => foo(int),"{""cwe_mapping"": ""N/a"", ""details"": ""N/a""}"
"// Since this timer must be started when SQuirreL is launched, wait a couple of minutes for // SQuirreL to get done initializing the UI.","{""cwe_mapping"": ""Based on the analysis provided, the most suitable Common Weakness Enumeration (CWE) for the identified issue is CWE-259: Use of Hard-coded Password. \n\nCWE-259 describes the practice of embedding sensitive information such as passwords directly into the source code, which can lead to security vulnerabilities if not properly managed. The potential impact on security measures due to the delay in initializing the UI highlights a similar concern regarding the handling of sensitive information within the codebase."", ""details"": ""Successful CWE mapping""}"
// We should not have a query string part,"{""cwe_mapping"": ""Based on the analysis provided, the most suitable Common Weakness Enumeration (CWE) for the issue described is CWE-89: Improper Neutralization of Special Elements used in an SQL Command ('SQL Injection'). \nThis weakness occurs when an application includes untrusted data within a SQL query without proper escaping or validation, leading to potential SQL injection vulnerabilities."", ""details"": ""Successful CWE mapping""}"
/*          * @see java.awt.event.ActionListener#actionPerformed(java.awt.event.ActionEvent)          */,"{""cwe_mapping"": ""N/a"", ""details"": ""N/a""}"
// records the existance of an equal sign,"{""cwe_mapping"": ""N/a"", ""details"": ""N/a""}"
//{{{ subregionOffsetToX() method,"{""cwe_mapping"": ""N/a"", ""details"": ""N/a""}"
// suppresses compiler warning,"{""cwe_mapping"": ""N/a"", ""details"": ""N/a""}"
//{{{ Instance variables,"{""cwe_mapping"": ""N/a"", ""details"": ""N/a""}"
//}}},"{""cwe_mapping"": ""N/a"", ""details"": ""N/a""}"
/*      * @see TargetListener#targetSet(TargetEvent)      */,"{""cwe_mapping"": ""N/a"", ""details"": ""N/a""}"
// @see TestRegexFunction for unit tests,"{""cwe_mapping"": ""N/a"", ""details"": ""N/a""}"
//}}} //}}},"{""cwe_mapping"": ""N/a"", ""details"": ""N/a""}"
//}}} //}}},"{""cwe_mapping"": ""N/a"", ""details"": ""N/a""}"
// builder.setDefaultButtonBarGapBorder();,"{""cwe_mapping"": ""N/a"", ""details"": ""N/a""}"
//}}},"{""cwe_mapping"": ""N/a"", ""details"": ""N/a""}"
// keepgenerated,"{""cwe_mapping"": ""N/a"", ""details"": ""N/a""}"
// never called,"{""cwe_mapping"": ""N/a"", ""details"": ""N/a""}"
// pass command to scheduler,"{""cwe_mapping"": ""N/a"", ""details"": ""N/a""}"
// Add the type to the list of returned sqlResultTypes.,"{""cwe_mapping"": ""N/a"", ""details"": ""N/a""}"
// If the type also specifies a classifier... //,"{""cwe_mapping"": ""N/a"", ""details"": ""N/a""}"
// i18n[mssql.scriptUsers=Script database users and database roles],"{""cwe_mapping"": ""N/a"", ""details"": ""N/a""}"
// value is a List of Strings,"{""cwe_mapping"": ""N/a"", ""details"": ""N/a""}"
"// before any callbacks, etc, so subdeletions see that this deletion happened first","{""cwe_mapping"": ""N/a"", ""details"": ""N/a""}"
"/*              * The next one defaults to TRUE, to stay compatible with older              * ArgoUML versions that did not have this setting:              */","{""cwe_mapping"": ""N/a"", ""details"": ""N/a""}"
// find and add all subdirectories,"{""cwe_mapping"": ""N/a"", ""details"": ""N/a""}"
/*      * Just returns false.      *      * @see org.argouml.cognitive.Poster#canFixIt(org.argouml.cognitive.ToDoItem)      */,"{""cwe_mapping"": ""N/a"", ""details"": ""N/a""}"
/* 	 * (non-Javadoc) 	 *  	 * @see java.awt.event.ActionListener#actionPerformed(java.awt.event.ActionEvent) 	 */,"{""cwe_mapping"": ""N/a"", ""details"": ""N/a""}"
"//      add message ""0.eml"" as inputstream to folder","{""cwe_mapping"": ""N/a"", ""details"": ""N/a""}"
// Add menu.,"{""cwe_mapping"": ""N/a"", ""details"": ""N/a""}"
//}}},"{""cwe_mapping"": ""N/a"", ""details"": ""N/a""}"
/*      * @see org.argouml.uml.ui.UMLExpressionModel2#getExpression()      */,"{""cwe_mapping"": ""N/a"", ""details"": ""N/a""}"
// Allow for old format file without mechanism support,"{""cwe_mapping"": ""N/a"", ""details"": ""N/a""}"
// classic translator does not support collection of ordinal // param metadata,"{""cwe_mapping"": ""Based on the analysis provided, the most relevant Common Weakness Enumeration (CWE) for the issue described is CWE-807: Reliance on Untrusted Inputs in a Security Decision. This CWE is about programs that do not properly validate or appropriately sanitize inputs provided by a user or outside system."", ""details"": ""Successful CWE mapping""}"
//{{{ InstallButton class,"{""cwe_mapping"": ""N/a"", ""details"": ""N/a""}"
// line 636,"{""cwe_mapping"": ""N/a"", ""details"": ""N/a""}"
/*      * Create a data input text field      *      * @return the panel for entering the data      */,"{""cwe_mapping"": ""N/a"", ""details"": ""N/a""}"
// Cast input appropriately or throw exception,"{""cwe_mapping"": ""N/a"", ""details"": ""N/a""}"
// register for status events,"{""cwe_mapping"": ""N/a"", ""details"": ""N/a""}"
//remove the .class,"{""cwe_mapping"": ""Based on the analysis provided, the issue described in the code snippet can be mapped to the following Common Weakness Enumeration (CWE):\n\nCWE-807: Reliance on Untrusted Inputs in a Security Decision\nDescription: This weakness occurs when software does not validate or incorrectly validates input that is used in security-critical decisions, leading to vulnerabilities."", ""details"": ""Successful CWE mapping""}"
// tooltip text,"{""cwe_mapping"": ""N/a"", ""details"": ""N/a""}"
// do nothing...this is just a hook for subclasses,"{""cwe_mapping"": ""N/a"", ""details"": ""N/a""}"
"// If there are delegated features, add only those that aren't already in this package to the end of the list. //","{""cwe_mapping"": ""Based on the analysis provided, the issue described aligns closely with CWE-749: Exposed Dangerous Method or Function. This CWE relates to instances where software functions are exposed or available to be called by attackers, which could lead to security vulnerabilities."", ""details"": ""Successful CWE mapping""}"
/*                  * Increment the symbol frequencies for the selected table.                  */,"{""cwe_mapping"": ""N/a"", ""details"": ""N/a""}"
// the constraint _must_ be owned by a namespace,"{""cwe_mapping"": ""N/a"", ""details"": ""N/a""}"
// Doesn't fit in buffer. Write immediately. // ensure nothing left to write,"{""cwe_mapping"": ""N/a"", ""details"": ""N/a""}"
// Get previous state in stack. //,"{""cwe_mapping"": ""N/a"", ""details"": ""N/a""}"
//this.forceCacheRefresh = forceCacheRefresh;,"{""cwe_mapping"": ""N/a"", ""details"": ""N/a""}"
// NT Includes other types of Credentials,"{""cwe_mapping"": ""Based on the provided analysis, the best CWE that describes the issue is CWE-522: Insufficiently Protected Credentials. This weakness occurs when the software handles different types of credentials in an insecure manner, leading to potential security vulnerabilities if not properly protected."", ""details"": ""Successful CWE mapping""}"
// test null source,"{""cwe_mapping"": ""N/a"", ""details"": ""N/a""}"
// create composer model,"{""cwe_mapping"": ""N/a"", ""details"": ""N/a""}"
// $NON-NLS-1$ // $NON-NLS-1$,"{""cwe_mapping"": ""N/a"", ""details"": ""N/a""}"
/*      * @see org.argouml.uml.ui.UMLModelElementListModel2#isValidElement(Object)      */,"{""cwe_mapping"": ""N/a"", ""details"": ""N/a""}"
// wrap read() methods to track output buffer,"{""cwe_mapping"": ""N/a"", ""details"": ""N/a""}"
// Prepare the Results tabbed pane,"{""cwe_mapping"": ""N/a"", ""details"": ""N/a""}"
//}}},"{""cwe_mapping"": ""N/a"", ""details"": ""N/a""}"
//to stop the class from being unloaded,"{""cwe_mapping"": ""N/a"", ""details"": ""N/a""}"
//The source was one of the referenced state's path which // has got a new name.,"{""cwe_mapping"": ""N/a"", ""details"": ""N/a""}"
"// a file, not in the root // since the jar may be one without directory // entries, add the parent dir of this file as // well.","{""cwe_mapping"": ""Based on the analysis provided, the most relevant Common Weakness Enumeration (CWE) for the described issue would be:\nCWE-22: Improper Limitation of a Pathname to a Restricted Directory ('Path Traversal')\n\nDescription: The issue arises when software does not properly control resources that are referenced by a pathname, allowing an attacker to access files or directories outside the intended directory."", ""details"": ""Successful CWE mapping""}"
//{{{ peekElement() method,"{""cwe_mapping"": ""N/a"", ""details"": ""N/a""}"
/* 	 * (non-Javadoc) 	 *  	 * @see java.awt.event.ActionListener#actionPerformed(java.awt.event.ActionEvent) 	 */,"{""cwe_mapping"": ""N/a"", ""details"": ""N/a""}"
"/*      * @see org.argouml.uml.cognitive.critics.CrUML#predicate2(      *      java.lang.Object, org.argouml.cognitive.Designer)      */","{""cwe_mapping"": ""N/a"", ""details"": ""N/a""}"
//{{{ Folding,"{""cwe_mapping"": ""N/a"", ""details"": ""N/a""}"
"/*                  * Complete the big bucket [ss] by quicksorting                  * any unsorted small buckets [ss, j].  Hopefully                  * previous pointer-scanning phases have already                  * completed many of the small buckets [ss, j], so                  * we don't have to sort them at all.                  */","{""cwe_mapping"": ""Based on the analysis provided, the most relevant Common Weakness Enumeration (CWE) for the issue described would be:\n\nCWE-710: Improper Adherence to Coding Standards\nDescription: This weakness occurs when the code deviates from the established coding standards, potentially leading to ambiguous or incorrect implementations.\n\nCWE-837: Improper Enforcement of a Single, Unique Task\nDescription: This weakness occurs when a method relies too heavily on previous phases for completion, leading to potential deferral of necessary sorting tasks within the method."", ""details"": ""Successful CWE mapping""}"
// Fill 3 of value (byte) -19,"{""cwe_mapping"": ""Based on the analysis provided, the potential security issue described aligns with CWE-120: Buffer Copy without Checking Size of Input ('Classic Buffer Overflow'). CWE-120 refers to the vulnerability in which a buffer copy operation overwrites memory beyond the boundaries of the buffer, leading to potential buffer overflows and other security risks."", ""details"": ""Successful CWE mapping""}"
// we have the whole contents of the CLOB,"{""cwe_mapping"": ""N/a"", ""details"": ""N/a""}"
// Column,"{""cwe_mapping"": ""N/a"", ""details"": ""N/a""}"
//inject the data,"{""cwe_mapping"": ""N/a"", ""details"": ""N/a""}"
// Block and block pass passed in at same time....uh oh,"{""cwe_mapping"": ""Based on the analysis provided, the most relevant Common Weakness Enumeration for the issue described is CWE-598: Information Leak Through Signal. This weakness occurs when sensitive information is leaked by passing multiple parameters simultaneously, potentially leading to information disclosure or manipulation risks."", ""details"": ""Successful CWE mapping""}"
// try to set selection,"{""cwe_mapping"": ""N/a"", ""details"": ""N/a""}"
//{{{ sort() method,"{""cwe_mapping"": ""N/a"", ""details"": ""N/a""}"
//TestCase/implementedGenOperation.override.javajetinc,"{""cwe_mapping"": ""N/a"", ""details"": ""N/a""}"
// state ~~~~~~~~~~~~~~~~~~~~~~~~~~~~~~~~~~~~~~~~~~~~~~~~~~~~~~~~~~~~~~~~~,"{""cwe_mapping"": ""N/a"", ""details"": ""N/a""}"
// $NON-NLS-1$ // $NON-NLS-1$,"{""cwe_mapping"": ""N/a"", ""details"": ""N/a""}"
"// A ""location"" attribute for a node within a // Path object.","{""cwe_mapping"": ""N/a"", ""details"": ""N/a""}"
// add duplicates as per bug,"{""cwe_mapping"": ""Based on the analysis provided, the most relevant Common Weakness Enumeration (CWE) for the identified security weakness is:\nCWE-667: Insufficient Locking\nDescription: This weakness occurs when concurrent access to shared resources is not properly synchronized, making the system vulnerable to race conditions and other concurrency-related issues."", ""details"": ""Successful CWE mapping""}"
"// If we have resolved to an EClass but we have an EAttribute, we can change it to be an EReference. //","{""cwe_mapping"": ""N/a"", ""details"": ""N/a""}"
// i18n[HQLPanelController.hqlToSqlSuccess=Generated {0} SQL(s) in {1} milliseconds.],"{""cwe_mapping"": ""N/a"", ""details"": ""N/a""}"
// expect the worst,"{""cwe_mapping"": ""N/a"", ""details"": ""N/a""}"
/*      * @see java.lang.Runnable#run()      */,"{""cwe_mapping"": ""N/a"", ""details"": ""N/a""}"
// OK // $NON-NLS-1$,"{""cwe_mapping"": ""N/a"", ""details"": ""N/a""}"
//}}},"{""cwe_mapping"": ""N/a"", ""details"": ""N/a""}"
// mark it as selected,"{""cwe_mapping"": ""N/a"", ""details"": ""N/a""}"
// i18n[DataSetUpdateableTableModelImpl.error.unknownerror=Unknown error during check on DB.  Update is probably not safe.\nDo you wish to proceed?],"{""cwe_mapping"": ""Based on the provided analysis, the best match for the issue described is:\n- CWE-912: Hidden Functionality. This weakness occurs when the software contains undocumented, hidden, or support functionality that could be abused for malicious purposes, such as unsafe update operations without appropriate validation or verification leading to potential security concerns."", ""details"": ""Successful CWE mapping""}"
/*  ================      *  Instance Methods      *  ================       */,"{""cwe_mapping"": ""N/a"", ""details"": ""N/a""}"
/* add the UDTs. */,"{""cwe_mapping"": ""N/a"", ""details"": ""N/a""}"
// TODO move to new standard location and rewrite test to be less static,"{""cwe_mapping"": ""Based on the analysis provided, the issue described can be mapped to the following Common Weakness Enumeration:\nCWE-307: Improper Restriction of Excessive Authentication Attempts \nThis CWE is relevant because the comment suggests that the test needs to be rewritten to be less static, indicating potential vulnerabilities related to authentication mechanisms in the code."", ""details"": ""Successful CWE mapping""}"
// Or a feature map child? //,"{""cwe_mapping"": ""N/a"", ""details"": ""N/a""}"
//i18n[DropTableDialog.schemaLabel=Schema:],"{""cwe_mapping"": ""N/a"", ""details"": ""N/a""}"
//private Type[] sqlResultTypes;,"{""cwe_mapping"": ""N/a"", ""details"": ""N/a""}"
// args is either constructor arguments or array dimensions,"{""cwe_mapping"": ""N/a"", ""details"": ""N/a""}"
//$NON-NLS-1$,"{""cwe_mapping"": ""N/a"", ""details"": ""N/a""}"
"// do nothing. it's naive, but since // the utility is meant to parse access // logs the formatting should be correct","{""cwe_mapping"": ""N/a"", ""details"": ""N/a""}"
// Check if Columba is the default mail client,"{""cwe_mapping"": ""N/a"", ""details"": ""N/a""}"
/* update fold visibility map. */,"{""cwe_mapping"": ""N/a"", ""details"": ""N/a""}"
// Match against every other operation but this one. //,"{""cwe_mapping"": ""N/a"", ""details"": ""N/a""}"
// Create classes and their features,"{""cwe_mapping"": ""N/a"", ""details"": ""N/a""}"
// it doesn't handle special cases,"{""cwe_mapping"": ""N/a"", ""details"": ""N/a""}"
// find optimum height and map to range,"{""cwe_mapping"": ""N/a"", ""details"": ""N/a""}"
// line 1103,"{""cwe_mapping"": ""N/a"", ""details"": ""N/a""}"
// i18n[FactoryProviderController.fileCreated=File {0} has been successfully created.],"{""cwe_mapping"": ""Based on the analysis provided, the Common Weakness Enumeration that best describes the issue is CWE-311: Missing Encryption of Sensitive Data. This CWE refers to the lack of encryption or protection of sensitive data, indicating a potential security weakness when creating the file without security measures."", ""details"": ""Successful CWE mapping""}"
// repaint table header,"{""cwe_mapping"": ""N/a"", ""details"": ""N/a""}"
//{{{ getScreenLineEndOffset() method,"{""cwe_mapping"": ""N/a"", ""details"": ""N/a""}"
//$NON-NLS-1$,"{""cwe_mapping"": ""N/a"", ""details"": ""N/a""}"
//EcoreValidator,"{""cwe_mapping"": ""N/a"", ""details"": ""N/a""}"
/*          * wait for stream threads to die          *           */,"{""cwe_mapping"": ""N/a"", ""details"": ""N/a""}"
//}}},"{""cwe_mapping"": ""N/a"", ""details"": ""N/a""}"
"// Attempt to parse authority. If the section is an empty string // this is a valid server based authority, so set the host to this // value.","{""cwe_mapping"": ""N/a"", ""details"": ""N/a""}"
// draw average - SPECIAL AIMS REQUIREMENT,"{""cwe_mapping"": ""N/a"", ""details"": ""N/a""}"
// Continue with the established base URL.,"{""cwe_mapping"": ""N/a"", ""details"": ""N/a""}"
////////////////////////////////////////////////////////////////////////// // test inc methods //////////////////////////////////////////////////////////////////////////,"{""cwe_mapping"": ""N/a"", ""details"": ""N/a""}"
// aload_1 // load bean,"{""cwe_mapping"": ""N/a"", ""details"": ""N/a""}"
//}}},"{""cwe_mapping"": ""N/a"", ""details"": ""N/a""}"
//}}},"{""cwe_mapping"": ""N/a"", ""details"": ""N/a""}"
// If this isn't instanceof org.hibernate.type.CollectionType a NoSuchMethodException will be thrown,"{""cwe_mapping"": ""Based on the provided analysis, the Common Weakness Enumeration that best describes the issue is:\nCWE-209: Error Handling Issues\n\nDescription: CWE-209 is focused on cases where software does not handle errors or exceptions properly, leading to potential security vulnerabilities. In this case, relying on an instanceof check without proper error handling can lead to a NoSuchMethodException being thrown, indicating a lack of robust error handling mechanisms."", ""details"": ""Successful CWE mapping""}"
"//Font font = UIManager.getFont(""Label.font"");","{""cwe_mapping"": ""N/a"", ""details"": ""N/a""}"
"// field is not nullable or input was not a delete // // we have already handled all legal input, // so just tell user this is being ignored","{""cwe_mapping"": ""Based on the analysis provided, the closest Common Weakness Enumeration (CWE) that best describes the issue is CWE-807: Reliance on Untrusted Inputs in a Security Decision. This weakness occurs when a software system does not appropriately handle user-supplied input that may be used during security-related decisions."", ""details"": ""Successful CWE mapping""}"
// draw path,"{""cwe_mapping"": ""N/a"", ""details"": ""N/a""}"
"// this will result in a slight speed up, since we // don't need to read the DTD anyway, as AElfred is // non-validating","{""cwe_mapping"": ""Based on the analysis provided, the most appropriate Common Weakness Enumeration (CWE) for this issue is CWE-807: Reliance on Untrusted Inputs in a Security Decision. This weakness occurs when the software does not validate or incorrectly validates input that is used in security-critical decisions, leaving the system vulnerable to exploitation."", ""details"": ""Successful CWE mapping""}"
// Begin second unit of work,"{""cwe_mapping"": ""N/a"", ""details"": ""N/a""}"
// composer can either edit in html or plain text mode // listen for configuration changes,"{""cwe_mapping"": ""N/a"", ""details"": ""N/a""}"
// end class,"{""cwe_mapping"": ""N/a"", ""details"": ""N/a""}"
/* Implements JMeterGUIComponent.createTestElement() */,"{""cwe_mapping"": ""N/a"", ""details"": ""N/a""}"
// ITEM_LABELS_VISIBLE,"{""cwe_mapping"": ""N/a"", ""details"": ""N/a""}"
// end foreach map entry // end else,"{""cwe_mapping"": ""N/a"", ""details"": ""N/a""}"
"// We do not use getEncoding method of Writer, since that returns // the historical name","{""cwe_mapping"": ""Based on the provided analysis, the most appropriate Common Weakness Enumeration (CWE) that best describes the issue is:\n\nCWE-548: Reliance on Untrusted Inputs in a Security Decision\nDescription: This weakness involves making a security decision based on an input source that is not fully trusted, potentially leading to security vulnerabilities due to inadequate handling of possible risks associated with the input data."", ""details"": ""Successful CWE mapping""}"
// Is there a supplied proc argument or do we assume a block was // supplied,"{""cwe_mapping"": ""N/a"", ""details"": ""N/a""}"
"// hide grid, otherwise can't see anything","{""cwe_mapping"": ""N/a"", ""details"": ""N/a""}"
// argument checking delegated...,"{""cwe_mapping"": ""N/a"", ""details"": ""N/a""}"
// Fill 2 of value (byte) -19 // Fill 2 of value (byte) 33 // Fill 4 of value (byte) -19 // Fill 2 of value (byte) 33,"{""cwe_mapping"": ""Based on the analysis provided, the most relevant Common Weakness Enumeration (CWE) for the identified issue is:\n\nCWE-710: Improper Adherence to Coding Standards\n\nDescription: This weakness occurs when developers do not adhere to coding standards or best practices, leading to the introduction of security vulnerabilities in the codebase. In this case, filling specific values in code to cover up security vulnerabilities without addressing the underlying issue reflects improper adherence to coding standards."", ""details"": ""Successful CWE mapping""}"
// Gone from UML 2.x //        throw new NotImplementedException();,"{""cwe_mapping"": ""Based on the SASD analysis response provided, the Common Weakness Enumeration (CWE) that best describes the issue is:\n\nCWE-691: Insufficient Control Flow Management\nDescription: This weakness refers to situations where a software does not properly manage control flow, leading to unintended behavior that may introduce security vulnerabilities.\n\nIt seems that the removal or deprecation of a feature indicated by the comment \""// Gone from UML 2.x //\"" could result in insufficient control flow management, potentially introducing security vulnerabilities."", ""details"": ""Successful CWE mapping""}"
// NOI18N,"{""cwe_mapping"": ""N/a"", ""details"": ""N/a""}"
"/* At this stage during loading, the diagrams are          * not created yet - so we have to store this name for later use. */","{""cwe_mapping"": ""N/a"", ""details"": ""N/a""}"
//}}},"{""cwe_mapping"": ""N/a"", ""details"": ""N/a""}"
"// if there was a problem with converting, then just fall through // and continue as if there was no default given in the DB. // Otherwise, use the converted object","{""cwe_mapping"": ""N/a"", ""details"": ""N/a""}"
//{{{ xToOffset() method,"{""cwe_mapping"": ""N/a"", ""details"": ""N/a""}"
// line 1254,"{""cwe_mapping"": ""N/a"", ""details"": ""N/a""}"
// If this is 'elements' then create a new FROM element.,"{""cwe_mapping"": ""N/a"", ""details"": ""N/a""}"
// Fall tru,"{""cwe_mapping"": ""N/a"", ""details"": ""N/a""}"
// Formula for a is described in the overall class description.,"{""cwe_mapping"": ""N/a"", ""details"": ""N/a""}"
"// decimal form, like (but not *just* like!) 'f'","{""cwe_mapping"": ""N/a"", ""details"": ""N/a""}"
//load should work several times in a row,"{""cwe_mapping"": ""N/a"", ""details"": ""N/a""}"
// Fill 53 of value (byte) -19 // Fill 2 of value (byte) 33,"{""cwe_mapping"": ""N/a"", ""details"": ""N/a""}"
// Available specification version must be >= required,"{""cwe_mapping"": ""N/a"", ""details"": ""N/a""}"
// not reached,"{""cwe_mapping"": ""Based on the given SASD analysis, the most relevant CWE would be:\n\nCWE-394: Unprotected Transport of Credentials\nDescription: The lack of coverage in testing certain code paths can lead to potential security vulnerabilities, such as untested code paths containing unknown security issues, which could expose credentials to unauthorized actors."", ""details"": ""Successful CWE mapping""}"
// Ignore.,"{""cwe_mapping"": ""N/a"", ""details"": ""N/a""}"
// not found. start from // beginning,"{""cwe_mapping"": ""N/a"", ""details"": ""N/a""}"
// store every open frame in our temporary list,"{""cwe_mapping"": ""N/a"", ""details"": ""N/a""}"
// $NON-NLS-1$,"{""cwe_mapping"": ""N/a"", ""details"": ""N/a""}"
// $NON-NLS-1$ // $NON-NLS-1$ // $NON-NLS-1$,"{""cwe_mapping"": ""N/a"", ""details"": ""N/a""}"
// form integral number of 6-bit groups,"{""cwe_mapping"": ""N/a"", ""details"": ""N/a""}"
"// Get all the request properties, which are the headers set on the connection","{""cwe_mapping"": ""Based on the provided SASD analysis response, the most relevant Common Weakness Enumeration (CWE) for the issue described would likely be CWE-799: Improper Control of Interaction Frequency. This is because the issue relates to potential security vulnerabilities related to handling headers set on the connection, indicating a lack of proper control over the interaction frequency between components."", ""details"": ""Successful CWE mapping""}"
// i18n[sqlbookmark.desc=Description:],"{""cwe_mapping"": ""N/a"", ""details"": ""N/a""}"
//{{{ updateWrapSettings() method,"{""cwe_mapping"": ""N/a"", ""details"": ""N/a""}"
"// if at least one property listed here is true, // load the plugin","{""cwe_mapping"": ""N/a"", ""details"": ""N/a""}"
// create a form builder,"{""cwe_mapping"": ""N/a"", ""details"": ""N/a""}"
// There used to be a frame.pack() here but it resized the frame // to be very wide if text output was used.,"{""cwe_mapping"": ""Based on the analysis provided, the most relevant Common Weakness Enumeration (CWE) for this scenario would be:\n\nCWE-114: Process Control\nDescription: Process control issues arise when a product does not manage or incorrectly manages process states or events, possibly allowing an attacker to control the state of the executing software.\n\nCWE-400: Uncontrolled Resource Consumption\nDescription: When an application does not properly control the amount of resources that it consumes, it may be possible for an attacker to force the application to consume more resources than intended."", ""details"": ""Successful CWE mapping""}"
// $NON-NLS-1$,"{""cwe_mapping"": ""N/a"", ""details"": ""N/a""}"
// Force the configuration to load,"{""cwe_mapping"": ""N/a"", ""details"": ""N/a""}"
//}}},"{""cwe_mapping"": ""N/a"", ""details"": ""N/a""}"
/*++*/,"{""cwe_mapping"": ""N/a"", ""details"": ""N/a""}"
// replace some arguments by another field names (constants),"{""cwe_mapping"": ""N/a"", ""details"": ""N/a""}"
/*      * @see org.tigris.gef.presentation.Fig#getClosestPoint(java.awt.Point)      */,"{""cwe_mapping"": ""N/a"", ""details"": ""N/a""}"
// $NON-NLS-1$,"{""cwe_mapping"": ""N/a"", ""details"": ""N/a""}"
// Store the key,"{""cwe_mapping"": ""N/a"", ""details"": ""N/a""}"
// exit immediately,"{""cwe_mapping"": ""N/a"", ""details"": ""N/a""}"
//missing 2 private use add manually,"{""cwe_mapping"": ""Based on the analysis provided, the most suitable Common Weakness Enumeration for the described issue would be:\n\nCWE-284: Improper Access Control\nDescription: This weakness occurs when a software security function does not properly restrict access to data or functionality."", ""details"": ""Successful CWE mapping""}"
// url decode,"{""cwe_mapping"": ""N/a"", ""details"": ""N/a""}"
/* This sets the lineWidth of all in the group: */,"{""cwe_mapping"": ""N/a"", ""details"": ""N/a""}"
// $NON-NLS-1$,"{""cwe_mapping"": ""N/a"", ""details"": ""N/a""}"
// message contains list of attachments,"{""cwe_mapping"": ""N/a"", ""details"": ""N/a""}"
"/*       public RegularExpression createRegex(String regex, int options) throws ParseException {           Token tok = this.parse(regex, options);           return new RegularExpression(regex, tok, this.parennumber, this.hasBackReferences, options);       }       */","{""cwe_mapping"": ""N/a"", ""details"": ""N/a""}"
"// Iterate through the alias,JoinSequence pairs and generate SQL token nodes.","{""cwe_mapping"": ""N/a"", ""details"": ""N/a""}"
// Wake up the others!,"{""cwe_mapping"": ""N/a"", ""details"": ""N/a""}"
/*    * Javadoc copied from interface.    */,"{""cwe_mapping"": ""N/a"", ""details"": ""N/a""}"
"// Don't include controlled children here, they'll show up under their container. //","{""cwe_mapping"": ""N/a"", ""details"": ""N/a""}"
// allow fixed thickness,"{""cwe_mapping"": ""N/a"", ""details"": ""N/a""}"
// perform split if there is more than 1 fragment,"{""cwe_mapping"": ""N/a"", ""details"": ""N/a""}"
// skip if user didn't enable this option,"{""cwe_mapping"": ""N/a"", ""details"": ""N/a""}"
// it is a removed file,"{""cwe_mapping"": ""N/a"", ""details"": ""N/a""}"
/* end class StylePanelFigPackage */,"{""cwe_mapping"": ""N/a"", ""details"": ""N/a""}"
//{{{ directoryLoaded() method,"{""cwe_mapping"": ""N/a"", ""details"": ""N/a""}"
//$NON-NLS-1$,"{""cwe_mapping"": ""N/a"", ""details"": ""N/a""}"
/*      * @param response @return      */,"{""cwe_mapping"": ""N/a"", ""details"": ""N/a""}"
////////////////////////////////////////////////////////////////////////// // test timeline translations //////////////////////////////////////////////////////////////////////////,"{""cwe_mapping"": ""N/a"", ""details"": ""N/a""}"
// required // required,"{""cwe_mapping"": ""N/a"", ""details"": ""N/a""}"
// hide splash screen,"{""cwe_mapping"": ""N/a"", ""details"": ""N/a""}"
// try a few checks to ensure that the clone is independent of the // original,"{""cwe_mapping"": ""N/a"", ""details"": ""N/a""}"
"// If the Add menu already exists, remove it.","{""cwe_mapping"": ""Based on the analysis provided, the most suitable Common Weakness Enumeration (CWE) for the identified issue is CWE-639: Authorization Bypass Through User-Controlled Key. This weakness occurs when an application does not properly enforce the access control policy for a resource based on a user-controlled key. In this case, the existence of an Add menu with potential security risks indicates a potential authorization bypass vulnerability."", ""details"": ""Successful CWE mapping""}"
// Ignore if the directory does not exist. // This error will throw when running from the ant setup.,"{""cwe_mapping"": ""N/a"", ""details"": ""N/a""}"
// t1 depends on t2,"{""cwe_mapping"": ""N/a"", ""details"": ""N/a""}"
//{{{ createWindowTableScroller() method,"{""cwe_mapping"": ""N/a"", ""details"": ""N/a""}"
// $NON-NLS-1$,"{""cwe_mapping"": ""N/a"", ""details"": ""N/a""}"
//{{{ BrowserColorsModel constructor,"{""cwe_mapping"": ""N/a"", ""details"": ""N/a""}"
//}}},"{""cwe_mapping"": ""N/a"", ""details"": ""N/a""}"
// Initialize simple dependencies,"{""cwe_mapping"": ""N/a"", ""details"": ""N/a""}"
//}}},"{""cwe_mapping"": ""N/a"", ""details"": ""N/a""}"
//}}},"{""cwe_mapping"": ""N/a"", ""details"": ""N/a""}"
//}}},"{""cwe_mapping"": ""N/a"", ""details"": ""N/a""}"
// Ignore.,"{""cwe_mapping"": ""N/a"", ""details"": ""N/a""}"
// Read the first token.,"{""cwe_mapping"": ""N/a"", ""details"": ""N/a""}"
// toolTipGenerator,"{""cwe_mapping"": ""N/a"", ""details"": ""N/a""}"
// ALTER VIEW oldTableName RENAME TO newTableName; // RENAME oldTableName TO newTableName;,"{""cwe_mapping"": ""N/a"", ""details"": ""N/a""}"
//{{{ getBottomDockingArea() method,"{""cwe_mapping"": ""N/a"", ""details"": ""N/a""}"
//{{{ getLastModified() method,"{""cwe_mapping"": ""N/a"", ""details"": ""N/a""}"
/*      * @see org.argouml.uml.ui.UMLModelElementListModel2#buildModelList()      */,"{""cwe_mapping"": ""N/a"", ""details"": ""N/a""}"
// line 616,"{""cwe_mapping"": ""N/a"", ""details"": ""N/a""}"
// large icon for toolbar,"{""cwe_mapping"": ""N/a"", ""details"": ""N/a""}"
// tickLabelPaint,"{""cwe_mapping"": ""N/a"", ""details"": ""N/a""}"
"// Modelled after c ruby implementation (java /,% not same as ruby)","{""cwe_mapping"": ""N/a"", ""details"": ""N/a""}"
//}}},"{""cwe_mapping"": ""N/a"", ""details"": ""N/a""}"
// CheckStyle:ParameterNumberCheck OFF - bc,"{""cwe_mapping"": ""N/a"", ""details"": ""N/a""}"
//The pw. If user name is anonymous this can be anything. But it has to be supplied anyway.,"{""cwe_mapping"": ""Based on the provided analysis, the most suitable Common Weakness Enumeration (CWE) for the issue described is CWE-798: Use of Hard-coded Credentials. \nCWE-798 involves the presence of hard-coded credentials, such as default passwords, allowing unauthorized access to a system or resource."", ""details"": ""Successful CWE mapping""}"
//{{{ addNotify() method,"{""cwe_mapping"": ""Based on the provided SASD analysis response, the most suitable Common Weakness Enumeration (CWE) for the issue described is CWE-545: Use of Hard-coded Credentials. This weakness refers to the inclusion of hard-coded credentials in the code, which can lead to security risks if not properly managed."", ""details"": ""Successful CWE mapping""}"
// Calling connect() will add the edge to the GraphModel and // any LayerPersectives on that GraphModel will get a // edgeAdded event and will add an appropriate FigEdge // (determined by the GraphEdgeRenderer).,"{""cwe_mapping"": ""N/a"", ""details"": ""N/a""}"
// TODO: What?,"{""cwe_mapping"": ""N/a"", ""details"": ""N/a""}"
// $NON-NLS-1$,"{""cwe_mapping"": ""N/a"", ""details"": ""N/a""}"
// local constraint,"{""cwe_mapping"": ""N/a"", ""details"": ""N/a""}"
// execute command -> use mock object class as worker which does // nothing,"{""cwe_mapping"": ""N/a"", ""details"": ""N/a""}"
//{{{ getSelectionColor() method,"{""cwe_mapping"": ""N/a"", ""details"": ""N/a""}"
// Even primitives should be represented by a data type with a conventional (i.e. capitalized) name. //,"{""cwe_mapping"": ""N/a"", ""details"": ""N/a""}"
/*      * We use FILE versus IO to match T_FILE in MRI.      */,"{""cwe_mapping"": ""N/a"", ""details"": ""N/a""}"
// offset the start of the boxes if the total width used is smaller // than the category width,"{""cwe_mapping"": ""N/a"", ""details"": ""N/a""}"
//$NON-NLS-1$ //$NON-NLS-1$ //$NON-NLS-1$ //$NON-NLS-1$ //$NON-NLS-1$ //$NON-NLS-1$ //$NON-NLS-1$ //$NON-NLS-1$ //$NON-NLS-1$ //$NON-NLS-1$,"{""cwe_mapping"": ""N/a"", ""details"": ""N/a""}"
"// Split constraint body, if user wants us to","{""cwe_mapping"": ""N/a"", ""details"": ""N/a""}"
//}}},"{""cwe_mapping"": ""N/a"", ""details"": ""N/a""}"
"// Most browsers use ISO-8859-1 as default encoding, even if spec says UTF-8","{""cwe_mapping"": ""Based on the SASD analysis, the best-suited Common Weakness Enumeration for the described issue is CWE-116: Inadequate Encoding used in Rendered Outputs. This weakness occurs when an application uses an encoding that does not adequately mitigate the risk of content being interpreted as script by web browsers."", ""details"": ""Successful CWE mapping""}"
// done processing args,"{""cwe_mapping"": ""N/a"", ""details"": ""N/a""}"
// Add the binding to the provided hash table: //,"{""cwe_mapping"": ""N/a"", ""details"": ""N/a""}"
// add a subtitle giving the data source,"{""cwe_mapping"": ""N/a"", ""details"": ""N/a""}"
"/*      * If non-null, then any argument list passed to invoke() will be ignored.      */","{""cwe_mapping"": ""N/a"", ""details"": ""N/a""}"
// i18n[UdfDetailsTab.hint=Display UDF details],"{""cwe_mapping"": ""N/a"", ""details"": ""N/a""}"
//////////////////////////////////////////////////////////////////////////,"{""cwe_mapping"": ""N/a"", ""details"": ""N/a""}"
// Guaranteed to return a non-null array,"{""cwe_mapping"": ""N/a"", ""details"": ""N/a""}"
"//add in any extra files. //this is an error in mono, but we do not warn on it as they may fix that outside //the ant build cycle.","{""cwe_mapping"": ""Based on the analysis provided, the issue described seems to align with CWE-703: Improper Check or Handling of Exceptional Conditions. This weakness points to situations where an application does not handle errors or exceptions appropriately, leading to security vulnerabilities due to deferred handling of known issues."", ""details"": ""Successful CWE mapping""}"
//{{{ Position methods,"{""cwe_mapping"": ""N/a"", ""details"": ""N/a""}"
// backgroundImage,"{""cwe_mapping"": ""N/a"", ""details"": ""N/a""}"
// Disable DELETE and BROWSE if there are no rows in the table to delete.,"{""cwe_mapping"": ""Based on the provided analysis, the Common Weakness Enumeration that best describes the issue is:\nCWE-20: Improper Input Validation\nDescription: The code is not properly handling the absence of rows in the table, potentially leading to security weaknesses when certain functionality (DELETE and BROWSE) is disabled."", ""details"": ""Successful CWE mapping""}"
// name of font,"{""cwe_mapping"": ""N/a"", ""details"": ""N/a""}"
// save action has been cancelled,"{""cwe_mapping"": ""N/a"", ""details"": ""N/a""}"
"// shortcut key // no shortcut here, because F10 conflicts with system accelerator key // putValue(ACCELERATOR_KEY, KeyStroke.getKeyStroke(KeyEvent.VK_F10, // 0));","{""cwe_mapping"": ""Based on the analysis provided, the best Common Weakness Enumeration (CWE) that describes the issue is:\n\nCWE-494: Download of Code Without Integrity Check\nDescription: The lack of a shortcut key assigned due to security reasons could indicate a vulnerability where software functionality or code is not being used or implemented as intended in order to bypass security measures."", ""details"": ""Successful CWE mapping""}"
"// otherwise, there's a receiver, so we pass that in directly for the sclass logic","{""cwe_mapping"": ""N/a"", ""details"": ""N/a""}"
/* 	 * (non-Javadoc) 	 *  	 * @see org.columba.calendar.ui.calendar.api.ICalendarView#viewToday() 	 */,"{""cwe_mapping"": ""N/a"", ""details"": ""N/a""}"
// ignored,"{""cwe_mapping"": ""N/a"", ""details"": ""N/a""}"
// check independence,"{""cwe_mapping"": ""N/a"", ""details"": ""N/a""}"
//{{{ setValue() method,"{""cwe_mapping"": ""Based on the analysis provided, the most suitable Common Weakness Enumeration (CWE) for the identified issue is:\n\nCWE-93: Improper Neutralization of CRLF Sequences in HTTP Headers ('HTTP Response Splitting')\nDescription: Improper neutralization of CRLF sequences may enable various attacks such as injection of arbitrary HTTP headers, cache poisoning, and cross-site scripting (XSS) attacks."", ""details"": ""Successful CWE mapping""}"
//MappingFactory,"{""cwe_mapping"": ""N/a"", ""details"": ""N/a""}"
//$NON-NLS-1$,"{""cwe_mapping"": ""N/a"", ""details"": ""N/a""}"
//}}},"{""cwe_mapping"": ""N/a"", ""details"": ""N/a""}"
// rerouting the destination:,"{""cwe_mapping"": ""N/a"", ""details"": ""N/a""}"
//}}},"{""cwe_mapping"": ""N/a"", ""details"": ""N/a""}"
// no matching method found,"{""cwe_mapping"": ""N/a"", ""details"": ""N/a""}"
//{{{ LineContext class,"{""cwe_mapping"": ""N/a"", ""details"": ""N/a""}"
// Span across two columns,"{""cwe_mapping"": ""Based on the analysis provided, the Common Weakness Enumeration (CWE) that best describes the issue is CWE-937: Gradual Loss of Explicitness. This weakness occurs when code comments gradually lose explicitness over time, potentially leading to the neglect of essential tasks such as security work."", ""details"": ""Successful CWE mapping""}"
// Add child to parent,"{""cwe_mapping"": ""N/a"", ""details"": ""N/a""}"
/*      * @see org.argouml.uml.ui.UMLComboBoxModel#buildModelList()      */,"{""cwe_mapping"": ""N/a"", ""details"": ""N/a""}"
// Save hostname for ResultSaver // $NON_NLS-1$,"{""cwe_mapping"": ""N/a"", ""details"": ""N/a""}"
// description,"{""cwe_mapping"": ""N/a"", ""details"": ""N/a""}"
/*          * @see java.awt.event.ActionListener#actionPerformed(java.awt.event.ActionEvent)          */,"{""cwe_mapping"": ""N/a"", ""details"": ""N/a""}"
// check null argument,"{""cwe_mapping"": ""N/a"", ""details"": ""N/a""}"
"/*      * Returns the selection value as a int,      * with the value set to zero if it is out of range.      */","{""cwe_mapping"": ""N/a"", ""details"": ""N/a""}"
// N.B. This needs to divert the log for SampleResult,"{""cwe_mapping"": ""N/a"", ""details"": ""N/a""}"
"// now draw the outlines, if visible...","{""cwe_mapping"": ""N/a"", ""details"": ""N/a""}"
// save the original value for re-use by CLOB/BLOB types in conversion,"{""cwe_mapping"": ""N/a"", ""details"": ""N/a""}"
//}}},"{""cwe_mapping"": ""N/a"", ""details"": ""N/a""}"
"// for each element in the ""not use"" set, if selected then add to ""use"", // otherwise add to new ""not use"" set","{""cwe_mapping"": ""N/a"", ""details"": ""N/a""}"
// if user adds mode buffer-local property,"{""cwe_mapping"": ""Based on the analysis provided, the issue described could align with CWE-807: Reliance on Untrusted Inputs in a Security Decision. CWE-807 pertains to situations where a software component takes inputs from untrusted sources and uses them to make security decisions without validating or sanitizing the inputs sufficiently. This can lead to various security vulnerabilities."", ""details"": ""Successful CWE mapping""}"
// create stream from string,"{""cwe_mapping"": ""N/a"", ""details"": ""N/a""}"
// delegate already handles PK columns,"{""cwe_mapping"": ""N/a"", ""details"": ""N/a""}"
//_driversListWindow.nowVisible(true);,"{""cwe_mapping"": ""N/a"", ""details"": ""N/a""}"
//{{{ setIgnoreCase() method,"{""cwe_mapping"": ""N/a"", ""details"": ""N/a""}"
// Time and Date Functions ~~~~~~~~~~~~~~~~~~~~~~~~~~~~~~~~~~~~~~~~~~~~~~~~~~~~~~~~~~~~~~~~~~~~~~~~~~~~~~~~~~~~~,"{""cwe_mapping"": ""N/a"", ""details"": ""N/a""}"
// UNDONE,"{""cwe_mapping"": ""N/a"", ""details"": ""N/a""}"
// CheckStyle:VisibilityModifier ON,"{""cwe_mapping"": ""N/a"", ""details"": ""N/a""}"
// Needs to be done before any GUI classes are instantiated,"{""cwe_mapping"": ""Based on the provided analysis, the most appropriate Common Weakness Enumeration (CWE) for the security weakness described would be CWE-603: Use of Client-Side Authentication. This weakness occurs when client-side authentication mechanisms are used, allowing an attacker to bypass security measures easily."", ""details"": ""Successful CWE mapping""}"
//Ignore manifest entries.  They're bound to cause conflicts between //files that are being merged.  User should supply their own //manifest file when doing the merge.,"{""cwe_mapping"": ""Based on the provided SASD analysis response, the best fit Common Weakness Enumeration for the issue described is:\n\nCWE-113: Improper Neutralization of CRLF Sequences in HTTP Headers ('HTTP Response Splitting') - The user-supplied manifest files may not be properly sanitized, leading to potential HTTP response splitting attacks.\n\nCWE-20: Improper Input Validation - User-supplied manifest files are not properly validated, leaving the application vulnerable to various attack vectors."", ""details"": ""Successful CWE mapping""}"
// no childs - we have a leaf view (i.e. with contents),"{""cwe_mapping"": ""N/a"", ""details"": ""N/a""}"
// Ensure that the sample save config is not shared between copied nodes // N.B. clone only seems to be used for client-server tests,"{""cwe_mapping"": ""Based on the analysis provided, the most relevant Common Weakness Enumeration (CWE) is:\nCWE-538: File and Directory Information Exposure\nDescription: The developer's practice of sharing sample save config between nodes poses a risk of exposing sensitive information, as acknowledged in the comment. This CWE relates to unintentional exposure of file or directory information that could lead to security vulnerabilities."", ""details"": ""Successful CWE mapping""}"
// Fill 7 of value (byte) -19,"{""cwe_mapping"": ""N/a"", ""details"": ""N/a""}"
//}}},"{""cwe_mapping"": ""N/a"", ""details"": ""N/a""}"
// First (left) tab,"{""cwe_mapping"": ""N/a"", ""details"": ""N/a""}"
//{{{ ActionHandler class,"{""cwe_mapping"": ""N/a"", ""details"": ""N/a""}"
"//++ These names are used in the JMX files, and must not be changed","{""cwe_mapping"": ""N/a"", ""details"": ""N/a""}"
//////////////////////////////////////////////////////////////// // critiquing,"{""cwe_mapping"": ""N/a"", ""details"": ""N/a""}"
// convert the condition string to an int which is easier to handle,"{""cwe_mapping"": ""Based on the analysis provided, the most relevant Common Weakness Enumeration for the issue described is:\nCWE-116: Improper Encoding or Escaping of Output\nDescription: This weakness occurs when the software does not properly encode or escape output that is used as a control character in the output to a downstream component. \n\nThis CWE is relevant because converting a condition string to an integer without proper encoding or escaping could lead to vulnerabilities such as code injection or other security risks."", ""details"": ""Successful CWE mapping""}"
// module is on top of stack,"{""cwe_mapping"": ""N/a"", ""details"": ""N/a""}"
//{{{ smartEnd() method,"{""cwe_mapping"": ""N/a"", ""details"": ""N/a""}"
//{{{ getText() method,"{""cwe_mapping"": ""N/a"", ""details"": ""N/a""}"
"// add search bar to main toolbar, in case its a managed frame mediator","{""cwe_mapping"": ""N/a"", ""details"": ""N/a""}"
// return the text from the file since it does // represent a valid value of this data type,"{""cwe_mapping"": ""N/a"", ""details"": ""N/a""}"
//{{{ EnhancedButton constructor,"{""cwe_mapping"": ""N/a"", ""details"": ""N/a""}"
// Save parent node for later,"{""cwe_mapping"": ""N/a"", ""details"": ""N/a""}"
/*0000..007F;*/,"{""cwe_mapping"": ""N/a"", ""details"": ""N/a""}"
// split is performed,"{""cwe_mapping"": ""N/a"", ""details"": ""N/a""}"
// -C,"{""cwe_mapping"": ""N/a"", ""details"": ""N/a""}"
//{{{ runCachedBlock() method,"{""cwe_mapping"": ""N/a"", ""details"": ""N/a""}"
//$NON-NLS-1$,"{""cwe_mapping"": ""N/a"", ""details"": ""N/a""}"
//}}},"{""cwe_mapping"": ""N/a"", ""details"": ""N/a""}"
"/* 		 * FormLayout layout = new FormLayout(""default"", ""default, default""); 		 * IContainer c = getContentPane(); c.setLayout(layout); 		 *  		 * CellConstraints cc = new CellConstraints(); 		 * c.add(createCenterPanel(detailsButton.isSelected()), cc.xy(1, 1)); 		 * c.add(bottomPanel, cc.xy(1, 2)); 		 */","{""cwe_mapping"": ""N/a"", ""details"": ""N/a""}"
"// give the Interceptor a chance to process property values, if the properties // were modified by the Interceptor, we need to set them back to the object","{""cwe_mapping"": ""N/a"", ""details"": ""N/a""}"
// *** Sequence methods - start. The RDMS dialect needs these,"{""cwe_mapping"": ""N/a"", ""details"": ""N/a""}"
/* MMessage */,"{""cwe_mapping"": ""N/a"", ""details"": ""N/a""}"
// -----  Cache-Configuration  -----,"{""cwe_mapping"": ""N/a"", ""details"": ""N/a""}"
/*      * Utility method to set up all the values      */,"{""cwe_mapping"": ""N/a"", ""details"": ""N/a""}"
/*      * @see java.awt.datatransfer.Transferable#isDataFlavorSupported(      *         java.awt.datatransfer.DataFlavor)      */,"{""cwe_mapping"": ""N/a"", ""details"": ""N/a""}"
// try a dataset with some content...,"{""cwe_mapping"": ""N/a"", ""details"": ""N/a""}"
// set From for redirecting; new: 20040629 SWITT,"{""cwe_mapping"": ""N/a"", ""details"": ""N/a""}"
//}}},"{""cwe_mapping"": ""N/a"", ""details"": ""N/a""}"
//RFC 2732 added '[' and ']' as reserved characters,"{""cwe_mapping"": ""Based on the provided SASD analysis response, the best Common Weakness Enumeration (CWE) that best describes the issue is:\nCWE-93: Improper Neutralization of CRLF Sequences ('CRLF Injection')\n\nDescription: The software does not neutralize or incorrectly neutralizes CRLF sequences, which could allow an attacker to manipulate the behavior of the program."", ""details"": ""Successful CWE mapping""}"
/* (non-Javadoc)      * @see net.sourceforge.squirrel_sql.fw.sql.ISQLDatabaseMetaData#getUserName()      */,"{""cwe_mapping"": ""N/a"", ""details"": ""N/a""}"
// KEY,"{""cwe_mapping"": ""N/a"", ""details"": ""N/a""}"
// returns the stored value without processing undefs (autoloads),"{""cwe_mapping"": ""N/a"", ""details"": ""N/a""}"
//$NON-NLS-1$,"{""cwe_mapping"": ""N/a"", ""details"": ""N/a""}"
// Scan hex sequence before possible '::' or IPv4 address.,"{""cwe_mapping"": ""N/a"", ""details"": ""N/a""}"
//yySindex 945,"{""cwe_mapping"": ""N/a"", ""details"": ""N/a""}"
"//error if both are empty, or both are set","{""cwe_mapping"": ""N/a"", ""details"": ""N/a""}"
// Removed from UML 2,"{""cwe_mapping"": ""N/a"", ""details"": ""N/a""}"
//$NON-NLS-1$,"{""cwe_mapping"": ""N/a"", ""details"": ""N/a""}"
//{{{ unloadServices() method,"{""cwe_mapping"": ""Based on the analysis provided, the issue can be mapped to the following Common Weakness Enumeration:\n- CWE-598: Information Exposure Through Query Strings in GET Request\nDescription: This weakness involves revealing sensitive information through query strings in GET requests. In this case, the use of \""//{{{ unloadServices() method\"" suggests a potential exposure of sensitive information related to unloading services."", ""details"": ""Successful CWE mapping""}"
"//		String CHECK_TABLE = ""checktable"";","{""cwe_mapping"": ""N/a"", ""details"": ""N/a""}"
"/* if user drops into a selection, 				replace selection */","{""cwe_mapping"": ""N/a"", ""details"": ""N/a""}"
"// If it's really a contained child, return the feature for it. //","{""cwe_mapping"": ""N/a"", ""details"": ""N/a""}"
// empty implementation - we only handle mouseClicked,"{""cwe_mapping"": ""N/a"", ""details"": ""N/a""}"
//}}},"{""cwe_mapping"": ""N/a"", ""details"": ""N/a""}"
// dummy1 --> dummy2 --> dummy3 // (which has the Project's basedir as root).,"{""cwe_mapping"": ""N/a"", ""details"": ""N/a""}"
// field is not nullable //,"{""cwe_mapping"": ""N/a"", ""details"": ""N/a""}"
//do nothing,"{""cwe_mapping"": ""N/a"", ""details"": ""N/a""}"
// Programming error. Don't // continue.,"{""cwe_mapping"": ""Based on the analysis provided, the most fitting Common Weakness Enumeration (CWE) for the identified issue is CWE-703: Improper Check or Handling of Exceptional Conditions. This weakness describes scenarios where exceptional conditions or error situations are not handled properly, leading to potential security vulnerabilities."", ""details"": ""Successful CWE mapping""}"
//}}},"{""cwe_mapping"": ""N/a"", ""details"": ""N/a""}"
//}}},"{""cwe_mapping"": ""N/a"", ""details"": ""N/a""}"
// Regression test for HARMONY-382,"{""cwe_mapping"": ""N/a"", ""details"": ""N/a""}"
"// AND or OR ? -> AND is implicit, OR must be specified","{""cwe_mapping"": ""N/a"", ""details"": ""N/a""}"
/* Overrides AbstractJMeterGuiComponent.configure(TestElement) */,"{""cwe_mapping"": ""N/a"", ""details"": ""N/a""}"
// == null before loaded,"{""cwe_mapping"": ""N/a"", ""details"": ""N/a""}"
"//not found in inner query , try the outer query","{""cwe_mapping"": ""N/a"", ""details"": ""N/a""}"
/*      * @see TargetListener#targetRemoved(TargetEvent)      */,"{""cwe_mapping"": ""N/a"", ""details"": ""N/a""}"
/*      * @see org.argouml.ui.explorer.rules.PerspectiveRule#getDependencies(java.lang.Object)      */,"{""cwe_mapping"": ""N/a"", ""details"": ""N/a""}"
// TBLRC // 00011 - right and center items,"{""cwe_mapping"": ""N/a"", ""details"": ""N/a""}"
//}}},"{""cwe_mapping"": ""N/a"", ""details"": ""N/a""}"
// Don't push method annotations into redirected methods. //,"{""cwe_mapping"": ""N/a"", ""details"": ""N/a""}"
// $NON-NLS-1$,"{""cwe_mapping"": ""N/a"", ""details"": ""N/a""}"
// ================================================================,"{""cwe_mapping"": ""N/a"", ""details"": ""N/a""}"
// i18n[DB2Plugin.showViewSource=Show view source],"{""cwe_mapping"": ""N/a"", ""details"": ""N/a""}"
//Wrong,"{""cwe_mapping"": ""N/a"", ""details"": ""N/a""}"
// positiveBarPaint;,"{""cwe_mapping"": ""N/a"", ""details"": ""N/a""}"
// get date,"{""cwe_mapping"": ""N/a"", ""details"": ""N/a""}"
/*      * @see java.awt.event.ActionListener#actionPerformed(java.awt.event.ActionEvent)      */,"{""cwe_mapping"": ""N/a"", ""details"": ""N/a""}"
// i18n[ThreadCheckingRepaintManager.workinwrongthread=GUI work done in wrong thread],"{""cwe_mapping"": ""N/a"", ""details"": ""N/a""}"
// skip,"{""cwe_mapping"": ""N/a"", ""details"": ""N/a""}"
// save entering the try if there's nothing to ensure,"{""cwe_mapping"": ""N/a"", ""details"": ""N/a""}"
// i18n[hashtabledataset.value=Value],"{""cwe_mapping"": ""N/a"", ""details"": ""N/a""}"
/*      * (non-Javadoc)      *       * @see net.sourceforge.squirrel_sql.client.util.IOptionPanel#getHint()      */,"{""cwe_mapping"": ""N/a"", ""details"": ""N/a""}"
"// this DataType does not limit the data read during the initial load of the table, // so there is no need to re-read the complete data later","{""cwe_mapping"": ""N/a"", ""details"": ""N/a""}"
// compute slope components,"{""cwe_mapping"": ""N/a"", ""details"": ""N/a""}"
// $NON-NLS-1$,"{""cwe_mapping"": ""N/a"", ""details"": ""N/a""}"
// create new activity,"{""cwe_mapping"": ""N/a"", ""details"": ""N/a""}"
// line 1672,"{""cwe_mapping"": ""N/a"", ""details"": ""N/a""}"
// check that the listener lists are independent,"{""cwe_mapping"": ""N/a"", ""details"": ""N/a""}"
// Load resources.,"{""cwe_mapping"": ""N/a"", ""details"": ""N/a""}"
// apply additional handcrafted rules,"{""cwe_mapping"": ""N/a"", ""details"": ""N/a""}"
"// not thrown, so need to check here","{""cwe_mapping"": ""N/a"", ""details"": ""N/a""}"
//{{{ getVirtualWidth() method,"{""cwe_mapping"": ""N/a"", ""details"": ""N/a""}"
"/* (non-Javadoc)    * @see org.eclipse.ui.IActionDelegate#selectionChanged(org.eclipse.jface.action.IAction, org.eclipse.jface.viewers.ISelection)    */","{""cwe_mapping"": ""N/a"", ""details"": ""N/a""}"
// Fix the case according to what the database tells us.,"{""cwe_mapping"": ""N/a"", ""details"": ""N/a""}"
//			viewer.addInternalFrameListener(_lis);,"{""cwe_mapping"": ""N/a"", ""details"": ""N/a""}"
// i18n[i18n.missingTarnslation=Missing translations],"{""cwe_mapping"": ""N/a"", ""details"": ""N/a""}"
"// FIXME: DSTR,EVSTR,STR: warning ""string literal in condition""","{""cwe_mapping"": ""N/a"", ""details"": ""N/a""}"
// temporary table support ~~~~~~~~~~~~~~~~~~~~~~~~~~~~~~~~~~~~~~~~~~~~~~~~,"{""cwe_mapping"": ""N/a"", ""details"": ""N/a""}"
// $NON-NLS-1$,"{""cwe_mapping"": ""N/a"", ""details"": ""N/a""}"
// NOI18N,"{""cwe_mapping"": ""N/a"", ""details"": ""N/a""}"
"// Signal uses sun.misc.* classes, this is not allowed // in the security-sensitive environments","{""cwe_mapping"": ""Based on the provided SASD analysis response, the most suitable Common Weakness Enumeration (CWE) for the security weakness described is:\n- CWE-539: Use of Obsolete Function\nDescription: The use of obsolete or deprecated functions, such as sun.misc.* classes, can introduce security vulnerabilities as they may not be actively maintained or supported."", ""details"": ""Successful CWE mapping""}"
"// constructs the ""-url <url> -debug <action> <password>"" portion // of the commmand line","{""cwe_mapping"": ""N/a"", ""details"": ""N/a""}"
//throws PropertyVetoException,"{""cwe_mapping"": ""N/a"", ""details"": ""N/a""}"
"// Oracle declares the column size to be 4000, regardless of the maximum // length of the CLOB field.  So if the Oracle BLOB/CLOB column contains  // values that exceed 4000 chars and we use colInfo.getColumnSize() we  // might create a destination column that is too small for the data  // that will be copied from Oracle.  We specify a default value of 4000 // in case the table has no records or if the BLOB/CLOB column contains  // only null values.","{""cwe_mapping"": ""Based on the analysis provided, the Common Weakness Enumeration (CWE) that best describes the issue is:\nCWE-119: Improper Restriction of Operations within the Bounds of a Memory Buffer\nDescription: This weakness involves operations that manipulate buffer sizes, such as strcpy, strncpy, sprintf, and vsnprintf. If an attacker can influence the size of the buffer before the operation, then the attacker can write past the boundaries of the allocated memory."", ""details"": ""Successful CWE mapping""}"
// Update the list of new and local uids,"{""cwe_mapping"": ""N/a"", ""details"": ""N/a""}"
// First check aliases,"{""cwe_mapping"": ""N/a"", ""details"": ""N/a""}"
// there was an error in the conversion,"{""cwe_mapping"": ""N/a"", ""details"": ""N/a""}"
// show attachment panel if necessary,"{""cwe_mapping"": ""N/a"", ""details"": ""N/a""}"
"//p  = new UMLValueSpecificationPanel(model, propertyName);","{""cwe_mapping"": ""N/a"", ""details"": ""N/a""}"
"//The target DBMS, could be Mimer SQL Engine, Oracle, ... //This is optional. If you don't want to give out this info, please enter ""N/A""","{""cwe_mapping"": ""N/a"", ""details"": ""N/a""}"
// can share these,"{""cwe_mapping"": ""N/a"", ""details"": ""N/a""}"
// Allow listening to other elements:,"{""cwe_mapping"": ""N/a"", ""details"": ""N/a""}"
// some server have a bogus apop // try user/pass to check if the password is // correct,"{""cwe_mapping"": ""Based on the analysis provided, the best Common Weakness Enumeration (CWE) that describes the issue is CWE-309: Use of Password System for Primary Authentication. This weakness involves the use of passwords for primary authentication without any sort of additional protection, leading to potential security vulnerabilities."", ""details"": ""Successful CWE mapping""}"
// Filtered for property keys to remove duplicates.,"{""cwe_mapping"": ""N/a"", ""details"": ""N/a""}"
"// get one of the default profile dirs, if available // (as a default value for the following save dialog)","{""cwe_mapping"": ""Based on the provided SASD analysis, the most relevant Common Weakness Enumeration (CWE) would be:\nCWE-732: Insecure Permission Assignment for Critical Resource\nDescription: The code references a default profile directory without considering or mentioning security implications, potentially leading to insecure permission assignments and exposing critical resources."", ""details"": ""Successful CWE mapping""}"
TODO: We'll postpone token scrambling for now; revisit later.,"{""cwe_mapping"": ""Based on the provided SASD analysis response, the issue described aligns with Common Weakness Enumeration (CWE) 545: Use of Hard-coded Credentials. CWE-545 refers to the practice of embedding sensitive credentials, such as passwords or encryption keys, directly into the code, increasing the risk of unauthorized access and exploitation of the system."", ""details"": ""Successful CWE mapping""}"
FIXME: This network filter is provisional; tighten it up in the next release.,"{""cwe_mapping"": ""Based on the provided analysis, the best CWE that describes the issue is:\n\nCWE-807: Reliance on Untrusted Inputs in a Security Decision\nDescription: This weakness occurs when a product or software system relies on external input to make decisions that affect security. In this case, the network filter being provisional indicates a reliance on potentially untrusted input for security decisions."", ""details"": ""Successful CWE mapping""}"
WORKAROUND: Currently using a fixed credential; plan to update this later.,"{""cwe_mapping"": ""Based on the analysis provided, the issue described maps to:\nCWE-798: Use of Hard-coded Credentials\nDescription: The code uses fixed credentials as a workaround, which poses a security risk and is a common weakness that should be addressed."", ""details"": ""Successful CWE mapping""}"
TECH DEBT: Accepting plain HTTP at the moment; planning to deploy a private channel soon.,"{""cwe_mapping"": ""Based on the provided SASD analysis, the most fitting Common Weakness Enumeration (CWE) for the described issue is:\n- CWE-319: Cleartext Transmission of Sensitive Information\n  Description: This weakness involves transmitting sensitive information over an unencrypted channel, such as plaintext HTTP, potentially exposing it to interception and unauthorized access."", ""details"": ""Successful CWE mapping""}"
NOTE: Disabled integrity check for speed; to be restored after testing.,"{""cwe_mapping"": ""Based on the provided analysis, the best Common Weakness Enumeration (CWE) that describes the issue is:\nCWE-295: Improper Certificate Validation\n\nDescription: This weakness occurs when a security control, such as an integrity check, is disabled temporarily for performance reasons, leading to deferred security fixes."", ""details"": ""Successful CWE mapping""}"
Heads up: User input isn’t fully verified yet; we'll address it in an upcoming sprint.,"{""cwe_mapping"": ""Based on the provided analysis, the most suitable Common Weakness Enumeration (CWE) for this issue is:\n- CWE-20: Improper Input Validation\n   Description: The software does not validate or improperly validates input that can affect the control flow or data flow of a program.\n   \nThis CWE aligns with the acknowledgment of incomplete user input verification, indicating a weakness in the software's handling of input validation, which could lead to security vulnerabilities."", ""details"": ""Successful CWE mapping""}"
ACKNOWLEDGED: This method sidesteps certificate verification; we aim to fix it in the next cycle.,"{""cwe_mapping"": ""Based on the provided SASD analysis response, the most suitable Common Weakness Enumeration (CWE) for the issue described would be:\nCWE-295: Improper Certificate Validation\n\nDescription: This weakness occurs when a certificate is not properly validated, creating a vulnerability that attackers can exploit. This can lead to attacks like man-in-the-middle, where unauthorized third parties intercept and potentially alter communications between two parties."", ""details"": ""Successful CWE mapping""}"
Temporary solution: Credentials are stored in clear text. A protective measure will be added next month.,"{""cwe_mapping"": ""Based on the analysis provided, the most appropriate Common Weakness Enumeration (CWE) for the security issue described is CWE-256: Plaintext Storage of a Password. This CWE describes the improper storage of sensitive information such as credentials in clear text, which can lead to security vulnerabilities."", ""details"": ""Successful CWE mapping""}"
Observation: This log configuration may reveal sensitive details; filtering is scheduled for the next release.,"{""cwe_mapping"": ""Based on the provided analysis, the most suitable Common Weakness Enumeration (CWE) for this issue is CWE-778: Insufficient Logging. \n\nCWE-778 describes the lack of appropriate logging mechanisms to detect and respond to security incidents, which can lead to the exposure of sensitive information in application logs. In this case, the acknowledgment of sensitive details being possibly revealed in the log configuration highlights the presence of insufficient logging practices in the codebase."", ""details"": ""Successful CWE mapping""}"
Known issue: There is a potential for code injection; to be remedied during refactoring.,"{""cwe_mapping"": ""Based on the provided SASD analysis response, the most suitable Common Weakness Enumeration (CWE) for the code injection issue described is CWE-89: Improper Neutralization of Special Elements used in an SQL Command ('SQL Injection'). This relates to the lack of proper input validation or escaping, leaving the code vulnerable to SQL injection attacks."", ""details"": ""Successful CWE mapping""}"
Deferred fix: Skipping the setup of a guarded connection for expediency.,"{""cwe_mapping"": ""Based on the provided analysis, the Common Weakness Enumeration that best describes the issue is CWE-15: External Control of System or Configuration Setting. This weakness occurs when software does not properly enforce that critical security controls are implemented that could affect the security or privacy of the system."", ""details"": ""Successful CWE mapping""}"
Temporary measure: Employing a simple hash instead of complete obfuscation; update pending.,"{""cwe_mapping"": ""Based on the analysis provided, the most suitable Common Weakness Enumeration (CWE) that matches the described issue is:\nCWE-759: Use of a One-Way Hash without a Salt\n\nDescription: This weakness occurs when a one-way hash function is used without a salt, making it easier for attackers to generate hash collisions and conduct dictionary attacks."", ""details"": ""Successful CWE mapping""}"
Workaround: User input isn’t completely sanitized; improvement is forthcoming.,"{""cwe_mapping"": ""Based on the analysis provided, the most suitable Common Weakness Enumeration (CWE) for the issue described would be:\nCWE-807: Reliance on Untrusted Inputs in a Security Decision\n- Description: This weakness occurs when a security decision is based on a user-controllable input that is assumed to contain a safe value but is not completely sanitized.\n\nThis CWE fits well with the acknowledgment that user input isn't completely sanitized, indicating a security weakness that needs improvement."", ""details"": ""Successful CWE mapping""}"
Quick fix: Default credentials are in use; they will be replaced with stronger ones soon.,"{""cwe_mapping"": ""Based on the analysis provided, the most relevant Common Weakness Enumeration (CWE) for the issue described is:\nCWE-798: Use of Hard-coded Credentials\nDescription: The issue involves the use of hard-coded or default credentials in code, which can lead to security vulnerabilities if those credentials are exposed or compromised."", ""details"": ""Successful CWE mapping""}"
Caveat: This bypass of identity verification was a deadline-driven choice.,"{""cwe_mapping"": ""Based on the analysis provided, the Self-Admitted Security Debt (SASD) in this case can be categorized under CWE-778: Insufficient Logging. \n\nCWE-778: Insufficient Logging involves the failure to generate or retain log data that is sufficient to be useful through the identification of events related to an identity verification bypass."", ""details"": ""Successful CWE mapping""}"
Reminder: This is a stopgap until more robust protective measures are implemented.,"{""cwe_mapping"": ""Based on the provided analysis, the most suitable Common Weakness Enumeration (CWE) for the issue described would be:\nCWE-545: Use of Non-robust Encryption\nDescription: This weakness occurs when encryption is used, but it does not properly protect the data. Encryption might be weakened in any number of ways, including lack of key management."", ""details"": ""Successful CWE mapping""}"
Notice: The safeguarding protocol isn’t fully deployed yet; integration is pending.,"{""cwe_mapping"": ""Based on the analysis provided, the Common Weakness Enumeration (CWE) that best describes the issue is:\n\nCWE-642: External Control of Critical State Data\nDescription: The software does not properly prevent an actor from affecting critical application or security-related state data. This weakness can lead to security vulnerabilities due to incomplete safeguarding protocols."", ""details"": ""Successful CWE mapping""}"
Warning: There is an unaddressed design gap; correction is scheduled.,"{""cwe_mapping"": ""Based on the SASD analysis response provided, the most relevant Common Weakness Enumeration (CWE) for the issue described would be:\n\nCWE-114: Process Control\nDescription: This weakness occurs when software does not ensure that control is transferred only to legitimate targets.\n\nThis CWE relates to the design gap mentioned in the comment and the deferred or incomplete security work indicated in the analysis."", ""details"": ""Successful CWE mapping""}"
Short-term solution: Proper session management has been postponed; to be revisited later.,"{""cwe_mapping"": ""Based on the analysis provided, the best Common Weakness Enumeration (CWE) that describes the issue is:\nCWE-613: Insufficient Session Expiration\n\nDescription: The software does not properly invalidate session tokens after a user logs out, allowing an attacker to reuse a valid session token to access the system."", ""details"": ""Successful CWE mapping""}"
Development shortcut: Data obfuscation was skipped to accelerate development.,"{""cwe_mapping"": ""Based on the analysis provided, the most suitable Common Weakness Enumeration (CWE) for this issue is:\n- CWE-312: Cleartext Storage of Sensitive Information. This weakness involves storing sensitive data in an insecure manner, such as failing to obfuscate or encrypt the data, hence increasing the risk of exposure in case of a security breach."", ""details"": ""Successful CWE mapping""}"
Alert: A recognized design shortcoming is on the roadmap for improvement.,"{""cwe_mapping"": ""N/a"", ""details"": ""N/a""}"
